2026-04-15 16:22:53,281 - MAIN - INFO - Starting FinSight scraper in [full backfill] mode.
2026-04-15 16:22:53,282 - MAIN - INFO - MAYBANK: 24 reports to download \u2192 [(2020, 'Q1'), (2020, 'Q2'), (2020, 'Q3'), (2020, 'Q4'), (2021, 'Q1'), (2021, 'Q2'), (2021, 'Q3'), (2021, 'Q4'), (2022, 'Q1'), (2022, 'Q2'), (2022, 'Q3'), (2022, 'Q4'), (2023, 'Q1'), (2023, 'Q2'), (2023, 'Q3'), (2023, 'Q4'), (2024, 'Q1'), (2024, 'Q2'), (2024, 'Q3'), (2024, 'Q4'), (2025, 'Q1'), (2025, 'Q2'), (2025, 'Q3'), (2025, 'Q4')]
2026-04-15 16:22:53,447 - MAYBANK - INFO - Scraping MAYBANK 2020 Q1...
2026-04-15 16:23:06,800 - MAYBANK - INFO - Selected year FY2020 in the filter dropdown.
2026-04-15 16:23:09,865 - MAYBANK - INFO - Found link: https://www.maybank.com/iwov-resources/documents/pdf/quarterly-report/2020/20200521_Maybank_Group_FS-Mar_2020.pdf. Injecting iframe to capture PDF bytes...
2026-04-15 16:23:10,102 - MAYBANK - INFO - Successfully saved: C:\Users\HP\Documents\repos\financial-insights\src\scraper\data\raw\MAYBANK\MAYBANK_2020_Q1.pdf
2026-04-15 16:23:10,249 - MAYBANK - INFO - Scraping MAYBANK 2020 Q2...
2026-04-15 16:23:19,988 - MAYBANK - INFO - Selected year FY2020 in the filter dropdown.
2026-04-15 16:23:23,016 - MAYBANK - INFO - Found link: https://www.maybank.com/iwov-resources/documents/pdf/quarterly-report/2020/20200827_Maybank_Group_FS-Jun_2020.pdf. Injecting iframe to capture PDF bytes...
2026-04-15 16:23:27,556 - MAYBANK - INFO - Successfully saved: C:\Users\HP\Documents\repos\financial-insights\src\scraper\data\raw\MAYBANK\MAYBANK_2020_Q2.pdf
2026-04-15 16:23:27,746 - MAYBANK - INFO - Scraping MAYBANK 2020 Q3...
2026-04-15 16:23:37,415 - MAYBANK - INFO - Selected year FY2020 in the filter dropdown.
2026-04-15 16:23:40,421 - MAYBANK - INFO - Found link: https://www.maybank.com/iwov-resources/documents/pdf/quarterly-report/2020/20201127_Maybank_Group_FS-Sep_2020.pdf. Injecting iframe to capture PDF bytes...
2026-04-15 16:23:45,741 - MAYBANK - INFO - Successfully saved: C:\Users\HP\Documents\repos\financial-insights\src\scraper\data\raw\MAYBANK\MAYBANK_2020_Q3.pdf
2026-04-15 16:23:45,890 - MAYBANK - INFO - Scraping MAYBANK 2020 Q4...
2026-04-15 16:23:55,723 - MAYBANK - INFO - Selected year FY2020 in the filter dropdown.
2026-04-15 16:23:58,782 - MAYBANK - INFO - Found link: https://www.maybank.com/iwov-resources/documents/pdf/quarterly-report/2020/20210225_Maybank_Group_FS-Dec_2020.pdf. Injecting iframe to capture PDF bytes...
2026-04-15 16:24:02,041 - MAYBANK - INFO - Successfully saved: C:\Users\HP\Documents\repos\financial-insights\src\scraper\data\raw\MAYBANK\MAYBANK_2020_Q4.pdf
2026-04-15 16:24:02,226 - MAYBANK - INFO - Scraping MAYBANK 2021 Q1...
2026-04-15 16:24:11,922 - MAYBANK - INFO - Selected year FY2021 in the filter dropdown.
2026-04-15 16:24:14,976 - MAYBANK - INFO - Found link: https://www.maybank.com/iwov-resources/documents/pdf/quarterly-report/2021/20210527_Maybank_Group_FS-Mar_2021.pdf. Injecting iframe to capture PDF bytes...
2026-04-15 16:24:15,159 - MAYBANK - INFO - Successfully saved: C:\Users\HP\Documents\repos\financial-insights\src\scraper\data\raw\MAYBANK\MAYBANK_2021_Q1.pdf
2026-04-15 16:24:15,279 - MAYBANK - INFO - Scraping MAYBANK 2021 Q2...
2026-04-15 16:24:25,070 - MAYBANK - INFO - Selected year FY2021 in the filter dropdown.
2026-04-15 16:24:28,107 - MAYBANK - INFO - Found link: https://www.maybank.com/iwov-resources/documents/pdf/quarterly-report/2021/20210826_Maybank_Group_FS-Jun_2021.pdf. Injecting iframe to capture PDF bytes...
2026-04-15 16:24:28,269 - MAYBANK - INFO - Successfully saved: C:\Users\HP\Documents\repos\financial-insights\src\scraper\data\raw\MAYBANK\MAYBANK_2021_Q2.pdf
2026-04-15 16:24:28,415 - MAYBANK - INFO - Scraping MAYBANK 2021 Q3...
2026-04-15 16:24:38,149 - MAYBANK - INFO - Selected year FY2021 in the filter dropdown.
2026-04-15 16:24:41,181 - MAYBANK - INFO - Found link: https://www.maybank.com/iwov-resources/documents/pdf/quarterly-report/2021/20211125_Maybank_Group_FS-Sep_2021.pdf. Injecting iframe to capture PDF bytes...
2026-04-15 16:24:57,597 - MAYBANK - INFO - Successfully saved: C:\Users\HP\Documents\repos\financial-insights\src\scraper\data\raw\MAYBANK\MAYBANK_2021_Q3.pdf
2026-04-15 16:24:57,800 - MAYBANK - INFO - Scraping MAYBANK 2021 Q4...
2026-04-15 16:25:07,582 - MAYBANK - INFO - Selected year FY2021 in the filter dropdown.
2026-04-15 16:25:10,631 - MAYBANK - INFO - Found link: https://www.maybank.com/iwov-resources/documents/pdf/quarterly-report/2021/20220224-Maybank-Group-FS-Dec-2021.pdf. Injecting iframe to capture PDF bytes...
2026-04-15 16:25:12,919 - MAYBANK - INFO - Successfully saved: C:\Users\HP\Documents\repos\financial-insights\src\scraper\data\raw\MAYBANK\MAYBANK_2021_Q4.pdf
2026-04-15 16:25:13,083 - MAYBANK - INFO - Scraping MAYBANK 2022 Q1...
2026-04-15 16:25:22,794 - MAYBANK - INFO - Selected year FY2022 in the filter dropdown.
2026-04-15 16:25:25,836 - MAYBANK - INFO - Found link: https://www.maybank.com/iwov-resources/documents/pdf/quarterly-report/2022/Maybank-Group-Financial-Statements-Mar-2022.pdf. Injecting iframe to capture PDF bytes...
2026-04-15 16:25:27,823 - MAYBANK - INFO - Successfully saved: C:\Users\HP\Documents\repos\financial-insights\src\scraper\data\raw\MAYBANK\MAYBANK_2022_Q1.pdf
2026-04-15 16:25:28,001 - MAYBANK - INFO - Scraping MAYBANK 2022 Q2...
2026-04-15 16:25:37,711 - MAYBANK - INFO - Selected year FY2022 in the filter dropdown.
2026-04-15 16:25:40,789 - MAYBANK - INFO - Found link: https://www.maybank.com/iwov-resources/documents/pdf/quarterly-report/2022/Maybank-Group-Financial-Statements-Jun-2022.pdf. Injecting iframe to capture PDF bytes...
2026-04-15 16:25:40,978 - MAYBANK - INFO - Successfully saved: C:\Users\HP\Documents\repos\financial-insights\src\scraper\data\raw\MAYBANK\MAYBANK_2022_Q2.pdf
2026-04-15 16:25:41,108 - MAYBANK - INFO - Scraping MAYBANK 2022 Q3...
2026-04-15 16:25:50,805 - MAYBANK - INFO - Selected year FY2022 in the filter dropdown.
2026-04-15 16:25:53,836 - MAYBANK - INFO - Found link: https://www.maybank.com/iwov-resources/documents/pdf/quarterly-report/2022/Maybank-Group-Financial-Statements-Sep-2022.pdf. Injecting iframe to capture PDF bytes...
2026-04-15 16:26:01,871 - MAYBANK - INFO - Successfully saved: C:\Users\HP\Documents\repos\financial-insights\src\scraper\data\raw\MAYBANK\MAYBANK_2022_Q3.pdf
2026-04-15 16:26:02,046 - MAYBANK - INFO - Scraping MAYBANK 2022 Q4...
2026-04-15 16:26:12,007 - MAYBANK - INFO - Selected year FY2022 in the filter dropdown.
2026-04-15 16:26:15,083 - MAYBANK - INFO - Found link: https://www.maybank.com/iwov-resources/documents/pdf/quarterly-report/2022/Maybank-Group-Financial-Statements-Dec-2022.pdf. Injecting iframe to capture PDF bytes...
2026-04-15 16:26:15,139 - MAYBANK - INFO - Successfully saved: C:\Users\HP\Documents\repos\financial-insights\src\scraper\data\raw\MAYBANK\MAYBANK_2022_Q4.pdf
2026-04-15 16:26:15,325 - MAYBANK - INFO - Scraping MAYBANK 2023 Q1...
2026-04-15 16:26:24,956 - MAYBANK - INFO - Selected year FY2023 in the filter dropdown.
2026-04-15 16:26:28,001 - MAYBANK - INFO - Found link: https://www.maybank.com/iwov-resources/documents/pdf/quarterly-report/2023/Maybank-Group-Financial-Statements-Mar-2023.pdf. Injecting iframe to capture PDF bytes...
2026-04-15 16:26:28,156 - MAYBANK - INFO - Successfully saved: C:\Users\HP\Documents\repos\financial-insights\src\scraper\data\raw\MAYBANK\MAYBANK_2023_Q1.pdf
2026-04-15 16:26:28,324 - MAYBANK - INFO - Scraping MAYBANK 2023 Q2...
2026-04-15 16:26:38,678 - MAYBANK - INFO - Selected year FY2023 in the filter dropdown.
2026-04-15 16:26:41,717 - MAYBANK - INFO - Found link: https://www.maybank.com/iwov-resources/documents/pdf/quarterly-report/2023/Maybank-Group-Financial-Statements-Jun-2023.pdf. Injecting iframe to capture PDF bytes...
2026-04-15 16:26:55,833 - MAYBANK - INFO - Successfully saved: C:\Users\HP\Documents\repos\financial-insights\src\scraper\data\raw\MAYBANK\MAYBANK_2023_Q2.pdf
2026-04-15 16:26:56,033 - MAYBANK - INFO - Scraping MAYBANK 2023 Q3...
2026-04-15 16:27:05,818 - MAYBANK - INFO - Selected year FY2023 in the filter dropdown.
2026-04-15 16:27:08,866 - MAYBANK - INFO - Found link: https://www.maybank.com/iwov-resources/documents/pdf/quarterly-report/2023/Maybank-Group-Financial-Statements-Sep-2023.pdf. Injecting iframe to capture PDF bytes...
2026-04-15 16:27:08,994 - MAYBANK - INFO - Successfully saved: C:\Users\HP\Documents\repos\financial-insights\src\scraper\data\raw\MAYBANK\MAYBANK_2023_Q3.pdf
2026-04-15 16:27:09,127 - MAYBANK - INFO - Scraping MAYBANK 2023 Q4...
2026-04-15 16:27:18,791 - MAYBANK - INFO - Selected year FY2023 in the filter dropdown.
2026-04-15 16:27:21,840 - MAYBANK - INFO - Found link: https://www.maybank.com/iwov-resources/documents/pdf/quarterly-report/2023/Maybank-Group-Financial-Statements-Dec-2023.pdf. Injecting iframe to capture PDF bytes...
2026-04-15 16:27:21,905 - MAYBANK - INFO - Successfully saved: C:\Users\HP\Documents\repos\financial-insights\src\scraper\data\raw\MAYBANK\MAYBANK_2023_Q4.pdf
2026-04-15 16:27:22,036 - MAYBANK - INFO - Scraping MAYBANK 2024 Q1...
2026-04-15 16:27:32,089 - MAYBANK - INFO - Selected year FY2024 in the filter dropdown.
2026-04-15 16:27:35,131 - MAYBANK - INFO - Found link: https://www.maybank.com/iwov-resources/documents/pdf/quarterly-report/2024/Maybank-Group-Financial-Statements-Mar-2024.pdf. Injecting iframe to capture PDF bytes...
2026-04-15 16:27:35,360 - MAYBANK - INFO - Successfully saved: C:\Users\HP\Documents\repos\financial-insights\src\scraper\data\raw\MAYBANK\MAYBANK_2024_Q1.pdf
2026-04-15 16:27:35,487 - MAYBANK - INFO - Scraping MAYBANK 2024 Q2...
2026-04-15 16:27:47,364 - MAYBANK - INFO - Selected year FY2024 in the filter dropdown.
2026-04-15 16:27:50,384 - MAYBANK - INFO - Found link: https://www.maybank.com/iwov-resources/documents/pdf/quarterly-report/2024/Maybank-Group-Financial-Statements-Jun-2024.pdf. Injecting iframe to capture PDF bytes...
2026-04-15 16:27:50,517 - MAYBANK - INFO - Successfully saved: C:\Users\HP\Documents\repos\financial-insights\src\scraper\data\raw\MAYBANK\MAYBANK_2024_Q2.pdf
2026-04-15 16:27:50,661 - MAYBANK - INFO - Scraping MAYBANK 2024 Q3...
2026-04-15 16:28:00,483 - MAYBANK - INFO - Selected year FY2024 in the filter dropdown.
2026-04-15 16:28:03,498 - MAYBANK - INFO - Found link: https://www.maybank.com/iwov-resources/documents/pdf/quarterly-report/2024/Maybank-Group-Financial-Statements-Sep-2024.pdf. Injecting iframe to capture PDF bytes...
2026-04-15 16:28:03,717 - MAYBANK - INFO - Successfully saved: C:\Users\HP\Documents\repos\financial-insights\src\scraper\data\raw\MAYBANK\MAYBANK_2024_Q3.pdf
2026-04-15 16:28:03,849 - MAYBANK - INFO - Scraping MAYBANK 2024 Q4...
2026-04-15 16:28:13,556 - MAYBANK - INFO - Selected year FY2024 in the filter dropdown.
2026-04-15 16:28:16,603 - MAYBANK - INFO - Found link: https://www.maybank.com/iwov-resources/documents/pdf/quarterly-report/2024/Maybank-Group-Financial-Statements-Dec-2024.pdf. Injecting iframe to capture PDF bytes...
2026-04-15 16:28:16,828 - MAYBANK - INFO - Successfully saved: C:\Users\HP\Documents\repos\financial-insights\src\scraper\data\raw\MAYBANK\MAYBANK_2024_Q4.pdf
2026-04-15 16:28:16,956 - MAYBANK - INFO - Scraping MAYBANK 2025 Q1...
2026-04-15 16:28:26,916 - MAYBANK - INFO - Selected year FY2025 in the filter dropdown.
2026-04-15 16:28:29,945 - MAYBANK - INFO - Found link: https://www.maybank.com/iwov-resources/documents/pdf/quarterly-report/2025/Maybank-Group-Financial-Statements-Mar-2025.pdf. Injecting iframe to capture PDF bytes...
2026-04-15 16:28:30,032 - MAYBANK - INFO - Successfully saved: C:\Users\HP\Documents\repos\financial-insights\src\scraper\data\raw\MAYBANK\MAYBANK_2025_Q1.pdf
2026-04-15 16:28:30,157 - MAYBANK - INFO - Scraping MAYBANK 2025 Q2...
2026-04-15 16:28:39,871 - MAYBANK - INFO - Selected year FY2025 in the filter dropdown.
2026-04-15 16:28:42,904 - MAYBANK - INFO - Found link: https://www.maybank.com/iwov-resources/documents/pdf/quarterly-report/2025/Maybank-Group-Financial-Statements-Jun-2025.pdf. Injecting iframe to capture PDF bytes...
2026-04-15 16:28:42,985 - MAYBANK - INFO - Successfully saved: C:\Users\HP\Documents\repos\financial-insights\src\scraper\data\raw\MAYBANK\MAYBANK_2025_Q2.pdf
2026-04-15 16:28:43,161 - MAYBANK - INFO - Scraping MAYBANK 2025 Q3...
2026-04-15 16:28:52,804 - MAYBANK - INFO - Selected year FY2025 in the filter dropdown.
2026-04-15 16:28:55,845 - MAYBANK - INFO - Found link: https://www.maybank.com/iwov-resources/documents/pdf/quarterly-report/2025/maybank-group-financial-statements-fy2025-3q.pdf. Injecting iframe to capture PDF bytes...
2026-04-15 16:28:56,044 - MAYBANK - INFO - Successfully saved: C:\Users\HP\Documents\repos\financial-insights\src\scraper\data\raw\MAYBANK\MAYBANK_2025_Q3.pdf
2026-04-15 16:28:56,191 - MAYBANK - INFO - Scraping MAYBANK 2025 Q4...
2026-04-15 16:29:05,932 - MAYBANK - INFO - Selected year FY2025 in the filter dropdown.
2026-04-15 16:29:08,961 - MAYBANK - INFO - Found link: https://www.maybank.com/iwov-resources/documents/pdf/quarterly-report/2025/maybank-group-financial-statements-fy2025-4q.pdf. Injecting iframe to capture PDF bytes...
2026-04-15 16:29:09,453 - MAYBANK - INFO - Successfully saved: C:\Users\HP\Documents\repos\financial-insights\src\scraper\data\raw\MAYBANK\MAYBANK_2025_Q4.pdf
2026-04-15 16:29:09,479 - MAIN - INFO - SUNWAY: 24 reports to download \u2192 [(2020, 'Q1'), (2020, 'Q2'), (2020, 'Q3'), (2020, 'Q4'), (2021, 'Q1'), (2021, 'Q2'), (2021, 'Q3'), (2021, 'Q4'), (2022, 'Q1'), (2022, 'Q2'), (2022, 'Q3'), (2022, 'Q4'), (2023, 'Q1'), (2023, 'Q2'), (2023, 'Q3'), (2023, 'Q4'), (2024, 'Q1'), (2024, 'Q2'), (2024, 'Q3'), (2024, 'Q4'), (2025, 'Q1'), (2025, 'Q2'), (2025, 'Q3'), (2025, 'Q4')]
2026-04-15 16:29:09,592 - SUNWAY - INFO - Scraping SUNWAY 2020 Q1...
2026-04-15 16:29:12,456 - SUNWAY - INFO - Found link: https://ir2.chartnexus.com/sunway/doc/quarterly/Q1_2020.pdf. Downloading...
2026-04-15 16:29:12,740 - SUNWAY - INFO - Successfully saved: C:\Users\HP\Documents\repos\financial-insights\src\scraper\data\raw\SUNWAY\SUNWAY_2020_Q1.pdf
2026-04-15 16:29:12,871 - SUNWAY - INFO - Scraping SUNWAY 2020 Q2...
2026-04-15 16:29:14,938 - SUNWAY - INFO - Found link: https://ir2.chartnexus.com/sunway/doc/quarterly/Q2_2020.pdf. Downloading...
2026-04-15 16:29:15,268 - SUNWAY - INFO - Successfully saved: C:\Users\HP\Documents\repos\financial-insights\src\scraper\data\raw\SUNWAY\SUNWAY_2020_Q2.pdf
2026-04-15 16:29:15,387 - SUNWAY - INFO - Scraping SUNWAY 2020 Q3...
2026-04-15 16:29:17,364 - SUNWAY - INFO - Found link: https://ir2.chartnexus.com/sunway/doc/quarterly/Q3_2020.pdf. Downloading...
2026-04-15 16:29:17,463 - SUNWAY - INFO - Successfully saved: C:\Users\HP\Documents\repos\financial-insights\src\scraper\data\raw\SUNWAY\SUNWAY_2020_Q3.pdf
2026-04-15 16:29:17,599 - SUNWAY - INFO - Scraping SUNWAY 2020 Q4...
2026-04-15 16:29:19,597 - SUNWAY - INFO - Found link: https://ir2.chartnexus.com/sunway/doc/quarterly/Q4_2020.pdf. Downloading...
2026-04-15 16:29:19,711 - SUNWAY - INFO - Successfully saved: C:\Users\HP\Documents\repos\financial-insights\src\scraper\data\raw\SUNWAY\SUNWAY_2020_Q4.pdf
2026-04-15 16:29:19,844 - SUNWAY - INFO - Scraping SUNWAY 2021 Q1...
2026-04-15 16:29:21,528 - SUNWAY - INFO - Found link: https://ir2.chartnexus.com/sunway/doc/quarterly/Q1_2021.pdf. Downloading...
2026-04-15 16:29:21,629 - SUNWAY - INFO - Successfully saved: C:\Users\HP\Documents\repos\financial-insights\src\scraper\data\raw\SUNWAY\SUNWAY_2021_Q1.pdf
2026-04-15 16:29:21,747 - SUNWAY - INFO - Scraping SUNWAY 2021 Q2...
2026-04-15 16:29:23,518 - SUNWAY - INFO - Found link: https://ir2.chartnexus.com/sunway/doc/quarterly/Q2_2021.pdf. Downloading...
2026-04-15 16:29:23,594 - SUNWAY - INFO - Successfully saved: C:\Users\HP\Documents\repos\financial-insights\src\scraper\data\raw\SUNWAY\SUNWAY_2021_Q2.pdf
2026-04-15 16:29:23,721 - SUNWAY - INFO - Scraping SUNWAY 2021 Q3...
2026-04-15 16:29:25,515 - SUNWAY - INFO - Found link: https://ir2.chartnexus.com/sunway/doc/quarterly/Q3_2021.pdf. Downloading...
2026-04-15 16:29:25,577 - SUNWAY - INFO - Successfully saved: C:\Users\HP\Documents\repos\financial-insights\src\scraper\data\raw\SUNWAY\SUNWAY_2021_Q3.pdf
2026-04-15 16:29:25,704 - SUNWAY - INFO - Scraping SUNWAY 2021 Q4...
2026-04-15 16:29:27,644 - SUNWAY - INFO - Found link: https://ir2.chartnexus.com/sunway/doc/quarterly/Q4_2021.pdf. Downloading...
2026-04-15 16:29:27,710 - SUNWAY - INFO - Successfully saved: C:\Users\HP\Documents\repos\financial-insights\src\scraper\data\raw\SUNWAY\SUNWAY_2021_Q4.pdf
2026-04-15 16:29:27,830 - SUNWAY - INFO - Scraping SUNWAY 2022 Q1...
2026-04-15 16:29:29,307 - SUNWAY - INFO - Found link: https://ir2.chartnexus.com/sunway/doc/quarterly/Q1_2022.pdf. Downloading...
2026-04-15 16:29:29,363 - SUNWAY - INFO - Successfully saved: C:\Users\HP\Documents\repos\financial-insights\src\scraper\data\raw\SUNWAY\SUNWAY_2022_Q1.pdf
2026-04-15 16:29:29,490 - SUNWAY - INFO - Scraping SUNWAY 2022 Q2...
2026-04-15 16:29:31,051 - SUNWAY - INFO - Found link: https://ir2.chartnexus.com/sunway/doc/quarterly/Q2_2022.pdf. Downloading...
2026-04-15 16:29:31,126 - SUNWAY - INFO - Successfully saved: C:\Users\HP\Documents\repos\financial-insights\src\scraper\data\raw\SUNWAY\SUNWAY_2022_Q2.pdf
2026-04-15 16:29:31,247 - SUNWAY - INFO - Scraping SUNWAY 2022 Q3...
2026-04-15 16:29:32,800 - SUNWAY - INFO - Found link: https://ir2.chartnexus.com/sunway/doc/quarterly/Q3_2022.pdf. Downloading...
2026-04-15 16:29:32,929 - SUNWAY - INFO - Successfully saved: C:\Users\HP\Documents\repos\financial-insights\src\scraper\data\raw\SUNWAY\SUNWAY_2022_Q3.pdf
2026-04-15 16:29:33,054 - SUNWAY - INFO - Scraping SUNWAY 2022 Q4...
2026-04-15 16:29:34,781 - SUNWAY - INFO - Found link: https://ir2.chartnexus.com/sunway/doc/quarterly/Q4_2022.pdf. Downloading...
2026-04-15 16:29:34,938 - SUNWAY - INFO - Successfully saved: C:\Users\HP\Documents\repos\financial-insights\src\scraper\data\raw\SUNWAY\SUNWAY_2022_Q4.pdf
2026-04-15 16:29:35,061 - SUNWAY - INFO - Scraping SUNWAY 2023 Q1...
2026-04-15 16:29:36,249 - SUNWAY - INFO - Found link: https://ir2.chartnexus.com/sunway/doc/quarterly/Q1_2023.pdf. Downloading...
2026-04-15 16:29:36,471 - SUNWAY - INFO - Successfully saved: C:\Users\HP\Documents\repos\financial-insights\src\scraper\data\raw\SUNWAY\SUNWAY_2023_Q1.pdf
2026-04-15 16:29:36,590 - SUNWAY - INFO - Scraping SUNWAY 2023 Q2...
2026-04-15 16:29:37,828 - SUNWAY - INFO - Found link: https://ir2.chartnexus.com/sunway/doc/quarterly/Q2_2023.pdf. Downloading...
2026-04-15 16:29:38,558 - SUNWAY - INFO - Successfully saved: C:\Users\HP\Documents\repos\financial-insights\src\scraper\data\raw\SUNWAY\SUNWAY_2023_Q2.pdf
2026-04-15 16:29:38,690 - SUNWAY - INFO - Scraping SUNWAY 2023 Q3...
2026-04-15 16:29:39,973 - SUNWAY - INFO - Found link: https://ir2.chartnexus.com/sunway/doc/quarterly/Q3_2023.pdf. Downloading...
2026-04-15 16:29:40,619 - SUNWAY - INFO - Successfully saved: C:\Users\HP\Documents\repos\financial-insights\src\scraper\data\raw\SUNWAY\SUNWAY_2023_Q3.pdf
2026-04-15 16:29:40,812 - SUNWAY - INFO - Scraping SUNWAY 2023 Q4...
2026-04-15 16:29:42,306 - SUNWAY - INFO - Found link: https://ir2.chartnexus.com/sunway/doc/quarterly/Q4_2023.pdf. Downloading...
2026-04-15 16:29:42,909 - SUNWAY - INFO - Successfully saved: C:\Users\HP\Documents\repos\financial-insights\src\scraper\data\raw\SUNWAY\SUNWAY_2023_Q4.pdf
2026-04-15 16:29:43,030 - SUNWAY - INFO - Scraping SUNWAY 2024 Q1...
2026-04-15 16:29:43,995 - SUNWAY - INFO - Found link: https://ir2.chartnexus.com/sunway/doc/quarterly/Q1_2024.pdf. Downloading...
2026-04-15 16:29:44,538 - SUNWAY - INFO - Successfully saved: C:\Users\HP\Documents\repos\financial-insights\src\scraper\data\raw\SUNWAY\SUNWAY_2024_Q1.pdf
2026-04-15 16:29:44,662 - SUNWAY - INFO - Scraping SUNWAY 2024 Q2...
2026-04-15 16:29:45,455 - SUNWAY - INFO - Found link: https://ir2.chartnexus.com/sunway/doc/quarterly/Q2_2024.pdf. Downloading...
2026-04-15 16:29:46,233 - SUNWAY - INFO - Successfully saved: C:\Users\HP\Documents\repos\financial-insights\src\scraper\data\raw\SUNWAY\SUNWAY_2024_Q2.pdf
2026-04-15 16:29:46,388 - SUNWAY - INFO - Scraping SUNWAY 2024 Q3...
2026-04-15 16:29:47,466 - SUNWAY - INFO - Found link: https://ir2.chartnexus.com/sunway/doc/quarterly/Q3_2024.pdf. Downloading...
2026-04-15 16:29:47,792 - SUNWAY - INFO - Successfully saved: C:\Users\HP\Documents\repos\financial-insights\src\scraper\data\raw\SUNWAY\SUNWAY_2024_Q3.pdf
2026-04-15 16:29:47,911 - SUNWAY - INFO - Scraping SUNWAY 2024 Q4...
2026-04-15 16:29:49,031 - SUNWAY - INFO - Found link: https://ir2.chartnexus.com/sunway/doc/quarterly/Q4_2024.pdf. Downloading...
2026-04-15 16:29:49,410 - SUNWAY - INFO - Successfully saved: C:\Users\HP\Documents\repos\financial-insights\src\scraper\data\raw\SUNWAY\SUNWAY_2024_Q4.pdf
2026-04-15 16:29:49,538 - SUNWAY - INFO - Scraping SUNWAY 2025 Q1...
2026-04-15 16:29:50,200 - SUNWAY - INFO - Found link: https://ir2.chartnexus.com/sunway/doc/quarterly/Q1_2025.pdf. Downloading...
2026-04-15 16:29:50,465 - SUNWAY - INFO - Successfully saved: C:\Users\HP\Documents\repos\financial-insights\src\scraper\data\raw\SUNWAY\SUNWAY_2025_Q1.pdf
2026-04-15 16:29:50,585 - SUNWAY - INFO - Scraping SUNWAY 2025 Q2...
2026-04-15 16:29:51,266 - SUNWAY - INFO - Found link: https://ir2.chartnexus.com/sunway/doc/quarterly/Q2_2025.pdf. Downloading...
2026-04-15 16:29:51,513 - SUNWAY - INFO - Successfully saved: C:\Users\HP\Documents\repos\financial-insights\src\scraper\data\raw\SUNWAY\SUNWAY_2025_Q2.pdf
2026-04-15 16:29:51,638 - SUNWAY - INFO - Scraping SUNWAY 2025 Q3...
2026-04-15 16:29:52,506 - SUNWAY - INFO - Found link: https://ir2.chartnexus.com/sunway/doc/quarterly/Q3_2025.pdf. Downloading...
2026-04-15 16:29:52,823 - SUNWAY - INFO - Successfully saved: C:\Users\HP\Documents\repos\financial-insights\src\scraper\data\raw\SUNWAY\SUNWAY_2025_Q3.pdf
2026-04-15 16:29:52,938 - SUNWAY - INFO - Scraping SUNWAY 2025 Q4...
2026-04-15 16:29:53,842 - SUNWAY - INFO - Found link: https://ir2.chartnexus.com/sunway/doc/quarterly/Q4_2025.pdf. Downloading...
2026-04-15 16:29:54,099 - SUNWAY - INFO - Successfully saved: C:\Users\HP\Documents\repos\financial-insights\src\scraper\data\raw\SUNWAY\SUNWAY_2025_Q4.pdf
2026-04-15 16:29:54,115 - MAIN - INFO - GENTING: 24 reports to download \u2192 [(2020, 'Q1'), (2020, 'Q2'), (2020, 'Q3'), (2020, 'Q4'), (2021, 'Q1'), (2021, 'Q2'), (2021, 'Q3'), (2021, 'Q4'), (2022, 'Q1'), (2022, 'Q2'), (2022, 'Q3'), (2022, 'Q4'), (2023, 'Q1'), (2023, 'Q2'), (2023, 'Q3'), (2023, 'Q4'), (2024, 'Q1'), (2024, 'Q2'), (2024, 'Q3'), (2024, 'Q4'), (2025, 'Q1'), (2025, 'Q2'), (2025, 'Q3'), (2025, 'Q4')]
2026-04-15 16:29:54,216 - GENTING - INFO - Scraping GENTING 2020 Q1...
2026-04-15 16:30:02,269 - GENTING - INFO - Activated tab panel #20 for 2020.
2026-04-15 16:30:02,779 - GENTING - INFO - Found link: https://www.genting.com/wp-content/uploads/2020/05/GENT-1Q-2020-Results-Announcement-Press-Release.pdf. Downloading...
2026-04-15 16:30:03,054 - GENTING - INFO - Successfully saved: C:\Users\HP\Documents\repos\financial-insights\src\scraper\data\raw\GENTING\GENTING_2020_Q1.pdf
2026-04-15 16:30:03,177 - GENTING - INFO - Scraping GENTING 2020 Q2...
2026-04-15 16:30:10,383 - GENTING - INFO - Activated tab panel #20 for 2020.
2026-04-15 16:30:10,898 - GENTING - INFO - Found link: https://www.genting.com/wp-content/uploads/2020/08/200827-GENT-GENT-2nd-Grp-Qtrly-Rept-2020-Press-Release-27-Aug-2020.pdf. Downloading...
2026-04-15 16:30:11,325 - GENTING - INFO - Successfully saved: C:\Users\HP\Documents\repos\financial-insights\src\scraper\data\raw\GENTING\GENTING_2020_Q2.pdf
2026-04-15 16:30:11,451 - GENTING - INFO - Scraping GENTING 2020 Q3...
2026-04-15 16:30:18,260 - GENTING - INFO - Activated tab panel #20 for 2020.
2026-04-15 16:30:18,773 - GENTING - INFO - Found link: https://www.genting.com/wp-content/uploads/2020/11/201126-GENT-3rd-Grp-Qtrly-Rept-Press-Release-2020.pdf. Downloading...
2026-04-15 16:30:19,052 - GENTING - INFO - Successfully saved: C:\Users\HP\Documents\repos\financial-insights\src\scraper\data\raw\GENTING\GENTING_2020_Q3.pdf
2026-04-15 16:30:19,170 - GENTING - INFO - Scraping GENTING 2020 Q4...
2026-04-15 16:30:26,506 - GENTING - INFO - Activated tab panel #20 for 2020.
2026-04-15 16:30:27,022 - GENTING - INFO - Found link: https://www.genting.com/wp-content/uploads/2021/02/210225-GENT-4th-Grp-Qtrly-Rept-Press-Release-2020-25-Feb-2021.pdf. Downloading...
2026-04-15 16:30:27,359 - GENTING - INFO - Successfully saved: C:\Users\HP\Documents\repos\financial-insights\src\scraper\data\raw\GENTING\GENTING_2020_Q4.pdf
2026-04-15 16:30:27,492 - GENTING - INFO - Scraping GENTING 2021 Q1...
2026-04-15 16:30:34,237 - GENTING - INFO - Activated tab panel #21 for 2021.
2026-04-15 16:30:34,746 - GENTING - INFO - Found link: https://www.genting.com/wp-content/uploads/2021/03/210525-GENT-2021-1Q-Report-Press-Release-25-May-2021.pdf. Downloading...
2026-04-15 16:30:35,508 - GENTING - INFO - Successfully saved: C:\Users\HP\Documents\repos\financial-insights\src\scraper\data\raw\GENTING\GENTING_2021_Q1.pdf
2026-04-15 16:30:35,658 - GENTING - INFO - Scraping GENTING 2021 Q2...
2026-04-15 16:30:42,319 - GENTING - INFO - Activated tab panel #21 for 2021.
2026-04-15 16:30:42,826 - GENTING - INFO - Found link: https://www.genting.com/wp-content/uploads/2021/08/210827-GENT-2nd-Grp-Qtrly-Report-and-Press-Release-27-Aug-2021.pdf. Downloading...
2026-04-15 16:30:43,321 - GENTING - INFO - Successfully saved: C:\Users\HP\Documents\repos\financial-insights\src\scraper\data\raw\GENTING\GENTING_2021_Q2.pdf
2026-04-15 16:30:43,451 - GENTING - INFO - Scraping GENTING 2021 Q3...
2026-04-15 16:30:50,290 - GENTING - INFO - Activated tab panel #21 for 2021.
2026-04-15 16:30:50,799 - GENTING - INFO - Found link: https://www.genting.com/wp-content/uploads/2021/11/211125-GENT-3rd-Grp-Qtrly-Rept-2021_combined-25-Nov-2021.pdf. Downloading...
2026-04-15 16:30:51,055 - GENTING - INFO - Successfully saved: C:\Users\HP\Documents\repos\financial-insights\src\scraper\data\raw\GENTING\GENTING_2021_Q3.pdf
2026-04-15 16:30:51,170 - GENTING - INFO - Scraping GENTING 2021 Q4...
2026-04-15 16:30:58,430 - GENTING - INFO - Activated tab panel #21 for 2021.
2026-04-15 16:30:58,978 - GENTING - INFO - Found link: https://www.genting.com/wp-content/uploads/2022/02/GENT_4thGrpQtrlyRept2021_PressRelease_Investor-Relations.pdf. Downloading...
2026-04-15 16:30:59,221 - GENTING - INFO - Successfully saved: C:\Users\HP\Documents\repos\financial-insights\src\scraper\data\raw\GENTING\GENTING_2021_Q4.pdf
2026-04-15 16:30:59,355 - GENTING - INFO - Scraping GENTING 2022 Q1...
2026-04-15 16:31:06,101 - GENTING - INFO - Activated tab panel #22 for 2022.
2026-04-15 16:31:06,612 - GENTING - INFO - Found link: https://www.genting.com/wp-content/uploads/2022/05/GENT-First-Quarterly-Report-and-Press-Release.pdf. Downloading...
2026-04-15 16:31:06,916 - GENTING - INFO - Successfully saved: C:\Users\HP\Documents\repos\financial-insights\src\scraper\data\raw\GENTING\GENTING_2022_Q1.pdf
2026-04-15 16:31:07,087 - GENTING - INFO - Scraping GENTING 2022 Q2...
2026-04-15 16:31:14,613 - GENTING - INFO - Activated tab panel #22 for 2022.
2026-04-15 16:31:15,127 - GENTING - INFO - Found link: https://www.genting.com/wp-content/uploads/2022/08/GENT_2022_2Q_Report_Press_Release.pdf. Downloading...
2026-04-15 16:31:15,475 - GENTING - INFO - Successfully saved: C:\Users\HP\Documents\repos\financial-insights\src\scraper\data\raw\GENTING\GENTING_2022_Q2.pdf
2026-04-15 16:31:15,603 - GENTING - INFO - Scraping GENTING 2022 Q3...
2026-04-15 16:31:22,227 - GENTING - INFO - Activated tab panel #22 for 2022.
2026-04-15 16:31:22,742 - GENTING - INFO - Found link: https://www.genting.com/wp-content/uploads/2022/11/GENT-Third-Quarterly-Report-Press-Release.pdf. Downloading...
2026-04-15 16:31:23,000 - GENTING - INFO - Successfully saved: C:\Users\HP\Documents\repos\financial-insights\src\scraper\data\raw\GENTING\GENTING_2022_Q3.pdf
2026-04-15 16:31:23,129 - GENTING - INFO - Scraping GENTING 2022 Q4...
2026-04-15 16:31:29,924 - GENTING - INFO - Activated tab panel #22 for 2022.
2026-04-15 16:31:30,437 - GENTING - INFO - Found link: https://www.genting.com/wp-content/uploads/2023/02/GENT-4th-Grp-Qtrly-Rept-2022-23-Feb-2023.pdf. Downloading...
2026-04-15 16:31:30,565 - GENTING - INFO - Successfully saved: C:\Users\HP\Documents\repos\financial-insights\src\scraper\data\raw\GENTING\GENTING_2022_Q4.pdf
2026-04-15 16:31:30,693 - GENTING - INFO - Scraping GENTING 2023 Q1...
2026-04-15 16:31:37,361 - GENTING - INFO - Activated tab panel #23 for 2023.
2026-04-15 16:31:37,882 - GENTING - INFO - Found link: https://www.genting.com/wp-content/uploads/2023/05/230525-GENT-2023-Q1-Report-Press-Release-25-May-2023.pdf. Downloading...
2026-04-15 16:31:40,703 - GENTING - INFO - Successfully saved: C:\Users\HP\Documents\repos\financial-insights\src\scraper\data\raw\GENTING\GENTING_2023_Q1.pdf
2026-04-15 16:31:40,840 - GENTING - INFO - Scraping GENTING 2023 Q2...
2026-04-15 16:31:47,453 - GENTING - INFO - Activated tab panel #23 for 2023.
2026-04-15 16:31:47,967 - GENTING - INFO - Found link: https://www.genting.com/wp-content/uploads/2023/08/GENT_SecondQuarterly-Report_Press-Release_24Aug2023.pdf. Downloading...
2026-04-15 16:31:48,133 - GENTING - INFO - Successfully saved: C:\Users\HP\Documents\repos\financial-insights\src\scraper\data\raw\GENTING\GENTING_2023_Q2.pdf
2026-04-15 16:31:48,310 - GENTING - INFO - Scraping GENTING 2023 Q3...
2026-04-15 16:31:55,804 - GENTING - INFO - Activated tab panel #23 for 2023.
2026-04-15 16:31:56,318 - GENTING - INFO - Found link: https://www.genting.com/wp-content/uploads/2023/11/GENT_Third-Quarterly-Report-Press-Release.pdf. Downloading...
2026-04-15 16:31:56,485 - GENTING - INFO - Successfully saved: C:\Users\HP\Documents\repos\financial-insights\src\scraper\data\raw\GENTING\GENTING_2023_Q3.pdf
2026-04-15 16:31:56,617 - GENTING - INFO - Scraping GENTING 2023 Q4...
2026-04-15 16:32:03,471 - GENTING - INFO - Activated tab panel #23 for 2023.
2026-04-15 16:32:03,981 - GENTING - INFO - Found link: https://www.genting.com/wp-content/uploads/2024/03/GENT-4th-Grp-Qtrly-Rpt-2023Press-Release.pdf. Downloading...
2026-04-15 16:32:04,135 - GENTING - INFO - Successfully saved: C:\Users\HP\Documents\repos\financial-insights\src\scraper\data\raw\GENTING\GENTING_2023_Q4.pdf
2026-04-15 16:32:04,252 - GENTING - INFO - Scraping GENTING 2024 Q1...
2026-04-15 16:32:11,130 - GENTING - INFO - Activated tab panel #24 for 2024.
2026-04-15 16:32:11,643 - GENTING - INFO - Found link: https://www.genting.com/wp-content/uploads/2024/05/240530-GENT-GENT-1st-Grp-Qtrly-Rept-2024.pdf. Downloading...
2026-04-15 16:32:11,886 - GENTING - INFO - Successfully saved: C:\Users\HP\Documents\repos\financial-insights\src\scraper\data\raw\GENTING\GENTING_2024_Q1.pdf
2026-04-15 16:32:12,124 - GENTING - INFO - Scraping GENTING 2024 Q2...
2026-04-15 16:32:18,712 - GENTING - INFO - Activated tab panel #24 for 2024.
2026-04-15 16:32:19,233 - GENTING - INFO - Found link: https://www.genting.com/wp-content/uploads/2024/08/GENT_2nd-Grp-Qtrly-Rept-2024-and-Press-Release.pdf. Downloading...
2026-04-15 16:32:19,431 - GENTING - INFO - Successfully saved: C:\Users\HP\Documents\repos\financial-insights\src\scraper\data\raw\GENTING\GENTING_2024_Q2.pdf
2026-04-15 16:32:19,582 - GENTING - INFO - Scraping GENTING 2024 Q3...
2026-04-15 16:32:26,221 - GENTING - INFO - Activated tab panel #24 for 2024.
2026-04-15 16:32:26,733 - GENTING - INFO - Found link: https://www.genting.com/wp-content/uploads/2024/11/241128-GENT-3rd-Grp-Qtrly-Rpt-3Q2024-28-Nov-2024.pdf. Downloading...
2026-04-15 16:32:26,984 - GENTING - INFO - Successfully saved: C:\Users\HP\Documents\repos\financial-insights\src\scraper\data\raw\GENTING\GENTING_2024_Q3.pdf
2026-04-15 16:32:27,106 - GENTING - INFO - Scraping GENTING 2024 Q4...
2026-04-15 16:32:33,864 - GENTING - INFO - Activated tab panel #24 for 2024.
2026-04-15 16:32:34,396 - GENTING - INFO - Found link: https://www.genting.com/wp-content/uploads/2025/02/GENT-4th-Grp-ReportPress-Release.pdf. Downloading...
2026-04-15 16:32:34,546 - GENTING - INFO - Successfully saved: C:\Users\HP\Documents\repos\financial-insights\src\scraper\data\raw\GENTING\GENTING_2024_Q4.pdf
2026-04-15 16:32:34,665 - GENTING - INFO - Scraping GENTING 2025 Q1...
2026-04-15 16:32:41,387 - GENTING - INFO - Activated tab panel #25 for 2025.
2026-04-15 16:32:41,898 - GENTING - INFO - Found link: https://www.genting.com/wp-content/uploads/2025/05/GENT_QtrRpt_1Q2025.pdf. Downloading...
2026-04-15 16:32:42,114 - GENTING - INFO - Successfully saved: C:\Users\HP\Documents\repos\financial-insights\src\scraper\data\raw\GENTING\GENTING_2025_Q1.pdf
2026-04-15 16:32:42,241 - GENTING - INFO - Scraping GENTING 2025 Q2...
2026-04-15 16:32:48,839 - GENTING - INFO - Activated tab panel #25 for 2025.
2026-04-15 16:32:49,353 - GENTING - INFO - Found link: https://www.genting.com/wp-content/uploads/2025/08/GENT_2nd-Grp-Qtrly-Rept-Press-Release-2025.pdf. Downloading...
2026-04-15 16:32:49,572 - GENTING - INFO - Successfully saved: C:\Users\HP\Documents\repos\financial-insights\src\scraper\data\raw\GENTING\GENTING_2025_Q2.pdf
2026-04-15 16:32:49,700 - GENTING - INFO - Scraping GENTING 2025 Q3...
2026-04-15 16:32:56,390 - GENTING - INFO - Activated tab panel #25 for 2025.
2026-04-15 16:32:56,912 - GENTING - INFO - Found link: https://www.genting.com/wp-content/uploads/2025/11/251127-GENT-3rd-Grp-Qtrly-Report-Press-Release.pdf. Downloading...
2026-04-15 16:32:57,067 - GENTING - INFO - Successfully saved: C:\Users\HP\Documents\repos\financial-insights\src\scraper\data\raw\GENTING\GENTING_2025_Q3.pdf
2026-04-15 16:32:57,199 - GENTING - INFO - Scraping GENTING 2025 Q4...
2026-04-15 16:33:04,181 - GENTING - INFO - Activated tab panel #25 for 2025.
2026-04-15 16:33:04,689 - GENTING - INFO - Found link: https://www.genting.com/wp-content/uploads/2026/02/260226-GENT-GENT-4th-Grp-Qtrly-Rept-2025-Press-Release.pdf. Downloading...
2026-04-15 16:33:05,028 - GENTING - INFO - Successfully saved: C:\Users\HP\Documents\repos\financial-insights\src\scraper\data\raw\GENTING\GENTING_2025_Q4.pdf
2026-04-15 16:33:05,059 - MAIN - INFO - TELEKOM: 24 reports to download \u2192 [(2020, 'Q1'), (2020, 'Q2'), (2020, 'Q3'), (2020, 'Q4'), (2021, 'Q1'), (2021, 'Q2'), (2021, 'Q3'), (2021, 'Q4'), (2022, 'Q1'), (2022, 'Q2'), (2022, 'Q3'), (2022, 'Q4'), (2023, 'Q1'), (2023, 'Q2'), (2023, 'Q3'), (2023, 'Q4'), (2024, 'Q1'), (2024, 'Q2'), (2024, 'Q3'), (2024, 'Q4'), (2025, 'Q1'), (2025, 'Q2'), (2025, 'Q3'), (2025, 'Q4')]
2026-04-15 16:33:05,195 - TELEKOM - INFO - Scraping TELEKOM 2020 Q1...
2026-04-15 16:33:09,730 - TELEKOM - INFO - Found link: https://tm.listedcompany.com/misc/qr/quarterly_report_20200331.pdf. Downloading...
2026-04-15 16:33:10,062 - TELEKOM - INFO - Successfully saved: C:\Users\HP\Documents\repos\financial-insights\src\scraper\data\raw\TELEKOM\TELEKOM_2020_Q1.pdf
2026-04-15 16:33:10,194 - TELEKOM - INFO - Scraping TELEKOM 2020 Q2...
2026-04-15 16:33:11,087 - TELEKOM - INFO - Found link: https://tm.listedcompany.com/misc/qr/quarterly_report_20200630.pdf. Downloading...
2026-04-15 16:33:11,335 - TELEKOM - INFO - Successfully saved: C:\Users\HP\Documents\repos\financial-insights\src\scraper\data\raw\TELEKOM\TELEKOM_2020_Q2.pdf
2026-04-15 16:33:11,528 - TELEKOM - INFO - Scraping TELEKOM 2020 Q3...
2026-04-15 16:33:12,571 - TELEKOM - INFO - Found link: https://tm.listedcompany.com/misc/qr/quarterly_report_20200930.pdf. Downloading...
2026-04-15 16:33:12,955 - TELEKOM - INFO - Successfully saved: C:\Users\HP\Documents\repos\financial-insights\src\scraper\data\raw\TELEKOM\TELEKOM_2020_Q3.pdf
2026-04-15 16:33:13,066 - TELEKOM - INFO - Scraping TELEKOM 2020 Q4...
2026-04-15 16:33:13,978 - TELEKOM - INFO - Found link: https://tm.listedcompany.com/misc/qr/quarterly_report_20201231.pdf. Downloading...
2026-04-15 16:33:14,072 - TELEKOM - INFO - Successfully saved: C:\Users\HP\Documents\repos\financial-insights\src\scraper\data\raw\TELEKOM\TELEKOM_2020_Q4.pdf
2026-04-15 16:33:14,188 - TELEKOM - INFO - Scraping TELEKOM 2021 Q1...
2026-04-15 16:33:15,150 - TELEKOM - INFO - Found link: https://tm.listedcompany.com/misc/qr/quarterly_report_20210331.pdf. Downloading...
2026-04-15 16:33:15,378 - TELEKOM - INFO - Successfully saved: C:\Users\HP\Documents\repos\financial-insights\src\scraper\data\raw\TELEKOM\TELEKOM_2021_Q1.pdf
2026-04-15 16:33:15,502 - TELEKOM - INFO - Scraping TELEKOM 2021 Q2...
2026-04-15 16:33:16,447 - TELEKOM - INFO - Found link: https://tm.listedcompany.com/misc/qr/quarterly_report_20210630.pdf. Downloading...
2026-04-15 16:33:16,700 - TELEKOM - INFO - Successfully saved: C:\Users\HP\Documents\repos\financial-insights\src\scraper\data\raw\TELEKOM\TELEKOM_2021_Q2.pdf
2026-04-15 16:33:16,851 - TELEKOM - INFO - Scraping TELEKOM 2021 Q3...
2026-04-15 16:33:17,665 - TELEKOM - INFO - Found link: https://tm.listedcompany.com/misc/qr/quarterly_report_20210930.pdf. Downloading...
2026-04-15 16:33:17,895 - TELEKOM - INFO - Successfully saved: C:\Users\HP\Documents\repos\financial-insights\src\scraper\data\raw\TELEKOM\TELEKOM_2021_Q3.pdf
2026-04-15 16:33:18,011 - TELEKOM - INFO - Scraping TELEKOM 2021 Q4...
2026-04-15 16:33:19,277 - TELEKOM - INFO - Found link: https://tm.listedcompany.com/misc/qr/quarterly_report_20211231.pdf. Downloading...
2026-04-15 16:33:19,548 - TELEKOM - INFO - Successfully saved: C:\Users\HP\Documents\repos\financial-insights\src\scraper\data\raw\TELEKOM\TELEKOM_2021_Q4.pdf
2026-04-15 16:33:19,661 - TELEKOM - INFO - Scraping TELEKOM 2022 Q1...
2026-04-15 16:33:20,538 - TELEKOM - INFO - Found link: https://tm.listedcompany.com/misc/qr/quarterly_report_20220331.pdf. Downloading...
2026-04-15 16:33:20,758 - TELEKOM - INFO - Successfully saved: C:\Users\HP\Documents\repos\financial-insights\src\scraper\data\raw\TELEKOM\TELEKOM_2022_Q1.pdf
2026-04-15 16:33:20,870 - TELEKOM - INFO - Scraping TELEKOM 2022 Q2...
2026-04-15 16:33:21,815 - TELEKOM - INFO - Found link: https://tm.listedcompany.com/misc/qr/quarterly_report_20220630.pdf. Downloading...
2026-04-15 16:33:22,037 - TELEKOM - INFO - Successfully saved: C:\Users\HP\Documents\repos\financial-insights\src\scraper\data\raw\TELEKOM\TELEKOM_2022_Q2.pdf
2026-04-15 16:33:22,172 - TELEKOM - INFO - Scraping TELEKOM 2022 Q3...
2026-04-15 16:33:23,044 - TELEKOM - INFO - Found link: https://tm.listedcompany.com/misc/qr/quarterly_report_20220930.pdf. Downloading...
2026-04-15 16:33:23,383 - TELEKOM - INFO - Successfully saved: C:\Users\HP\Documents\repos\financial-insights\src\scraper\data\raw\TELEKOM\TELEKOM_2022_Q3.pdf
2026-04-15 16:33:23,494 - TELEKOM - INFO - Scraping TELEKOM 2022 Q4...
2026-04-15 16:33:24,366 - TELEKOM - INFO - Found link: https://tm.listedcompany.com/misc/qr/quarterly_report_20221231.pdf. Downloading...
2026-04-15 16:33:24,700 - TELEKOM - INFO - Successfully saved: C:\Users\HP\Documents\repos\financial-insights\src\scraper\data\raw\TELEKOM\TELEKOM_2022_Q4.pdf
2026-04-15 16:33:24,825 - TELEKOM - INFO - Scraping TELEKOM 2023 Q1...
2026-04-15 16:33:25,753 - TELEKOM - INFO - Found link: https://tm.listedcompany.com/misc/qr/quarterly_report_20230331.pdf. Downloading...
2026-04-15 16:33:26,004 - TELEKOM - INFO - Successfully saved: C:\Users\HP\Documents\repos\financial-insights\src\scraper\data\raw\TELEKOM\TELEKOM_2023_Q1.pdf
2026-04-15 16:33:26,123 - TELEKOM - INFO - Scraping TELEKOM 2023 Q2...
2026-04-15 16:33:27,040 - TELEKOM - INFO - Found link: https://tm.listedcompany.com/misc/qr/quarterly_report_20230630.pdf. Downloading...
2026-04-15 16:33:27,343 - TELEKOM - INFO - Successfully saved: C:\Users\HP\Documents\repos\financial-insights\src\scraper\data\raw\TELEKOM\TELEKOM_2023_Q2.pdf
2026-04-15 16:33:27,473 - TELEKOM - INFO - Scraping TELEKOM 2023 Q3...
2026-04-15 16:33:28,281 - TELEKOM - INFO - Found link: https://tm.listedcompany.com/misc/qr/quarterly_report_20230930.pdf. Downloading...
2026-04-15 16:33:28,492 - TELEKOM - INFO - Successfully saved: C:\Users\HP\Documents\repos\financial-insights\src\scraper\data\raw\TELEKOM\TELEKOM_2023_Q3.pdf
2026-04-15 16:33:28,595 - TELEKOM - INFO - Scraping TELEKOM 2023 Q4...
2026-04-15 16:33:29,441 - TELEKOM - INFO - Found link: https://tm.listedcompany.com/misc/qr/quarterly_report_20231231.pdf. Downloading...
2026-04-15 16:33:29,670 - TELEKOM - INFO - Successfully saved: C:\Users\HP\Documents\repos\financial-insights\src\scraper\data\raw\TELEKOM\TELEKOM_2023_Q4.pdf
2026-04-15 16:33:29,778 - TELEKOM - INFO - Scraping TELEKOM 2024 Q1...
2026-04-15 16:33:30,616 - TELEKOM - INFO - Found link: https://tm.listedcompany.com/misc/qr/quarterly_report_20240331.pdf. Downloading...
2026-04-15 16:33:30,717 - TELEKOM - INFO - Successfully saved: C:\Users\HP\Documents\repos\financial-insights\src\scraper\data\raw\TELEKOM\TELEKOM_2024_Q1.pdf
2026-04-15 16:33:30,826 - TELEKOM - INFO - Scraping TELEKOM 2024 Q2...
2026-04-15 16:33:31,885 - TELEKOM - INFO - Found link: https://tm.listedcompany.com/misc/qr/quarterly_report_20240630.pdf. Downloading...
2026-04-15 16:33:32,220 - TELEKOM - INFO - Successfully saved: C:\Users\HP\Documents\repos\financial-insights\src\scraper\data\raw\TELEKOM\TELEKOM_2024_Q2.pdf
2026-04-15 16:33:32,348 - TELEKOM - INFO - Scraping TELEKOM 2024 Q3...
2026-04-15 16:33:33,092 - TELEKOM - INFO - Found link: https://tm.listedcompany.com/misc/qr/quarterly_report_20240930.pdf. Downloading...
2026-04-15 16:33:33,161 - TELEKOM - INFO - Successfully saved: C:\Users\HP\Documents\repos\financial-insights\src\scraper\data\raw\TELEKOM\TELEKOM_2024_Q3.pdf
2026-04-15 16:33:33,266 - TELEKOM - INFO - Scraping TELEKOM 2024 Q4...
2026-04-15 16:33:34,099 - TELEKOM - INFO - Found link: https://tm.listedcompany.com/misc/qr/quarterly_report_20241231.pdf. Downloading...
2026-04-15 16:33:34,235 - TELEKOM - INFO - Successfully saved: C:\Users\HP\Documents\repos\financial-insights\src\scraper\data\raw\TELEKOM\TELEKOM_2024_Q4.pdf
2026-04-15 16:33:34,352 - TELEKOM - INFO - Scraping TELEKOM 2025 Q1...
2026-04-15 16:33:35,163 - TELEKOM - INFO - Found link: https://tm.listedcompany.com/misc/qr/quarterly_report_20250331.pdf. Downloading...
2026-04-15 16:33:35,237 - TELEKOM - INFO - Successfully saved: C:\Users\HP\Documents\repos\financial-insights\src\scraper\data\raw\TELEKOM\TELEKOM_2025_Q1.pdf
2026-04-15 16:33:35,344 - TELEKOM - INFO - Scraping TELEKOM 2025 Q2...
2026-04-15 16:33:36,384 - TELEKOM - INFO - Found link: https://tm.listedcompany.com/misc/qr/quarterly_report_20250630.pdf. Downloading...
2026-04-15 16:33:36,563 - TELEKOM - INFO - Successfully saved: C:\Users\HP\Documents\repos\financial-insights\src\scraper\data\raw\TELEKOM\TELEKOM_2025_Q2.pdf
2026-04-15 16:33:36,683 - TELEKOM - INFO - Scraping TELEKOM 2025 Q3...
2026-04-15 16:33:37,760 - TELEKOM - INFO - Found link: https://tm.listedcompany.com/misc/qr/quarterly_report_20250930.pdf. Downloading...
2026-04-15 16:33:37,829 - TELEKOM - INFO - Successfully saved: C:\Users\HP\Documents\repos\financial-insights\src\scraper\data\raw\TELEKOM\TELEKOM_2025_Q3.pdf
2026-04-15 16:33:37,945 - TELEKOM - INFO - Scraping TELEKOM 2025 Q4...
2026-04-15 16:33:38,961 - TELEKOM - INFO - Found link: https://tm.listedcompany.com/misc/qr/quarterly_report_20251231.pdf. Downloading...
2026-04-15 16:33:39,287 - TELEKOM - INFO - Successfully saved: C:\Users\HP\Documents\repos\financial-insights\src\scraper\data\raw\TELEKOM\TELEKOM_2025_Q4.pdf
2026-04-15 16:33:39,302 - MAIN - INFO - MAXIS: 20 reports to download \u2192 [(2021, 'Q1'), (2021, 'Q2'), (2021, 'Q3'), (2021, 'Q4'), (2022, 'Q1'), (2022, 'Q2'), (2022, 'Q3'), (2022, 'Q4'), (2023, 'Q1'), (2023, 'Q2'), (2023, 'Q3'), (2023, 'Q4'), (2024, 'Q1'), (2024, 'Q2'), (2024, 'Q3'), (2024, 'Q4'), (2025, 'Q1'), (2025, 'Q2'), (2025, 'Q3'), (2025, 'Q4')]
2026-04-15 16:33:39,395 - MAXIS - INFO - Scraping MAXIS 2021 Q1...
2026-04-15 16:33:44,179 - MAXIS - INFO - Found link: https://ir.listedcompany.com/tracker.pl?type=5&id=240885&m=3b89afa7eb14b47a241640dd4d1500bdc6f5379b9aca5eadb89018124fc5b205&redirect=https%3A%2F%2Fmaxis.listedcompany.com%2Fmisc%2Fquarterly_report_31032021.pdf. Downloading...
2026-04-15 16:33:44,485 - MAXIS - INFO - Successfully saved: C:\Users\HP\Documents\repos\financial-insights\src\scraper\data\raw\MAXIS\MAXIS_2021_Q1.pdf
2026-04-15 16:33:44,692 - MAXIS - INFO - Scraping MAXIS 2021 Q2...
2026-04-15 16:33:47,363 - MAXIS - INFO - Found link: https://ir.listedcompany.com/tracker.pl?type=5&id=244486&m=b6a491fb5cf0dfee848c77310ac23cae9e6b0e7ad11e95623de5bf8ad10c1156&redirect=https%3A%2F%2Fmaxis.listedcompany.com%2Fmisc%2Fquarterly_report_30062021.pdf. Downloading...
2026-04-15 16:33:47,938 - MAXIS - INFO - Successfully saved: C:\Users\HP\Documents\repos\financial-insights\src\scraper\data\raw\MAXIS\MAXIS_2021_Q2.pdf
2026-04-15 16:33:48,198 - MAXIS - INFO - Scraping MAXIS 2021 Q3...
2026-04-15 16:33:51,012 - MAXIS - INFO - Found link: https://ir.listedcompany.com/tracker.pl?type=5&id=247611&m=3a5d4a9c991f135bd640024745d832f4c16e5f4efe55240461b3e9ec15e401c2&redirect=https%3A%2F%2Fmaxis.listedcompany.com%2Fmisc%2Fquarterly_report_30092021.pdf. Downloading...
2026-04-15 16:33:51,167 - MAXIS - INFO - Successfully saved: C:\Users\HP\Documents\repos\financial-insights\src\scraper\data\raw\MAXIS\MAXIS_2021_Q3.pdf
2026-04-15 16:33:51,300 - MAXIS - INFO - Scraping MAXIS 2021 Q4...
2026-04-15 16:33:53,968 - MAXIS - INFO - Found link: https://ir.listedcompany.com/tracker.pl?type=5&id=252242&m=113393edd3c31cc807f4ef90b4a78aa27524b8344f44c864dc00a295acd2fd32&redirect=https%3A%2F%2Fmaxis.listedcompany.com%2Fmisc%2Fquarterly_report_31122021.pdf. Downloading...
2026-04-15 16:33:54,456 - MAXIS - INFO - Successfully saved: C:\Users\HP\Documents\repos\financial-insights\src\scraper\data\raw\MAXIS\MAXIS_2021_Q4.pdf
2026-04-15 16:33:54,626 - MAXIS - INFO - Scraping MAXIS 2022 Q1...
2026-04-15 16:33:57,320 - MAXIS - INFO - Found link: https://ir.listedcompany.com/tracker.pl?type=5&id=254964&m=2ac61425d8cb5627498a96474463de6589b6360d48c8d95a648830734685afe9&redirect=https%3A%2F%2Fmaxis.listedcompany.com%2Fmisc%2Fquarterly_report_31032022.pdf. Downloading...
2026-04-15 16:33:57,602 - MAXIS - INFO - Successfully saved: C:\Users\HP\Documents\repos\financial-insights\src\scraper\data\raw\MAXIS\MAXIS_2022_Q1.pdf
2026-04-15 16:33:57,727 - MAXIS - INFO - Scraping MAXIS 2022 Q2...
2026-04-15 16:34:00,453 - MAXIS - INFO - Found link: https://ir.listedcompany.com/tracker.pl?type=5&id=257897&m=1918837126cfc0274404ce264a014864d832c47ce2e3f71314c6276ab1057258&redirect=https%3A%2F%2Fmaxis.listedcompany.com%2Fmisc%2Fquarterly_report_30062022.pdf. Downloading...
2026-04-15 16:34:01,269 - MAXIS - INFO - Successfully saved: C:\Users\HP\Documents\repos\financial-insights\src\scraper\data\raw\MAXIS\MAXIS_2022_Q2.pdf
2026-04-15 16:34:01,431 - MAXIS - INFO - Scraping MAXIS 2022 Q3...
2026-04-15 16:34:04,504 - MAXIS - INFO - Found link: https://ir.listedcompany.com/tracker.pl?type=5&id=261321&m=e041bafe70af1c4815c1bbbc5d16b0bb0f25ac305f7019fe4b1ef857d2ff9ce5&redirect=https%3A%2F%2Fmaxis.listedcompany.com%2Fmisc%2Fquarterly_report_30092022.pdf. Downloading...
2026-04-15 16:34:04,809 - MAXIS - INFO - Successfully saved: C:\Users\HP\Documents\repos\financial-insights\src\scraper\data\raw\MAXIS\MAXIS_2022_Q3.pdf
2026-04-15 16:34:04,984 - MAXIS - INFO - Scraping MAXIS 2022 Q4...
2026-04-15 16:34:07,532 - MAXIS - INFO - Found link: https://ir.listedcompany.com/tracker.pl?type=5&id=264546&m=3233970332ed6d694b2890dca1a82973d2f985dfe3832ce360281d73ec42fb03&redirect=https%3A%2F%2Fmaxis.listedcompany.com%2Fmisc%2Fquarterly_report_31122022.pdf. Downloading...
2026-04-15 16:34:07,729 - MAXIS - INFO - Successfully saved: C:\Users\HP\Documents\repos\financial-insights\src\scraper\data\raw\MAXIS\MAXIS_2022_Q4.pdf
2026-04-15 16:34:07,840 - MAXIS - INFO - Scraping MAXIS 2023 Q1...
2026-04-15 16:34:10,383 - MAXIS - INFO - Found link: https://ir.listedcompany.com/tracker.pl?type=5&id=268585&m=253e9979b49e025ffa11369776865d560c92f9739aa2a401ff6c4051d3beb8e4&redirect=https%3A%2F%2Fmaxis.listedcompany.com%2Fmisc%2Fquarterly_report_31032023.pdf. Downloading...
2026-04-15 16:34:10,703 - MAXIS - INFO - Successfully saved: C:\Users\HP\Documents\repos\financial-insights\src\scraper\data\raw\MAXIS\MAXIS_2023_Q1.pdf
2026-04-15 16:34:10,833 - MAXIS - INFO - Scraping MAXIS 2023 Q2...
2026-04-15 16:34:13,565 - MAXIS - INFO - Found link: https://ir.listedcompany.com/tracker.pl?type=5&id=270212&m=a018ff5372e778c0502adcaa2f6230924872dafcc7e73f2d67a5c41db2d339d5&redirect=https%3A%2F%2Fmaxis.listedcompany.com%2Fmisc%2Fquarterly_report_30062023.pdf. Downloading...
2026-04-15 16:34:13,696 - MAXIS - INFO - Successfully saved: C:\Users\HP\Documents\repos\financial-insights\src\scraper\data\raw\MAXIS\MAXIS_2023_Q2.pdf
2026-04-15 16:34:13,810 - MAXIS - INFO - Scraping MAXIS 2023 Q3...
2026-04-15 16:34:16,439 - MAXIS - INFO - Found link: https://ir.listedcompany.com/tracker.pl?type=5&id=273066&m=1e86d5a8cf027b4c95bd9ea848b4d8f333051eef7636e1f1407083bd3c4634f9&redirect=https%3A%2F%2Fmaxis.listedcompany.com%2Fmisc%2Fquarterly_report_30092023.pdf. Downloading...
2026-04-15 16:34:16,593 - MAXIS - INFO - Successfully saved: C:\Users\HP\Documents\repos\financial-insights\src\scraper\data\raw\MAXIS\MAXIS_2023_Q3.pdf
2026-04-15 16:34:16,710 - MAXIS - INFO - Scraping MAXIS 2023 Q4...
2026-04-15 16:34:19,376 - MAXIS - INFO - Found link: https://ir.listedcompany.com/tracker.pl?type=5&id=274582&m=40f0fd00e9d39183a336c39e6826dc8899a4bd49f7b8ed0de77255b5619125f0&redirect=https%3A%2F%2Fmaxis.listedcompany.com%2Fmisc%2Fquarterly_report_31122023.pdf. Downloading...
2026-04-15 16:34:19,546 - MAXIS - INFO - Successfully saved: C:\Users\HP\Documents\repos\financial-insights\src\scraper\data\raw\MAXIS\MAXIS_2023_Q4.pdf
2026-04-15 16:34:19,673 - MAXIS - INFO - Scraping MAXIS 2024 Q1...
2026-04-15 16:34:22,223 - MAXIS - INFO - Found link: https://ir.listedcompany.com/tracker.pl?type=5&id=279435&m=e9e3a2cff28c2ef073ecea378fc5bc4206afeb32c0658cbc0820445f891f40e0&redirect=https%3A%2F%2Fmaxis.listedcompany.com%2Fmisc%2Fquarterly_report_31032024.pdf. Downloading...
2026-04-15 16:34:22,347 - MAXIS - INFO - Successfully saved: C:\Users\HP\Documents\repos\financial-insights\src\scraper\data\raw\MAXIS\MAXIS_2024_Q1.pdf
2026-04-15 16:34:22,459 - MAXIS - INFO - Scraping MAXIS 2024 Q2...
2026-04-15 16:34:24,966 - MAXIS - INFO - Found link: https://ir.listedcompany.com/tracker.pl?type=5&id=282268&m=cc3cf03eca1bca8ee60f0652a34a1a1c0d2b7e48b74493b6587ceb3a846b9f09&redirect=https%3A%2F%2Fmaxis.listedcompany.com%2Fmisc%2Fquarterly_report_30062024.pdf. Downloading...
2026-04-15 16:34:25,657 - MAXIS - INFO - Successfully saved: C:\Users\HP\Documents\repos\financial-insights\src\scraper\data\raw\MAXIS\MAXIS_2024_Q2.pdf
2026-04-15 16:34:25,828 - MAXIS - INFO - Scraping MAXIS 2024 Q3...
2026-04-15 16:34:28,380 - MAXIS - INFO - Found link: https://ir.listedcompany.com/tracker.pl?type=5&id=283606&m=072864b181c06ba45cc1693339d5ec755a67595856e317a4743eddf4970066b8&redirect=https%3A%2F%2Fmaxis.listedcompany.com%2Fmisc%2Fquarterly_report_30092024.pdf. Downloading...
2026-04-15 16:34:28,580 - MAXIS - INFO - Successfully saved: C:\Users\HP\Documents\repos\financial-insights\src\scraper\data\raw\MAXIS\MAXIS_2024_Q3.pdf
2026-04-15 16:34:28,717 - MAXIS - INFO - Scraping MAXIS 2024 Q4...
2026-04-15 16:34:31,361 - MAXIS - INFO - Found link: https://ir.listedcompany.com/tracker.pl?type=5&id=286089&m=29314918d78da7a629ebf3b693a7ff816a4beff587022c3b49bd60aa026996ae&redirect=https%3A%2F%2Fmaxis.listedcompany.com%2Fmisc%2Fquarterly_report_31122024.pdf. Downloading...
2026-04-15 16:34:31,660 - MAXIS - INFO - Successfully saved: C:\Users\HP\Documents\repos\financial-insights\src\scraper\data\raw\MAXIS\MAXIS_2024_Q4.pdf
2026-04-15 16:34:31,794 - MAXIS - INFO - Scraping MAXIS 2025 Q1...
2026-04-15 16:34:34,342 - MAXIS - INFO - Found link: https://ir.listedcompany.com/tracker.pl?type=5&id=290167&m=37b76c1e60c688037f5864886f5ae76bf556c96fb928999db08b735f89d9e83b&redirect=https%3A%2F%2Fmaxis.listedcompany.com%2Fmisc%2Fquarterly_report_31032025.pdf. Downloading...
2026-04-15 16:34:34,447 - MAXIS - INFO - Successfully saved: C:\Users\HP\Documents\repos\financial-insights\src\scraper\data\raw\MAXIS\MAXIS_2025_Q1.pdf
2026-04-15 16:34:34,563 - MAXIS - INFO - Scraping MAXIS 2025 Q2...
2026-04-15 16:34:37,112 - MAXIS - INFO - Found link: https://ir.listedcompany.com/tracker.pl?type=5&id=293716&m=928461919ad255d9d55dad01c77eb2e62ff4ec9572abbf6d132c1c51ed899b95&redirect=https%3A%2F%2Fmaxis.listedcompany.com%2Fmisc%2Fquarterly_report_30062025.pdf. Downloading...
2026-04-15 16:34:37,279 - MAXIS - INFO - Successfully saved: C:\Users\HP\Documents\repos\financial-insights\src\scraper\data\raw\MAXIS\MAXIS_2025_Q2.pdf
2026-04-15 16:34:37,394 - MAXIS - INFO - Scraping MAXIS 2025 Q3...
2026-04-15 16:34:39,873 - MAXIS - INFO - Found link: https://ir.listedcompany.com/tracker.pl?type=5&id=294884&m=0f23287b2571f5cb8ca415469baf0056fc990a806c7ee4f683050d01373ed480&redirect=https%3A%2F%2Fmaxis.listedcompany.com%2Fmisc%2Fquarterly_report_30092025.pdf. Downloading...
2026-04-15 16:34:40,062 - MAXIS - INFO - Successfully saved: C:\Users\HP\Documents\repos\financial-insights\src\scraper\data\raw\MAXIS\MAXIS_2025_Q3.pdf
2026-04-15 16:34:40,198 - MAXIS - INFO - Scraping MAXIS 2025 Q4...
2026-04-15 16:34:42,899 - MAXIS - INFO - Found link: https://ir.listedcompany.com/tracker.pl?type=5&id=296954&m=092fe41c16dc3a6b825053ac1d2412374f4094efbc9e989c8f3ecaecd51c5fb5&redirect=https%3A%2F%2Fmaxis.listedcompany.com%2Fmisc%2Fquarterly_report_31122025.pdf. Downloading...
2026-04-15 16:34:43,080 - MAXIS - INFO - Successfully saved: C:\Users\HP\Documents\repos\financial-insights\src\scraper\data\raw\MAXIS\MAXIS_2025_Q4.pdf
2026-04-15 16:34:43,090 - MAIN - INFO - PETRONAS: 24 reports to download \u2192 [(2020, 'Q1'), (2020, 'Q2'), (2020, 'Q3'), (2020, 'Q4'), (2021, 'Q1'), (2021, 'Q2'), (2021, 'Q3'), (2021, 'Q4'), (2022, 'Q1'), (2022, 'Q2'), (2022, 'Q3'), (2022, 'Q4'), (2023, 'Q1'), (2023, 'Q2'), (2023, 'Q3'), (2023, 'Q4'), (2024, 'Q1'), (2024, 'Q2'), (2024, 'Q3'), (2024, 'Q4'), (2025, 'Q1'), (2025, 'Q2'), (2025, 'Q3'), (2025, 'Q4')]
2026-04-15 16:34:43,204 - PETRONAS - INFO - Scraping PETRONAS 2020 Q1...
2026-04-15 16:34:45,946 - PETRONAS - INFO - Found link: https://www.petronas.com/sites/default/files/uploads/content/2022/Interim-Financial-Report-Q1-2020.pdf. Downloading...
2026-04-15 16:34:47,517 - PETRONAS - INFO - Successfully saved: C:\Users\HP\Documents\repos\financial-insights\src\scraper\data\raw\PETRONAS\PETRONAS_2020_Q1.pdf
2026-04-15 16:34:47,648 - PETRONAS - INFO - Scraping PETRONAS 2020 Q2...
2026-04-15 16:34:50,003 - PETRONAS - INFO - Found link: https://www.petronas.com/sites/default/files/uploads/content/2022/Interim-Financial-Report-Q2-2020.pdf. Downloading...
2026-04-15 16:34:51,772 - PETRONAS - INFO - Successfully saved: C:\Users\HP\Documents\repos\financial-insights\src\scraper\data\raw\PETRONAS\PETRONAS_2020_Q2.pdf
2026-04-15 16:34:51,894 - PETRONAS - INFO - Skipping PETRONAS 2020 Q3 – Petronas does not publish a standalone Q3 report.
2026-04-15 16:34:52,023 - PETRONAS - INFO - Scraping PETRONAS 2020 Q4...
2026-04-15 16:34:54,346 - PETRONAS - INFO - Found link: https://www.petronas.com/sites/default/files/uploads/content/2022/Financial-Report-Q4-2020.pdf. Downloading...
2026-04-15 16:34:55,308 - PETRONAS - INFO - Successfully saved: C:\Users\HP\Documents\repos\financial-insights\src\scraper\data\raw\PETRONAS\PETRONAS_2020_Q4.pdf
2026-04-15 16:34:55,432 - PETRONAS - INFO - Scraping PETRONAS 2021 Q1...
2026-04-15 16:34:57,794 - PETRONAS - INFO - Found link: https://www.petronas.com/sites/default/files/uploads/content/2022/Financial-Report-Q1-2021.pdf. Downloading...
2026-04-15 16:34:57,907 - PETRONAS - INFO - Successfully saved: C:\Users\HP\Documents\repos\financial-insights\src\scraper\data\raw\PETRONAS\PETRONAS_2021_Q1.pdf
2026-04-15 16:34:58,040 - PETRONAS - INFO - Scraping PETRONAS 2021 Q2...
2026-04-15 16:35:00,404 - PETRONAS - INFO - Found link: https://www.petronas.com/sites/default/files/uploads/content/2022/Financial-Report-Q2-2021.pdf. Downloading...
2026-04-15 16:35:00,500 - PETRONAS - INFO - Successfully saved: C:\Users\HP\Documents\repos\financial-insights\src\scraper\data\raw\PETRONAS\PETRONAS_2021_Q2.pdf
2026-04-15 16:35:00,642 - PETRONAS - INFO - Skipping PETRONAS 2021 Q3 – Petronas does not publish a standalone Q3 report.
2026-04-15 16:35:00,755 - PETRONAS - INFO - Scraping PETRONAS 2021 Q4...
2026-04-15 16:35:03,117 - PETRONAS - INFO - Found link: https://www.petronas.com/sites/default/files/uploads/content/2022/Financial-Report-Q4-2021.pdf. Downloading...
2026-04-15 16:35:03,272 - PETRONAS - INFO - Successfully saved: C:\Users\HP\Documents\repos\financial-insights\src\scraper\data\raw\PETRONAS\PETRONAS_2021_Q4.pdf
2026-04-15 16:35:03,400 - PETRONAS - INFO - Scraping PETRONAS 2022 Q1...
2026-04-15 16:35:05,800 - PETRONAS - INFO - Found link: https://www.petronas.com/sites/default/files/uploads/content/2022/Financial%20Report%20Q1%202022-v2.pdf. Downloading...
2026-04-15 16:35:05,911 - PETRONAS - INFO - Successfully saved: C:\Users\HP\Documents\repos\financial-insights\src\scraper\data\raw\PETRONAS\PETRONAS_2022_Q1.pdf
2026-04-15 16:35:06,045 - PETRONAS - INFO - Scraping PETRONAS 2022 Q2...
2026-04-15 16:35:08,488 - PETRONAS - INFO - Found link: https://www.petronas.com/sites/default/files/uploads/content/2022/Financial-Report-Q2-FY2022.pdf. Downloading...
2026-04-15 16:35:08,605 - PETRONAS - INFO - Successfully saved: C:\Users\HP\Documents\repos\financial-insights\src\scraper\data\raw\PETRONAS\PETRONAS_2022_Q2.pdf
2026-04-15 16:35:08,743 - PETRONAS - INFO - Skipping PETRONAS 2022 Q3 – Petronas does not publish a standalone Q3 report.
2026-04-15 16:35:08,844 - PETRONAS - INFO - Scraping PETRONAS 2022 Q4...
2026-04-15 16:35:11,201 - PETRONAS - INFO - Found link: https://www.petronas.com/sites/default/files/uploads/content/2023/Quarterly%20Report%20Q4%20FY2022.pdf. Downloading...
2026-04-15 16:35:11,309 - PETRONAS - INFO - Successfully saved: C:\Users\HP\Documents\repos\financial-insights\src\scraper\data\raw\PETRONAS\PETRONAS_2022_Q4.pdf
2026-04-15 16:35:11,456 - PETRONAS - INFO - Scraping PETRONAS 2023 Q1...
2026-04-15 16:35:13,789 - PETRONAS - INFO - Found link: https://www.petronas.com/sites/default/files/uploads/content/2023/Quarterly%20Report%20Q1%20FY2023.pdf. Downloading...
2026-04-15 16:35:13,886 - PETRONAS - INFO - Successfully saved: C:\Users\HP\Documents\repos\financial-insights\src\scraper\data\raw\PETRONAS\PETRONAS_2023_Q1.pdf
2026-04-15 16:35:14,024 - PETRONAS - INFO - Scraping PETRONAS 2023 Q2...
2026-04-15 16:35:16,363 - PETRONAS - INFO - Found link: https://www.petronas.com/sites/default/files/uploads/content/2023/Quarterly%20Report%20Q2%20FY2023.pdf. Downloading...
2026-04-15 16:35:16,471 - PETRONAS - INFO - Successfully saved: C:\Users\HP\Documents\repos\financial-insights\src\scraper\data\raw\PETRONAS\PETRONAS_2023_Q2.pdf
2026-04-15 16:35:16,621 - PETRONAS - INFO - Skipping PETRONAS 2023 Q3 – Petronas does not publish a standalone Q3 report.
2026-04-15 16:35:16,732 - PETRONAS - INFO - Scraping PETRONAS 2023 Q4...
2026-04-15 16:35:19,055 - PETRONAS - INFO - Found link: https://www.petronas.com/sites/default/files/uploads/content/2024/Quarterly%20Report%20Q4%20FY2023.pdf. Downloading...
2026-04-15 16:35:19,178 - PETRONAS - INFO - Successfully saved: C:\Users\HP\Documents\repos\financial-insights\src\scraper\data\raw\PETRONAS\PETRONAS_2023_Q4.pdf
2026-04-15 16:35:19,308 - PETRONAS - INFO - Scraping PETRONAS 2024 Q1...
2026-04-15 16:35:21,656 - PETRONAS - INFO - Found link: https://www.petronas.com/sites/default/files/uploads/content/2024/PETRONAS%20Quarterly%20Report%20Q1%202024.pdf. Downloading...
2026-04-15 16:35:21,833 - PETRONAS - INFO - Successfully saved: C:\Users\HP\Documents\repos\financial-insights\src\scraper\data\raw\PETRONAS\PETRONAS_2024_Q1.pdf
2026-04-15 16:35:21,994 - PETRONAS - INFO - Scraping PETRONAS 2024 Q2...
2026-04-15 16:35:24,415 - PETRONAS - INFO - Found link: https://www.petronas.com/sites/default/files/uploads/content/2024/Interim%20Report%201H%20FY%202024.pdf. Downloading...
2026-04-15 16:35:24,563 - PETRONAS - INFO - Successfully saved: C:\Users\HP\Documents\repos\financial-insights\src\scraper\data\raw\PETRONAS\PETRONAS_2024_Q2.pdf
2026-04-15 16:35:24,684 - PETRONAS - INFO - Skipping PETRONAS 2024 Q3 – Petronas does not publish a standalone Q3 report.
2026-04-15 16:35:24,799 - PETRONAS - INFO - Scraping PETRONAS 2024 Q4...
2026-04-15 16:35:27,226 - PETRONAS - INFO - Found link: https://www.petronas.com/sites/default/files/uploads/content/2025/PETRONAS%20Group%20Financial%20Report%20FY%202024.pdf. Downloading...
2026-04-15 16:35:27,333 - PETRONAS - INFO - Successfully saved: C:\Users\HP\Documents\repos\financial-insights\src\scraper\data\raw\PETRONAS\PETRONAS_2024_Q4.pdf
2026-04-15 16:35:27,472 - PETRONAS - INFO - Scraping PETRONAS 2025 Q1...
2026-04-15 16:35:29,824 - PETRONAS - WARNING - No 'Financial Report' link found for 2025 Q1 – report may not be published yet or the year doesn't exist on the page.
2026-04-15 16:35:29,962 - PETRONAS - INFO - Scraping PETRONAS 2025 Q2...
2026-04-15 16:35:32,352 - PETRONAS - INFO - Found link: https://www.petronas.com/sites/default/files/uploads/content/2025/Financial%20Report%201H%202025.pdf. Downloading...
2026-04-15 16:35:32,441 - PETRONAS - INFO - Successfully saved: C:\Users\HP\Documents\repos\financial-insights\src\scraper\data\raw\PETRONAS\PETRONAS_2025_Q2.pdf
2026-04-15 16:35:32,561 - PETRONAS - INFO - Skipping PETRONAS 2025 Q3 – Petronas does not publish a standalone Q3 report.
2026-04-15 16:35:32,667 - PETRONAS - INFO - Scraping PETRONAS 2025 Q4...
2026-04-15 16:35:35,103 - PETRONAS - INFO - Found link: https://www.petronas.com/sites/default/files/uploads/content/2026/PETRONAS%20Group%20FRA%20FY2025%20-%20IFR_0.pdf. Downloading...
2026-04-15 16:35:35,206 - PETRONAS - INFO - Successfully saved: C:\Users\HP\Documents\repos\financial-insights\src\scraper\data\raw\PETRONAS\PETRONAS_2025_Q4.pdf
2026-04-15 16:35:35,238 - MAIN - INFO - TNB: 20 reports to download \u2192 [(2021, 'Q1'), (2021, 'Q2'), (2021, 'Q3'), (2021, 'Q4'), (2022, 'Q1'), (2022, 'Q2'), (2022, 'Q3'), (2022, 'Q4'), (2023, 'Q1'), (2023, 'Q2'), (2023, 'Q3'), (2023, 'Q4'), (2024, 'Q1'), (2024, 'Q2'), (2024, 'Q3'), (2024, 'Q4'), (2025, 'Q1'), (2025, 'Q2'), (2025, 'Q3'), (2025, 'Q4')]
2026-04-15 16:35:35,351 - TNB - INFO - Scraping TNB 2021 Q1...
2026-04-15 16:35:47,135 - TNB - INFO - Found link: https://www.tnb.com.my/assets/quarterly_results/TNB_Unaudited_Consolidated_Statements_for_1QFY2021.pdf. Downloading...
2026-04-15 16:35:49,393 - TNB - INFO - Successfully saved: C:\Users\HP\Documents\repos\financial-insights\src\scraper\data\raw\TNB\TNB_2021_Q1.pdf
2026-04-15 16:35:49,533 - TNB - INFO - Scraping TNB 2021 Q2...
2026-04-15 16:35:54,026 - TNB - INFO - Found link: https://www.tnb.com.my/assets/quarterly_results/TNB_Unaudited_Consolidated_Statements_for_2QFY2021.pdf. Downloading...
2026-04-15 16:35:55,526 - TNB - INFO - Successfully saved: C:\Users\HP\Documents\repos\financial-insights\src\scraper\data\raw\TNB\TNB_2021_Q2.pdf
2026-04-15 16:35:55,694 - TNB - INFO - Scraping TNB 2021 Q3...
2026-04-15 16:36:00,221 - TNB - INFO - Found link: https://www.tnb.com.my/assets/quarterly_results/TNB_Unaudited_Consolidated_Statements_for_3QFY2021.pdf. Downloading...
2026-04-15 16:36:02,608 - TNB - INFO - Successfully saved: C:\Users\HP\Documents\repos\financial-insights\src\scraper\data\raw\TNB\TNB_2021_Q3.pdf
2026-04-15 16:36:02,767 - TNB - INFO - Scraping TNB 2021 Q4...
2026-04-15 16:36:07,007 - TNB - INFO - Found link: https://www.tnb.com.my/assets/quarterly_results/TNB_Unaudited_Consolidated_Statements_for_4QFY2021.pdf. Downloading...
2026-04-15 16:36:08,955 - TNB - INFO - Successfully saved: C:\Users\HP\Documents\repos\financial-insights\src\scraper\data\raw\TNB\TNB_2021_Q4.pdf
2026-04-15 16:36:09,115 - TNB - INFO - Scraping TNB 2022 Q1...
2026-04-15 16:36:13,570 - TNB - INFO - Found link: https://www.tnb.com.my/assets/quarterly_results/TNB_Unaudited_Consolidated_Statements_for_1QFY22.pdf. Downloading...
2026-04-15 16:36:16,484 - TNB - INFO - Successfully saved: C:\Users\HP\Documents\repos\financial-insights\src\scraper\data\raw\TNB\TNB_2022_Q1.pdf
2026-04-15 16:36:16,659 - TNB - INFO - Scraping TNB 2022 Q2...
2026-04-15 16:36:21,019 - TNB - INFO - Found link: https://www.tnb.com.my/assets/quarterly_results/TNB_Unaudited_Consolidated_Statements_for_2QFY22.pdf. Downloading...
2026-04-15 16:36:21,593 - TNB - INFO - Successfully saved: C:\Users\HP\Documents\repos\financial-insights\src\scraper\data\raw\TNB\TNB_2022_Q2.pdf
2026-04-15 16:36:21,750 - TNB - INFO - Scraping TNB 2022 Q3...
2026-04-15 16:36:26,338 - TNB - INFO - Found link: https://www.tnb.com.my/assets/quarterly_results/TNB_Unaudited_Consolidated_Statements_for_3QFY22.pdf. Downloading...
2026-04-15 16:36:28,819 - TNB - INFO - Successfully saved: C:\Users\HP\Documents\repos\financial-insights\src\scraper\data\raw\TNB\TNB_2022_Q3.pdf
2026-04-15 16:36:28,984 - TNB - INFO - Scraping TNB 2022 Q4...
2026-04-15 16:36:33,312 - TNB - INFO - Found link: https://www.tnb.com.my/assets/quarterly_results/TNB_Unaudited_Consolidated_Statements_for_4QFY2022.pdf. Downloading...
2026-04-15 16:36:35,304 - TNB - INFO - Successfully saved: C:\Users\HP\Documents\repos\financial-insights\src\scraper\data\raw\TNB\TNB_2022_Q4.pdf
2026-04-15 16:36:35,440 - TNB - INFO - Scraping TNB 2023 Q1...
2026-04-15 16:36:39,672 - TNB - INFO - Found link: https://www.tnb.com.my/assets/quarterly_results/TNB_Unaudited_Consolidated_Statements-1QFY2023.pdf. Downloading...
2026-04-15 16:36:41,493 - TNB - INFO - Successfully saved: C:\Users\HP\Documents\repos\financial-insights\src\scraper\data\raw\TNB\TNB_2023_Q1.pdf
2026-04-15 16:36:41,637 - TNB - INFO - Scraping TNB 2023 Q2...
2026-04-15 16:36:46,299 - TNB - INFO - Found link: https://www.tnb.com.my/assets/quarterly_results/TNB_Unaudited_Consolidated_Statements_-_2QFY2023.pdf. Downloading...
2026-04-15 16:36:48,710 - TNB - INFO - Successfully saved: C:\Users\HP\Documents\repos\financial-insights\src\scraper\data\raw\TNB\TNB_2023_Q2.pdf
2026-04-15 16:36:48,917 - TNB - INFO - Scraping TNB 2023 Q3...
2026-04-15 16:36:53,104 - TNB - INFO - Found link: https://www.tnb.com.my/assets/quarterly_results/TNB_Unaudited_Consolidated_Statements_for_3QFY2023.pdf. Downloading...
2026-04-15 16:36:54,673 - TNB - INFO - Successfully saved: C:\Users\HP\Documents\repos\financial-insights\src\scraper\data\raw\TNB\TNB_2023_Q3.pdf
2026-04-15 16:36:54,805 - TNB - INFO - Scraping TNB 2023 Q4...
2026-04-15 16:36:59,259 - TNB - INFO - Found link: https://www.tnb.com.my/assets/quarterly_results/TNB_Unaudited_Consolidated_Statements_-_4QFY2023.pdf. Downloading...
2026-04-15 16:37:02,545 - TNB - INFO - Successfully saved: C:\Users\HP\Documents\repos\financial-insights\src\scraper\data\raw\TNB\TNB_2023_Q4.pdf
2026-04-15 16:37:02,696 - TNB - INFO - Scraping TNB 2024 Q1...
2026-04-15 16:37:07,068 - TNB - INFO - Found link: https://www.tnb.com.my/assets/quarterly_results/TNB_Unaudited_Consolidated_Statements_for_1QFY2024.pdf. Downloading...
2026-04-15 16:37:08,979 - TNB - INFO - Successfully saved: C:\Users\HP\Documents\repos\financial-insights\src\scraper\data\raw\TNB\TNB_2024_Q1.pdf
2026-04-15 16:37:09,124 - TNB - INFO - Scraping TNB 2024 Q2...
2026-04-15 16:37:13,493 - TNB - INFO - Found link: https://www.tnb.com.my/assets/quarterly_results/TNB_Unaudited_Consolidated_Statements_for_2QFY2024.pdf. Downloading...
2026-04-15 16:37:13,929 - TNB - INFO - Successfully saved: C:\Users\HP\Documents\repos\financial-insights\src\scraper\data\raw\TNB\TNB_2024_Q2.pdf
2026-04-15 16:37:14,083 - TNB - INFO - Scraping TNB 2024 Q3...
2026-04-15 16:37:18,289 - TNB - INFO - Found link: https://www.tnb.com.my/assets/quarterly_results/Unaudited_Consolidated_Statements.pdf. Downloading...
2026-04-15 16:37:18,581 - TNB - INFO - Successfully saved: C:\Users\HP\Documents\repos\financial-insights\src\scraper\data\raw\TNB\TNB_2024_Q3.pdf
2026-04-15 16:37:18,734 - TNB - INFO - Scraping TNB 2024 Q4...
2026-04-15 16:37:23,137 - TNB - INFO - Found link: https://www.tnb.com.my/assets/quarterly_results/Unaudited_Consolidated_Statement.pdf. Downloading...
2026-04-15 16:37:23,579 - TNB - INFO - Successfully saved: C:\Users\HP\Documents\repos\financial-insights\src\scraper\data\raw\TNB\TNB_2024_Q4.pdf
2026-04-15 16:37:23,717 - TNB - INFO - Scraping TNB 2025 Q1...
2026-04-15 16:37:28,109 - TNB - INFO - Found link: https://www.tnb.com.my/assets/quarterly_results/Financial_Unaudited_Results_-_1QFY2025.pdf. Downloading...
2026-04-15 16:37:31,192 - TNB - INFO - Successfully saved: C:\Users\HP\Documents\repos\financial-insights\src\scraper\data\raw\TNB\TNB_2025_Q1.pdf
2026-04-15 16:37:31,349 - TNB - INFO - Scraping TNB 2025 Q2...
2026-04-15 16:37:35,555 - TNB - INFO - Found link: https://www.tnb.com.my/assets/quarterly_results/Financial_Unaudited_Results_-_2QFY2025.pdf. Downloading...
2026-04-15 16:37:37,744 - TNB - INFO - Successfully saved: C:\Users\HP\Documents\repos\financial-insights\src\scraper\data\raw\TNB\TNB_2025_Q2.pdf
2026-04-15 16:37:37,914 - TNB - INFO - Scraping TNB 2025 Q3...
2026-04-15 16:37:42,128 - TNB - INFO - Found link: https://www.tnb.com.my/assets/quarterly_results/Financial_Unaudited_Results_-_3QFY2025.pdf. Downloading...
2026-04-15 16:37:43,470 - TNB - INFO - Successfully saved: C:\Users\HP\Documents\repos\financial-insights\src\scraper\data\raw\TNB\TNB_2025_Q3.pdf
2026-04-15 16:37:43,601 - TNB - INFO - Scraping TNB 2025 Q4...
2026-04-15 16:37:47,801 - TNB - INFO - Found link: https://www.tnb.com.my/assets/quarterly_results/Financial_Unaudited_Results_-_4QFY2025.pdf. Downloading...
2026-04-15 16:37:49,991 - TNB - INFO - Successfully saved: C:\Users\HP\Documents\repos\financial-insights\src\scraper\data\raw\TNB\TNB_2025_Q4.pdf
2026-04-15 16:37:50,015 - MAIN - INFO - CIMB: 24 reports to download \u2192 [(2020, 'Q1'), (2020, 'Q2'), (2020, 'Q3'), (2020, 'Q4'), (2021, 'Q1'), (2021, 'Q2'), (2021, 'Q3'), (2021, 'Q4'), (2022, 'Q1'), (2022, 'Q2'), (2022, 'Q3'), (2022, 'Q4'), (2023, 'Q1'), (2023, 'Q2'), (2023, 'Q3'), (2023, 'Q4'), (2024, 'Q1'), (2024, 'Q2'), (2024, 'Q3'), (2024, 'Q4'), (2025, 'Q1'), (2025, 'Q2'), (2025, 'Q3'), (2025, 'Q4')]
2026-04-15 16:37:50,145 - CIMB - INFO - Scraping CIMB 2020 Q1...
2026-04-15 16:37:53,060 - CIMB - INFO - Found link: https://www.cimb.com/content/dam/cimb/group/documents/investor-relations/financial-information/cimb-group/2020/31-march-2020/1Q20CIMBGroupFinancialStatements.pdf. Downloading...
2026-04-15 16:37:53,249 - CIMB - INFO - Successfully saved: C:\Users\HP\Documents\repos\financial-insights\src\scraper\data\raw\CIMB\CIMB_2020_Q1.pdf
2026-04-15 16:37:53,374 - CIMB - INFO - Scraping CIMB 2020 Q2...
2026-04-15 16:37:56,035 - CIMB - INFO - Found link: https://www.cimb.com/content/dam/cimb/group/documents/investor-relations/financial-information/cimb-group/2020/30-june-2020/2Q20CIMBGroupFinancialStatements.pdf. Downloading...
2026-04-15 16:37:57,178 - CIMB - INFO - Successfully saved: C:\Users\HP\Documents\repos\financial-insights\src\scraper\data\raw\CIMB\CIMB_2020_Q2.pdf
2026-04-15 16:37:57,292 - CIMB - INFO - Scraping CIMB 2020 Q3...
2026-04-15 16:38:00,017 - CIMB - INFO - Found link: https://www.cimb.com/content/dam/cimb/group/documents/investor-relations/financial-information/cimb-group/2020/27-november-2020/3q20-cimb-group-financial-statement.pdf. Downloading...
2026-04-15 16:38:01,587 - CIMB - INFO - Successfully saved: C:\Users\HP\Documents\repos\financial-insights\src\scraper\data\raw\CIMB\CIMB_2020_Q3.pdf
2026-04-15 16:38:01,742 - CIMB - INFO - Scraping CIMB 2020 Q4...
2026-04-15 16:38:04,418 - CIMB - INFO - Found link: https://www.cimb.com/content/dam/cimb/group/documents/investor-relations/financial-information/cimb-group/2020/31-dec-2020/4q20-cimb-group-financial-statement.pdf. Downloading...
2026-04-15 16:38:05,473 - CIMB - INFO - Successfully saved: C:\Users\HP\Documents\repos\financial-insights\src\scraper\data\raw\CIMB\CIMB_2020_Q4.pdf
2026-04-15 16:38:05,623 - CIMB - INFO - Scraping CIMB 2021 Q1...
2026-04-15 16:38:08,257 - CIMB - INFO - Found link: https://www.cimb.com/content/dam/cimb/group/documents/investor-relations/financial-information/cimb-group/2021/31-march-2021/1q21-cimb-group-financial-statement.pdf. Downloading...
2026-04-15 16:38:09,348 - CIMB - INFO - Successfully saved: C:\Users\HP\Documents\repos\financial-insights\src\scraper\data\raw\CIMB\CIMB_2021_Q1.pdf
2026-04-15 16:38:09,509 - CIMB - INFO - Scraping CIMB 2021 Q2...
2026-04-15 16:38:12,150 - CIMB - INFO - Found link: https://www.cimb.com/content/dam/cimb/group/documents/investor-relations/financial-information/cimb-group/2021/30-june-2021/2q21-cimb-group-financial-statement.pdf. Downloading...
2026-04-15 16:38:12,326 - CIMB - INFO - Successfully saved: C:\Users\HP\Documents\repos\financial-insights\src\scraper\data\raw\CIMB\CIMB_2021_Q2.pdf
2026-04-15 16:38:12,448 - CIMB - INFO - Scraping CIMB 2021 Q3...
2026-04-15 16:38:15,111 - CIMB - INFO - Found link: https://www.cimb.com/content/dam/cimb/group/documents/investor-relations/financial-information/cimb-group/2021/30-sept-2021/3q21-cimb-group-financial-statements.pdf. Downloading...
2026-04-15 16:38:16,524 - CIMB - INFO - Successfully saved: C:\Users\HP\Documents\repos\financial-insights\src\scraper\data\raw\CIMB\CIMB_2021_Q3.pdf
2026-04-15 16:38:16,653 - CIMB - INFO - Scraping CIMB 2021 Q4...
2026-04-15 16:38:19,338 - CIMB - INFO - Found link: https://www.cimb.com/content/dam/cimb/group/documents/investor-relations/financial-information/cimb-group/2021/31-dec-2021/4q21-cimb-group-financial-statement.pdf. Downloading...
2026-04-15 16:38:20,808 - CIMB - INFO - Successfully saved: C:\Users\HP\Documents\repos\financial-insights\src\scraper\data\raw\CIMB\CIMB_2021_Q4.pdf
2026-04-15 16:38:20,956 - CIMB - INFO - Scraping CIMB 2022 Q1...
2026-04-15 16:38:23,620 - CIMB - INFO - Found link: https://www.cimb.com/content/dam/cimb/group/documents/investor-relations/financial-information/cimb-group/2022/31-march-2022/1q22-cimb-group-financial-statement.pdf. Downloading...
2026-04-15 16:38:23,752 - CIMB - INFO - Successfully saved: C:\Users\HP\Documents\repos\financial-insights\src\scraper\data\raw\CIMB\CIMB_2022_Q1.pdf
2026-04-15 16:38:23,880 - CIMB - INFO - Scraping CIMB 2022 Q2...
2026-04-15 16:38:26,548 - CIMB - INFO - Found link: https://www.cimb.com/content/dam/cimb/group/documents/investor-relations/financial-information/cimb-group/2022/30-june-2022/2q22-cimb-group-financial-statements.pdf. Downloading...
2026-04-15 16:38:28,080 - CIMB - INFO - Successfully saved: C:\Users\HP\Documents\repos\financial-insights\src\scraper\data\raw\CIMB\CIMB_2022_Q2.pdf
2026-04-15 16:38:28,271 - CIMB - INFO - Scraping CIMB 2022 Q3...
2026-04-15 16:38:31,068 - CIMB - INFO - Found link: https://www.cimb.com/content/dam/cimb/group/documents/investor-relations/financial-information/cimb-group/2022/30-sept-2022/3q22-cimb-group-financial-statements.pdf. Downloading...
2026-04-15 16:38:32,017 - CIMB - INFO - Successfully saved: C:\Users\HP\Documents\repos\financial-insights\src\scraper\data\raw\CIMB\CIMB_2022_Q3.pdf
2026-04-15 16:38:32,164 - CIMB - INFO - Scraping CIMB 2022 Q4...
2026-04-15 16:38:34,827 - CIMB - INFO - Found link: https://www.cimb.com/content/dam/cimb/group/documents/investor-relations/financial-information/cimb-group/2022/31-dec-2022/4Q22%20CIMB%20Group%20Financial%20Statement.pdf. Downloading...
2026-04-15 16:38:35,782 - CIMB - INFO - Successfully saved: C:\Users\HP\Documents\repos\financial-insights\src\scraper\data\raw\CIMB\CIMB_2022_Q4.pdf
2026-04-15 16:38:35,931 - CIMB - INFO - Scraping CIMB 2023 Q1...
2026-04-15 16:38:38,598 - CIMB - INFO - Found link: https://www.cimb.com/content/dam/cimb/group/documents/investor-relations/financial-information/cimb-group/2023/march-2023/1q23-cimb-group-financial-statement.pdf. Downloading...
2026-04-15 16:38:38,680 - CIMB - INFO - Successfully saved: C:\Users\HP\Documents\repos\financial-insights\src\scraper\data\raw\CIMB\CIMB_2023_Q1.pdf
2026-04-15 16:38:38,794 - CIMB - INFO - Scraping CIMB 2023 Q2...
2026-04-15 16:38:41,504 - CIMB - INFO - Found link: https://www.cimb.com/content/dam/cimb/group/documents/investor-relations/financial-information/cimb-group/2023/june-2023/2q23-cimb-group-financial-statement.pdf. Downloading...
2026-04-15 16:38:42,406 - CIMB - INFO - Successfully saved: C:\Users\HP\Documents\repos\financial-insights\src\scraper\data\raw\CIMB\CIMB_2023_Q2.pdf
2026-04-15 16:38:42,546 - CIMB - INFO - Scraping CIMB 2023 Q3...
2026-04-15 16:38:45,193 - CIMB - INFO - Found link: https://www.cimb.com/content/dam/cimb/group/documents/investor-relations/financial-information/cimb-group/2023/sept-2023/3q23-cimb-group-financial-statement.pdf. Downloading...
2026-04-15 16:38:46,049 - CIMB - INFO - Successfully saved: C:\Users\HP\Documents\repos\financial-insights\src\scraper\data\raw\CIMB\CIMB_2023_Q3.pdf
2026-04-15 16:38:46,222 - CIMB - INFO - Scraping CIMB 2023 Q4...
2026-04-15 16:38:48,875 - CIMB - INFO - Found link: https://www.cimb.com/content/dam/cimb/group/documents/investor-relations/financial-information/cimb-group/2023/dec-2023/4q23-cimb-group-financial-statement.pdf. Downloading...
2026-04-15 16:38:49,713 - CIMB - INFO - Successfully saved: C:\Users\HP\Documents\repos\financial-insights\src\scraper\data\raw\CIMB\CIMB_2023_Q4.pdf
2026-04-15 16:38:49,878 - CIMB - INFO - Scraping CIMB 2024 Q1...
2026-04-15 16:38:52,541 - CIMB - INFO - Found link: https://www.cimb.com/content/dam/cimb/group/documents/investor-relations/financial-information/cimb-group/2024/mar24/1q24-cimb-group-financial-statement.pdf. Downloading...
2026-04-15 16:38:53,308 - CIMB - INFO - Successfully saved: C:\Users\HP\Documents\repos\financial-insights\src\scraper\data\raw\CIMB\CIMB_2024_Q1.pdf
2026-04-15 16:38:53,440 - CIMB - INFO - Scraping CIMB 2024 Q2...
2026-04-15 16:38:56,055 - CIMB - INFO - Found link: https://www.cimb.com/content/dam/cimb/group/documents/investor-relations/financial-information/cimb-group/2024/jun-2024/2q24-cimb-group-financial-statement.pdf. Downloading...
2026-04-15 16:38:56,185 - CIMB - INFO - Successfully saved: C:\Users\HP\Documents\repos\financial-insights\src\scraper\data\raw\CIMB\CIMB_2024_Q2.pdf
2026-04-15 16:38:56,337 - CIMB - INFO - Scraping CIMB 2024 Q3...
2026-04-15 16:38:58,966 - CIMB - INFO - Found link: https://www.cimb.com/content/dam/cimb/group/documents/investor-relations/financial-information/cimb-group/2024/sep-2024/3q24-cimb-group-financial-statement.pdf. Downloading...
2026-04-15 16:38:59,834 - CIMB - INFO - Successfully saved: C:\Users\HP\Documents\repos\financial-insights\src\scraper\data\raw\CIMB\CIMB_2024_Q3.pdf
2026-04-15 16:38:59,990 - CIMB - INFO - Scraping CIMB 2024 Q4...
2026-04-15 16:39:02,643 - CIMB - INFO - Found link: https://www.cimb.com/content/dam/cimb/group/documents/investor-relations/financial-information/cimb-group/2024/dec-2024/4q24-cimb-group-financial-statement.pdf. Downloading...
2026-04-15 16:39:02,745 - CIMB - INFO - Successfully saved: C:\Users\HP\Documents\repos\financial-insights\src\scraper\data\raw\CIMB\CIMB_2024_Q4.pdf
2026-04-15 16:39:02,881 - CIMB - INFO - Scraping CIMB 2025 Q1...
2026-04-15 16:39:05,505 - CIMB - INFO - Found link: https://www.cimb.com/content/dam/cimb/group/documents/investor-relations/financial-information/cimb-group/2025/mar-2025/1q25-cimb-group-financial-statement.pdf. Downloading...
2026-04-15 16:39:06,116 - CIMB - INFO - Successfully saved: C:\Users\HP\Documents\repos\financial-insights\src\scraper\data\raw\CIMB\CIMB_2025_Q1.pdf
2026-04-15 16:39:06,263 - CIMB - INFO - Scraping CIMB 2025 Q2...
2026-04-15 16:39:08,916 - CIMB - INFO - Found link: https://www.cimb.com/content/dam/cimb/group/documents/investor-relations/financial-information/cimb-group/2025/june-2025/2q25-cimb-group-financial-statement.pdf. Downloading...
2026-04-15 16:39:09,002 - CIMB - INFO - Successfully saved: C:\Users\HP\Documents\repos\financial-insights\src\scraper\data\raw\CIMB\CIMB_2025_Q2.pdf
2026-04-15 16:39:09,127 - CIMB - INFO - Scraping CIMB 2025 Q3...
2026-04-15 16:39:11,757 - CIMB - INFO - Found link: https://www.cimb.com/content/dam/cimb/group/documents/investor-relations/financial-information/cimb-group/2025/sep-2025/3q25-cimb-group-financial-statement.pdf. Downloading...
2026-04-15 16:39:11,855 - CIMB - INFO - Successfully saved: C:\Users\HP\Documents\repos\financial-insights\src\scraper\data\raw\CIMB\CIMB_2025_Q3.pdf
2026-04-15 16:39:11,981 - CIMB - INFO - Scraping CIMB 2025 Q4...
2026-04-15 16:39:14,604 - CIMB - INFO - Found link: https://www.cimb.com/content/dam/cimb/group/documents/investor-relations/financial-information/cimb-group/2025/dec-2025/4q25-cimb-group-financial-statement1.pdf. Downloading...
2026-04-15 16:39:14,756 - CIMB - INFO - Successfully saved: C:\Users\HP\Documents\repos\financial-insights\src\scraper\data\raw\CIMB\CIMB_2025_Q4.pdf
2026-04-15 16:39:15,078 - MAIN - INFO - All done.
2026-04-15 17:51:23,561 - MAIN - INFO - Starting FinSight scraper in [full backfill] mode.
2026-04-15 17:51:23,562 - MAIN - INFO - MAYBANK: all reports already on disk – nothing to do.
2026-04-15 17:51:23,563 - MAIN - INFO - SUNWAY: all reports already on disk – nothing to do.
2026-04-15 17:51:23,563 - MAIN - INFO - GENTING: all reports already on disk – nothing to do.
2026-04-15 17:51:23,564 - MAIN - INFO - TELEKOM: all reports already on disk – nothing to do.
2026-04-15 17:51:23,564 - MAIN - INFO - MAXIS: all reports already on disk – nothing to do.
2026-04-15 17:51:23,565 - MAIN - INFO - PETRONAS: 7 reports to download \u2192 [(2020, 'Q3'), (2021, 'Q3'), (2022, 'Q3'), (2023, 'Q3'), (2024, 'Q3'), (2025, 'Q1'), (2025, 'Q3')]
2026-04-15 17:51:23,682 - PETRONAS - INFO - Skipping PETRONAS 2020 Q3 – Petronas does not publish a standalone Q3 report.
2026-04-15 17:51:23,800 - PETRONAS - INFO - Skipping PETRONAS 2021 Q3 – Petronas does not publish a standalone Q3 report.
2026-04-15 17:51:23,907 - PETRONAS - INFO - Skipping PETRONAS 2022 Q3 – Petronas does not publish a standalone Q3 report.
2026-04-15 17:51:24,016 - PETRONAS - INFO - Skipping PETRONAS 2023 Q3 – Petronas does not publish a standalone Q3 report.
2026-04-15 17:51:24,144 - PETRONAS - INFO - Skipping PETRONAS 2024 Q3 – Petronas does not publish a standalone Q3 report.
2026-04-15 17:51:24,264 - PETRONAS - INFO - Scraping PETRONAS 2025 Q1...
2026-04-15 17:51:26,968 - PETRONAS - WARNING - No 'Financial Report' link found for 2025 Q1 – report may not be published yet or the year doesn't exist on the page.
2026-04-15 17:51:27,079 - PETRONAS - INFO - Skipping PETRONAS 2025 Q3 – Petronas does not publish a standalone Q3 report.
2026-04-15 17:51:27,088 - MAIN - INFO - TNB: all reports already on disk – nothing to do.
2026-04-15 17:51:27,089 - MAIN - INFO - CIMB: all reports already on disk – nothing to do.
2026-04-15 17:51:27,341 - MAIN - INFO - All done.
2026-04-15 20:27:54,996 - MAIN - INFO - Starting FinSight scraper in [full backfill] mode.
2026-04-15 20:27:54,997 - MAIN - INFO - MAYBANK: 24 reports to download \u2192 [(2020, 'Q1'), (2020, 'Q2'), (2020, 'Q3'), (2020, 'Q4'), (2021, 'Q1'), (2021, 'Q2'), (2021, 'Q3'), (2021, 'Q4'), (2022, 'Q1'), (2022, 'Q2'), (2022, 'Q3'), (2022, 'Q4'), (2023, 'Q1'), (2023, 'Q2'), (2023, 'Q3'), (2023, 'Q4'), (2024, 'Q1'), (2024, 'Q2'), (2024, 'Q3'), (2024, 'Q4'), (2025, 'Q1'), (2025, 'Q2'), (2025, 'Q3'), (2025, 'Q4')]
2026-04-15 20:27:55,236 - MAYBANK - INFO - Scraping MAYBANK 2020 Q1...
2026-04-15 20:28:06,151 - MAYBANK - INFO - Selected year FY2020 in the filter dropdown.
2026-04-15 20:28:09,325 - MAYBANK - INFO - Found link: https://www.maybank.com/iwov-resources/documents/pdf/quarterly-report/2020/20200521_Maybank_Group_FS-Mar_2020.pdf. Injecting iframe to capture PDF bytes...
2026-04-15 20:28:09,640 - MAYBANK - INFO - Successfully saved: C:\Users\HP\Documents\repos\financial-insights\src\scraper\data\raw\MAYBANK\MAYBANK_2020_Q1.pdf
2026-04-15 20:28:09,792 - MAYBANK - INFO - Scraping MAYBANK 2020 Q2...
2026-04-15 20:28:19,258 - MAYBANK - INFO - Selected year FY2020 in the filter dropdown.
2026-04-15 20:28:22,311 - MAYBANK - INFO - Found link: https://www.maybank.com/iwov-resources/documents/pdf/quarterly-report/2020/20200827_Maybank_Group_FS-Jun_2020.pdf. Injecting iframe to capture PDF bytes...
2026-04-15 20:28:22,570 - MAYBANK - INFO - Successfully saved: C:\Users\HP\Documents\repos\financial-insights\src\scraper\data\raw\MAYBANK\MAYBANK_2020_Q2.pdf
2026-04-15 20:28:22,832 - MAYBANK - INFO - Scraping MAYBANK 2020 Q3...
2026-04-15 20:28:32,233 - MAYBANK - INFO - Selected year FY2020 in the filter dropdown.
2026-04-15 20:28:35,273 - MAYBANK - INFO - Found link: https://www.maybank.com/iwov-resources/documents/pdf/quarterly-report/2020/20201127_Maybank_Group_FS-Sep_2020.pdf. Injecting iframe to capture PDF bytes...
2026-04-15 20:28:35,517 - MAYBANK - INFO - Successfully saved: C:\Users\HP\Documents\repos\financial-insights\src\scraper\data\raw\MAYBANK\MAYBANK_2020_Q3.pdf
2026-04-15 20:28:35,661 - MAYBANK - INFO - Scraping MAYBANK 2020 Q4...
2026-04-15 20:28:45,074 - MAYBANK - INFO - Selected year FY2020 in the filter dropdown.
2026-04-15 20:28:48,104 - MAYBANK - INFO - Found link: https://www.maybank.com/iwov-resources/documents/pdf/quarterly-report/2020/20210225_Maybank_Group_FS-Dec_2020.pdf. Injecting iframe to capture PDF bytes...
2026-04-15 20:28:48,352 - MAYBANK - INFO - Successfully saved: C:\Users\HP\Documents\repos\financial-insights\src\scraper\data\raw\MAYBANK\MAYBANK_2020_Q4.pdf
2026-04-15 20:28:48,515 - MAYBANK - INFO - Scraping MAYBANK 2021 Q1...
2026-04-15 20:28:57,913 - MAYBANK - INFO - Selected year FY2021 in the filter dropdown.
2026-04-15 20:29:00,937 - MAYBANK - INFO - Found link: https://www.maybank.com/iwov-resources/documents/pdf/quarterly-report/2021/20210527_Maybank_Group_FS-Mar_2021.pdf. Injecting iframe to capture PDF bytes...
2026-04-15 20:29:01,066 - MAYBANK - INFO - Successfully saved: C:\Users\HP\Documents\repos\financial-insights\src\scraper\data\raw\MAYBANK\MAYBANK_2021_Q1.pdf
2026-04-15 20:29:01,240 - MAYBANK - INFO - Scraping MAYBANK 2021 Q2...
2026-04-15 20:29:10,657 - MAYBANK - INFO - Selected year FY2021 in the filter dropdown.
2026-04-15 20:29:13,698 - MAYBANK - INFO - Found link: https://www.maybank.com/iwov-resources/documents/pdf/quarterly-report/2021/20210826_Maybank_Group_FS-Jun_2021.pdf. Injecting iframe to capture PDF bytes...
2026-04-15 20:29:13,836 - MAYBANK - INFO - Successfully saved: C:\Users\HP\Documents\repos\financial-insights\src\scraper\data\raw\MAYBANK\MAYBANK_2021_Q2.pdf
2026-04-15 20:29:13,997 - MAYBANK - INFO - Scraping MAYBANK 2021 Q3...
2026-04-15 20:29:23,319 - MAYBANK - INFO - Selected year FY2021 in the filter dropdown.
2026-04-15 20:29:26,369 - MAYBANK - INFO - Found link: https://www.maybank.com/iwov-resources/documents/pdf/quarterly-report/2021/20211125_Maybank_Group_FS-Sep_2021.pdf. Injecting iframe to capture PDF bytes...
2026-04-15 20:29:26,599 - MAYBANK - INFO - Successfully saved: C:\Users\HP\Documents\repos\financial-insights\src\scraper\data\raw\MAYBANK\MAYBANK_2021_Q3.pdf
2026-04-15 20:29:26,759 - MAYBANK - INFO - Scraping MAYBANK 2021 Q4...
2026-04-15 20:29:36,080 - MAYBANK - INFO - Selected year FY2021 in the filter dropdown.
2026-04-15 20:29:39,095 - MAYBANK - INFO - Found link: https://www.maybank.com/iwov-resources/documents/pdf/quarterly-report/2021/20220224-Maybank-Group-FS-Dec-2021.pdf. Injecting iframe to capture PDF bytes...
2026-04-15 20:29:39,174 - MAYBANK - INFO - Successfully saved: C:\Users\HP\Documents\repos\financial-insights\src\scraper\data\raw\MAYBANK\MAYBANK_2021_Q4.pdf
2026-04-15 20:29:39,329 - MAYBANK - INFO - Scraping MAYBANK 2022 Q1...
2026-04-15 20:29:48,908 - MAYBANK - INFO - Selected year FY2022 in the filter dropdown.
2026-04-15 20:29:51,970 - MAYBANK - INFO - Found link: https://www.maybank.com/iwov-resources/documents/pdf/quarterly-report/2022/Maybank-Group-Financial-Statements-Mar-2022.pdf. Injecting iframe to capture PDF bytes...
2026-04-15 20:29:53,846 - MAYBANK - INFO - Successfully saved: C:\Users\HP\Documents\repos\financial-insights\src\scraper\data\raw\MAYBANK\MAYBANK_2022_Q1.pdf
2026-04-15 20:29:54,020 - MAYBANK - INFO - Scraping MAYBANK 2022 Q2...
2026-04-15 20:30:03,488 - MAYBANK - INFO - Selected year FY2022 in the filter dropdown.
2026-04-15 20:30:06,515 - MAYBANK - INFO - Found link: https://www.maybank.com/iwov-resources/documents/pdf/quarterly-report/2022/Maybank-Group-Financial-Statements-Jun-2022.pdf. Injecting iframe to capture PDF bytes...
2026-04-15 20:30:14,058 - MAYBANK - INFO - Successfully saved: C:\Users\HP\Documents\repos\financial-insights\src\scraper\data\raw\MAYBANK\MAYBANK_2022_Q2.pdf
2026-04-15 20:30:14,244 - MAYBANK - INFO - Scraping MAYBANK 2022 Q3...
2026-04-15 20:30:23,805 - MAYBANK - INFO - Selected year FY2022 in the filter dropdown.
2026-04-15 20:30:26,905 - MAYBANK - INFO - Found link: https://www.maybank.com/iwov-resources/documents/pdf/quarterly-report/2022/Maybank-Group-Financial-Statements-Sep-2022.pdf. Injecting iframe to capture PDF bytes...
2026-04-15 20:30:27,079 - MAYBANK - INFO - Successfully saved: C:\Users\HP\Documents\repos\financial-insights\src\scraper\data\raw\MAYBANK\MAYBANK_2022_Q3.pdf
2026-04-15 20:30:27,254 - MAYBANK - INFO - Scraping MAYBANK 2022 Q4...
2026-04-15 20:30:36,924 - MAYBANK - INFO - Selected year FY2022 in the filter dropdown.
2026-04-15 20:30:39,970 - MAYBANK - INFO - Found link: https://www.maybank.com/iwov-resources/documents/pdf/quarterly-report/2022/Maybank-Group-Financial-Statements-Dec-2022.pdf. Injecting iframe to capture PDF bytes...
2026-04-15 20:30:40,066 - MAYBANK - INFO - Successfully saved: C:\Users\HP\Documents\repos\financial-insights\src\scraper\data\raw\MAYBANK\MAYBANK_2022_Q4.pdf
2026-04-15 20:30:40,218 - MAYBANK - INFO - Scraping MAYBANK 2023 Q1...
2026-04-15 20:30:49,660 - MAYBANK - INFO - Selected year FY2023 in the filter dropdown.
2026-04-15 20:30:52,708 - MAYBANK - INFO - Found link: https://www.maybank.com/iwov-resources/documents/pdf/quarterly-report/2023/Maybank-Group-Financial-Statements-Mar-2023.pdf. Injecting iframe to capture PDF bytes...
2026-04-15 20:30:52,772 - MAYBANK - INFO - Successfully saved: C:\Users\HP\Documents\repos\financial-insights\src\scraper\data\raw\MAYBANK\MAYBANK_2023_Q1.pdf
2026-04-15 20:30:52,966 - MAYBANK - INFO - Scraping MAYBANK 2023 Q2...
2026-04-15 20:31:02,397 - MAYBANK - INFO - Selected year FY2023 in the filter dropdown.
2026-04-15 20:31:05,465 - MAYBANK - INFO - Found link: https://www.maybank.com/iwov-resources/documents/pdf/quarterly-report/2023/Maybank-Group-Financial-Statements-Jun-2023.pdf. Injecting iframe to capture PDF bytes...
2026-04-15 20:31:05,527 - MAYBANK - INFO - Successfully saved: C:\Users\HP\Documents\repos\financial-insights\src\scraper\data\raw\MAYBANK\MAYBANK_2023_Q2.pdf
2026-04-15 20:31:05,683 - MAYBANK - INFO - Scraping MAYBANK 2023 Q3...
2026-04-15 20:31:15,195 - MAYBANK - INFO - Selected year FY2023 in the filter dropdown.
2026-04-15 20:31:18,248 - MAYBANK - INFO - Found link: https://www.maybank.com/iwov-resources/documents/pdf/quarterly-report/2023/Maybank-Group-Financial-Statements-Sep-2023.pdf. Injecting iframe to capture PDF bytes...
2026-04-15 20:31:18,398 - MAYBANK - INFO - Successfully saved: C:\Users\HP\Documents\repos\financial-insights\src\scraper\data\raw\MAYBANK\MAYBANK_2023_Q3.pdf
2026-04-15 20:31:18,628 - MAYBANK - INFO - Scraping MAYBANK 2023 Q4...
2026-04-15 20:31:28,112 - MAYBANK - INFO - Selected year FY2023 in the filter dropdown.
2026-04-15 20:31:31,150 - MAYBANK - INFO - Found link: https://www.maybank.com/iwov-resources/documents/pdf/quarterly-report/2023/Maybank-Group-Financial-Statements-Dec-2023.pdf. Injecting iframe to capture PDF bytes...
2026-04-15 20:31:31,276 - MAYBANK - INFO - Successfully saved: C:\Users\HP\Documents\repos\financial-insights\src\scraper\data\raw\MAYBANK\MAYBANK_2023_Q4.pdf
2026-04-15 20:31:31,431 - MAYBANK - INFO - Scraping MAYBANK 2024 Q1...
2026-04-15 20:31:40,773 - MAYBANK - INFO - Selected year FY2024 in the filter dropdown.
2026-04-15 20:31:43,816 - MAYBANK - INFO - Found link: https://www.maybank.com/iwov-resources/documents/pdf/quarterly-report/2024/Maybank-Group-Financial-Statements-Mar-2024.pdf. Injecting iframe to capture PDF bytes...
2026-04-15 20:31:43,945 - MAYBANK - INFO - Successfully saved: C:\Users\HP\Documents\repos\financial-insights\src\scraper\data\raw\MAYBANK\MAYBANK_2024_Q1.pdf
2026-04-15 20:31:44,101 - MAYBANK - INFO - Scraping MAYBANK 2024 Q2...
2026-04-15 20:31:53,531 - MAYBANK - INFO - Selected year FY2024 in the filter dropdown.
2026-04-15 20:31:56,617 - MAYBANK - INFO - Found link: https://www.maybank.com/iwov-resources/documents/pdf/quarterly-report/2024/Maybank-Group-Financial-Statements-Jun-2024.pdf. Injecting iframe to capture PDF bytes...
2026-04-15 20:31:56,706 - MAYBANK - INFO - Successfully saved: C:\Users\HP\Documents\repos\financial-insights\src\scraper\data\raw\MAYBANK\MAYBANK_2024_Q2.pdf
2026-04-15 20:31:56,860 - MAYBANK - INFO - Scraping MAYBANK 2024 Q3...
2026-04-15 20:32:06,340 - MAYBANK - INFO - Selected year FY2024 in the filter dropdown.
2026-04-15 20:32:09,401 - MAYBANK - INFO - Found link: https://www.maybank.com/iwov-resources/documents/pdf/quarterly-report/2024/Maybank-Group-Financial-Statements-Sep-2024.pdf. Injecting iframe to capture PDF bytes...
2026-04-15 20:32:09,522 - MAYBANK - INFO - Successfully saved: C:\Users\HP\Documents\repos\financial-insights\src\scraper\data\raw\MAYBANK\MAYBANK_2024_Q3.pdf
2026-04-15 20:32:09,679 - MAYBANK - INFO - Scraping MAYBANK 2024 Q4...
2026-04-15 20:32:19,054 - MAYBANK - INFO - Selected year FY2024 in the filter dropdown.
2026-04-15 20:32:22,133 - MAYBANK - INFO - Found link: https://www.maybank.com/iwov-resources/documents/pdf/quarterly-report/2024/Maybank-Group-Financial-Statements-Dec-2024.pdf. Injecting iframe to capture PDF bytes...
2026-04-15 20:32:22,253 - MAYBANK - INFO - Successfully saved: C:\Users\HP\Documents\repos\financial-insights\src\scraper\data\raw\MAYBANK\MAYBANK_2024_Q4.pdf
2026-04-15 20:32:22,416 - MAYBANK - INFO - Scraping MAYBANK 2025 Q1...
2026-04-15 20:32:31,848 - MAYBANK - INFO - Selected year FY2025 in the filter dropdown.
2026-04-15 20:32:34,882 - MAYBANK - INFO - Found link: https://www.maybank.com/iwov-resources/documents/pdf/quarterly-report/2025/Maybank-Group-Financial-Statements-Mar-2025.pdf. Injecting iframe to capture PDF bytes...
2026-04-15 20:32:34,944 - MAYBANK - INFO - Successfully saved: C:\Users\HP\Documents\repos\financial-insights\src\scraper\data\raw\MAYBANK\MAYBANK_2025_Q1.pdf
2026-04-15 20:32:35,092 - MAYBANK - INFO - Scraping MAYBANK 2025 Q2...
2026-04-15 20:32:44,481 - MAYBANK - INFO - Selected year FY2025 in the filter dropdown.
2026-04-15 20:32:47,532 - MAYBANK - INFO - Found link: https://www.maybank.com/iwov-resources/documents/pdf/quarterly-report/2025/Maybank-Group-Financial-Statements-Jun-2025.pdf. Injecting iframe to capture PDF bytes...
2026-04-15 20:32:47,634 - MAYBANK - INFO - Successfully saved: C:\Users\HP\Documents\repos\financial-insights\src\scraper\data\raw\MAYBANK\MAYBANK_2025_Q2.pdf
2026-04-15 20:32:47,816 - MAYBANK - INFO - Scraping MAYBANK 2025 Q3...
2026-04-15 20:32:57,239 - MAYBANK - INFO - Selected year FY2025 in the filter dropdown.
2026-04-15 20:33:00,310 - MAYBANK - INFO - Found link: https://www.maybank.com/iwov-resources/documents/pdf/quarterly-report/2025/maybank-group-financial-statements-fy2025-3q.pdf. Injecting iframe to capture PDF bytes...
2026-04-15 20:33:00,433 - MAYBANK - INFO - Successfully saved: C:\Users\HP\Documents\repos\financial-insights\src\scraper\data\raw\MAYBANK\MAYBANK_2025_Q3.pdf
2026-04-15 20:33:00,582 - MAYBANK - INFO - Scraping MAYBANK 2025 Q4...
2026-04-15 20:33:09,963 - MAYBANK - INFO - Selected year FY2025 in the filter dropdown.
2026-04-15 20:33:13,027 - MAYBANK - INFO - Found link: https://www.maybank.com/iwov-resources/documents/pdf/quarterly-report/2025/maybank-group-financial-statements-fy2025-4q.pdf. Injecting iframe to capture PDF bytes...
2026-04-15 20:33:13,118 - MAYBANK - INFO - Successfully saved: C:\Users\HP\Documents\repos\financial-insights\src\scraper\data\raw\MAYBANK\MAYBANK_2025_Q4.pdf
2026-04-15 20:33:13,143 - MAIN - INFO - SUNWAY: 24 reports to download \u2192 [(2020, 'Q1'), (2020, 'Q2'), (2020, 'Q3'), (2020, 'Q4'), (2021, 'Q1'), (2021, 'Q2'), (2021, 'Q3'), (2021, 'Q4'), (2022, 'Q1'), (2022, 'Q2'), (2022, 'Q3'), (2022, 'Q4'), (2023, 'Q1'), (2023, 'Q2'), (2023, 'Q3'), (2023, 'Q4'), (2024, 'Q1'), (2024, 'Q2'), (2024, 'Q3'), (2024, 'Q4'), (2025, 'Q1'), (2025, 'Q2'), (2025, 'Q3'), (2025, 'Q4')]
2026-04-15 20:33:13,254 - SUNWAY - INFO - Scraping SUNWAY 2020 Q1...
2026-04-15 20:33:17,832 - SUNWAY - INFO - Found link: https://ir2.chartnexus.com/sunway/doc/quarterly/Q1_2020.pdf. Downloading...
2026-04-15 20:33:18,422 - SUNWAY - INFO - Successfully saved: C:\Users\HP\Documents\repos\financial-insights\src\scraper\data\raw\SUNWAY\SUNWAY_2020_Q1.pdf
2026-04-15 20:33:18,582 - SUNWAY - INFO - Scraping SUNWAY 2020 Q2...
2026-04-15 20:33:21,385 - SUNWAY - INFO - Found link: https://ir2.chartnexus.com/sunway/doc/quarterly/Q2_2020.pdf. Downloading...
2026-04-15 20:33:21,509 - SUNWAY - INFO - Successfully saved: C:\Users\HP\Documents\repos\financial-insights\src\scraper\data\raw\SUNWAY\SUNWAY_2020_Q2.pdf
2026-04-15 20:33:21,634 - SUNWAY - INFO - Scraping SUNWAY 2020 Q3...
2026-04-15 20:33:24,383 - SUNWAY - INFO - Found link: https://ir2.chartnexus.com/sunway/doc/quarterly/Q3_2020.pdf. Downloading...
2026-04-15 20:33:24,483 - SUNWAY - INFO - Successfully saved: C:\Users\HP\Documents\repos\financial-insights\src\scraper\data\raw\SUNWAY\SUNWAY_2020_Q3.pdf
2026-04-15 20:33:24,645 - SUNWAY - INFO - Scraping SUNWAY 2020 Q4...
2026-04-15 20:33:27,594 - SUNWAY - INFO - Found link: https://ir2.chartnexus.com/sunway/doc/quarterly/Q4_2020.pdf. Downloading...
2026-04-15 20:33:27,672 - SUNWAY - INFO - Successfully saved: C:\Users\HP\Documents\repos\financial-insights\src\scraper\data\raw\SUNWAY\SUNWAY_2020_Q4.pdf
2026-04-15 20:33:27,825 - SUNWAY - INFO - Scraping SUNWAY 2021 Q1...
2026-04-15 20:33:30,691 - SUNWAY - INFO - Found link: https://ir2.chartnexus.com/sunway/doc/quarterly/Q1_2021.pdf. Downloading...
2026-04-15 20:33:30,740 - SUNWAY - INFO - Successfully saved: C:\Users\HP\Documents\repos\financial-insights\src\scraper\data\raw\SUNWAY\SUNWAY_2021_Q1.pdf
2026-04-15 20:33:30,931 - SUNWAY - INFO - Scraping SUNWAY 2021 Q2...
2026-04-15 20:33:33,888 - SUNWAY - INFO - Found link: https://ir2.chartnexus.com/sunway/doc/quarterly/Q2_2021.pdf. Downloading...
2026-04-15 20:33:34,293 - SUNWAY - INFO - Successfully saved: C:\Users\HP\Documents\repos\financial-insights\src\scraper\data\raw\SUNWAY\SUNWAY_2021_Q2.pdf
2026-04-15 20:33:34,492 - SUNWAY - INFO - Scraping SUNWAY 2021 Q3...
2026-04-15 20:33:38,475 - SUNWAY - INFO - Found link: https://ir2.chartnexus.com/sunway/doc/quarterly/Q3_2021.pdf. Downloading...
2026-04-15 20:33:38,737 - SUNWAY - INFO - Successfully saved: C:\Users\HP\Documents\repos\financial-insights\src\scraper\data\raw\SUNWAY\SUNWAY_2021_Q3.pdf
2026-04-15 20:33:38,930 - SUNWAY - INFO - Scraping SUNWAY 2021 Q4...
2026-04-15 20:33:42,644 - SUNWAY - INFO - Found link: https://ir2.chartnexus.com/sunway/doc/quarterly/Q4_2021.pdf. Downloading...
2026-04-15 20:33:42,711 - SUNWAY - INFO - Successfully saved: C:\Users\HP\Documents\repos\financial-insights\src\scraper\data\raw\SUNWAY\SUNWAY_2021_Q4.pdf
2026-04-15 20:33:42,977 - SUNWAY - INFO - Scraping SUNWAY 2022 Q1...
2026-04-15 20:33:45,803 - SUNWAY - INFO - Found link: https://ir2.chartnexus.com/sunway/doc/quarterly/Q1_2022.pdf. Downloading...
2026-04-15 20:33:45,893 - SUNWAY - INFO - Successfully saved: C:\Users\HP\Documents\repos\financial-insights\src\scraper\data\raw\SUNWAY\SUNWAY_2022_Q1.pdf
2026-04-15 20:33:46,110 - SUNWAY - INFO - Scraping SUNWAY 2022 Q2...
2026-04-15 20:33:49,159 - SUNWAY - INFO - Found link: https://ir2.chartnexus.com/sunway/doc/quarterly/Q2_2022.pdf. Downloading...
2026-04-15 20:33:49,239 - SUNWAY - INFO - Successfully saved: C:\Users\HP\Documents\repos\financial-insights\src\scraper\data\raw\SUNWAY\SUNWAY_2022_Q2.pdf
2026-04-15 20:33:49,483 - SUNWAY - INFO - Scraping SUNWAY 2022 Q3...
2026-04-15 20:33:52,307 - SUNWAY - INFO - Found link: https://ir2.chartnexus.com/sunway/doc/quarterly/Q3_2022.pdf. Downloading...
2026-04-15 20:33:52,470 - SUNWAY - INFO - Successfully saved: C:\Users\HP\Documents\repos\financial-insights\src\scraper\data\raw\SUNWAY\SUNWAY_2022_Q3.pdf
2026-04-15 20:33:52,692 - SUNWAY - INFO - Scraping SUNWAY 2022 Q4...
2026-04-15 20:33:55,532 - SUNWAY - INFO - Found link: https://ir2.chartnexus.com/sunway/doc/quarterly/Q4_2022.pdf. Downloading...
2026-04-15 20:33:55,696 - SUNWAY - INFO - Successfully saved: C:\Users\HP\Documents\repos\financial-insights\src\scraper\data\raw\SUNWAY\SUNWAY_2022_Q4.pdf
2026-04-15 20:33:55,920 - SUNWAY - INFO - Scraping SUNWAY 2023 Q1...
2026-04-15 20:33:58,399 - SUNWAY - INFO - Found link: https://ir2.chartnexus.com/sunway/doc/quarterly/Q1_2023.pdf. Downloading...
2026-04-15 20:33:58,826 - SUNWAY - INFO - Successfully saved: C:\Users\HP\Documents\repos\financial-insights\src\scraper\data\raw\SUNWAY\SUNWAY_2023_Q1.pdf
2026-04-15 20:33:59,036 - SUNWAY - INFO - Scraping SUNWAY 2023 Q2...
2026-04-15 20:34:00,687 - SUNWAY - INFO - Found link: https://ir2.chartnexus.com/sunway/doc/quarterly/Q2_2023.pdf. Downloading...
2026-04-15 20:34:00,919 - SUNWAY - INFO - Successfully saved: C:\Users\HP\Documents\repos\financial-insights\src\scraper\data\raw\SUNWAY\SUNWAY_2023_Q2.pdf
2026-04-15 20:34:01,134 - SUNWAY - INFO - Scraping SUNWAY 2023 Q3...
2026-04-15 20:34:03,753 - SUNWAY - INFO - Found link: https://ir2.chartnexus.com/sunway/doc/quarterly/Q3_2023.pdf. Downloading...
2026-04-15 20:34:04,017 - SUNWAY - INFO - Successfully saved: C:\Users\HP\Documents\repos\financial-insights\src\scraper\data\raw\SUNWAY\SUNWAY_2023_Q3.pdf
2026-04-15 20:34:04,357 - SUNWAY - INFO - Scraping SUNWAY 2023 Q4...
2026-04-15 20:34:07,799 - SUNWAY - INFO - Found link: https://ir2.chartnexus.com/sunway/doc/quarterly/Q4_2023.pdf. Downloading...
2026-04-15 20:34:08,031 - SUNWAY - INFO - Successfully saved: C:\Users\HP\Documents\repos\financial-insights\src\scraper\data\raw\SUNWAY\SUNWAY_2023_Q4.pdf
2026-04-15 20:34:08,270 - SUNWAY - INFO - Scraping SUNWAY 2024 Q1...
2026-04-15 20:34:10,231 - SUNWAY - INFO - Found link: https://ir2.chartnexus.com/sunway/doc/quarterly/Q1_2024.pdf. Downloading...
2026-04-15 20:34:10,421 - SUNWAY - INFO - Successfully saved: C:\Users\HP\Documents\repos\financial-insights\src\scraper\data\raw\SUNWAY\SUNWAY_2024_Q1.pdf
2026-04-15 20:34:10,675 - SUNWAY - INFO - Scraping SUNWAY 2024 Q2...
2026-04-15 20:34:12,773 - SUNWAY - INFO - Found link: https://ir2.chartnexus.com/sunway/doc/quarterly/Q2_2024.pdf. Downloading...
2026-04-15 20:34:12,990 - SUNWAY - INFO - Successfully saved: C:\Users\HP\Documents\repos\financial-insights\src\scraper\data\raw\SUNWAY\SUNWAY_2024_Q2.pdf
2026-04-15 20:34:13,251 - SUNWAY - INFO - Scraping SUNWAY 2024 Q3...
2026-04-15 20:34:15,575 - SUNWAY - INFO - Found link: https://ir2.chartnexus.com/sunway/doc/quarterly/Q3_2024.pdf. Downloading...
2026-04-15 20:34:15,745 - SUNWAY - INFO - Successfully saved: C:\Users\HP\Documents\repos\financial-insights\src\scraper\data\raw\SUNWAY\SUNWAY_2024_Q3.pdf
2026-04-15 20:34:15,994 - SUNWAY - INFO - Scraping SUNWAY 2024 Q4...
2026-04-15 20:34:18,889 - SUNWAY - INFO - Found link: https://ir2.chartnexus.com/sunway/doc/quarterly/Q4_2024.pdf. Downloading...
2026-04-15 20:34:19,939 - SUNWAY - INFO - Successfully saved: C:\Users\HP\Documents\repos\financial-insights\src\scraper\data\raw\SUNWAY\SUNWAY_2024_Q4.pdf
2026-04-15 20:34:20,156 - SUNWAY - INFO - Scraping SUNWAY 2025 Q1...
2026-04-15 20:34:21,429 - SUNWAY - INFO - Found link: https://ir2.chartnexus.com/sunway/doc/quarterly/Q1_2025.pdf. Downloading...
2026-04-15 20:34:21,650 - SUNWAY - INFO - Successfully saved: C:\Users\HP\Documents\repos\financial-insights\src\scraper\data\raw\SUNWAY\SUNWAY_2025_Q1.pdf
2026-04-15 20:34:21,893 - SUNWAY - INFO - Scraping SUNWAY 2025 Q2...
2026-04-15 20:34:23,250 - SUNWAY - INFO - Found link: https://ir2.chartnexus.com/sunway/doc/quarterly/Q2_2025.pdf. Downloading...
2026-04-15 20:34:23,795 - SUNWAY - INFO - Successfully saved: C:\Users\HP\Documents\repos\financial-insights\src\scraper\data\raw\SUNWAY\SUNWAY_2025_Q2.pdf
2026-04-15 20:34:24,016 - SUNWAY - INFO - Scraping SUNWAY 2025 Q3...
2026-04-15 20:34:25,412 - SUNWAY - INFO - Found link: https://ir2.chartnexus.com/sunway/doc/quarterly/Q3_2025.pdf. Downloading...
2026-04-15 20:34:25,745 - SUNWAY - INFO - Successfully saved: C:\Users\HP\Documents\repos\financial-insights\src\scraper\data\raw\SUNWAY\SUNWAY_2025_Q3.pdf
2026-04-15 20:34:25,952 - SUNWAY - INFO - Scraping SUNWAY 2025 Q4...
2026-04-15 20:34:27,622 - SUNWAY - INFO - Found link: https://ir2.chartnexus.com/sunway/doc/quarterly/Q4_2025.pdf. Downloading...
2026-04-15 20:34:27,939 - SUNWAY - INFO - Successfully saved: C:\Users\HP\Documents\repos\financial-insights\src\scraper\data\raw\SUNWAY\SUNWAY_2025_Q4.pdf
2026-04-15 20:34:27,968 - MAIN - INFO - GENTING: 24 reports to download \u2192 [(2020, 'Q1'), (2020, 'Q2'), (2020, 'Q3'), (2020, 'Q4'), (2021, 'Q1'), (2021, 'Q2'), (2021, 'Q3'), (2021, 'Q4'), (2022, 'Q1'), (2022, 'Q2'), (2022, 'Q3'), (2022, 'Q4'), (2023, 'Q1'), (2023, 'Q2'), (2023, 'Q3'), (2023, 'Q4'), (2024, 'Q1'), (2024, 'Q2'), (2024, 'Q3'), (2024, 'Q4'), (2025, 'Q1'), (2025, 'Q2'), (2025, 'Q3'), (2025, 'Q4')]
2026-04-15 20:34:28,195 - GENTING - INFO - Scraping GENTING 2020 Q1...
2026-04-15 20:34:35,223 - GENTING - INFO - Activated tab panel #20 for 2020.
2026-04-15 20:34:35,737 - GENTING - INFO - Found link: https://www.genting.com/wp-content/uploads/2020/05/GENT-1Q-2020-Results-Announcement-Press-Release.pdf. Downloading...
2026-04-15 20:34:35,948 - GENTING - INFO - Successfully saved: C:\Users\HP\Documents\repos\financial-insights\src\scraper\data\raw\GENTING\GENTING_2020_Q1.pdf
2026-04-15 20:34:36,179 - GENTING - INFO - Scraping GENTING 2020 Q2...
2026-04-15 20:34:42,831 - GENTING - INFO - Activated tab panel #20 for 2020.
2026-04-15 20:34:43,350 - GENTING - INFO - Found link: https://www.genting.com/wp-content/uploads/2020/08/200827-GENT-GENT-2nd-Grp-Qtrly-Rept-2020-Press-Release-27-Aug-2020.pdf. Downloading...
2026-04-15 20:34:43,562 - GENTING - INFO - Successfully saved: C:\Users\HP\Documents\repos\financial-insights\src\scraper\data\raw\GENTING\GENTING_2020_Q2.pdf
2026-04-15 20:34:43,714 - GENTING - INFO - Scraping GENTING 2020 Q3...
2026-04-15 20:34:50,297 - GENTING - INFO - Activated tab panel #20 for 2020.
2026-04-15 20:34:50,819 - GENTING - INFO - Found link: https://www.genting.com/wp-content/uploads/2020/11/201126-GENT-3rd-Grp-Qtrly-Rept-Press-Release-2020.pdf. Downloading...
2026-04-15 20:34:50,977 - GENTING - INFO - Successfully saved: C:\Users\HP\Documents\repos\financial-insights\src\scraper\data\raw\GENTING\GENTING_2020_Q3.pdf
2026-04-15 20:34:51,119 - GENTING - INFO - Scraping GENTING 2020 Q4...
2026-04-15 20:34:57,727 - GENTING - INFO - Activated tab panel #20 for 2020.
2026-04-15 20:34:58,245 - GENTING - INFO - Found link: https://www.genting.com/wp-content/uploads/2021/02/210225-GENT-4th-Grp-Qtrly-Rept-Press-Release-2020-25-Feb-2021.pdf. Downloading...
2026-04-15 20:34:58,474 - GENTING - INFO - Successfully saved: C:\Users\HP\Documents\repos\financial-insights\src\scraper\data\raw\GENTING\GENTING_2020_Q4.pdf
2026-04-15 20:34:58,617 - GENTING - INFO - Scraping GENTING 2021 Q1...
2026-04-15 20:35:05,272 - GENTING - INFO - Activated tab panel #21 for 2021.
2026-04-15 20:35:05,789 - GENTING - INFO - Found link: https://www.genting.com/wp-content/uploads/2021/03/210525-GENT-2021-1Q-Report-Press-Release-25-May-2021.pdf. Downloading...
2026-04-15 20:35:05,946 - GENTING - INFO - Successfully saved: C:\Users\HP\Documents\repos\financial-insights\src\scraper\data\raw\GENTING\GENTING_2021_Q1.pdf
2026-04-15 20:35:06,094 - GENTING - INFO - Scraping GENTING 2021 Q2...
2026-04-15 20:35:12,737 - GENTING - INFO - Activated tab panel #21 for 2021.
2026-04-15 20:35:13,255 - GENTING - INFO - Found link: https://www.genting.com/wp-content/uploads/2021/08/210827-GENT-2nd-Grp-Qtrly-Report-and-Press-Release-27-Aug-2021.pdf. Downloading...
2026-04-15 20:35:13,451 - GENTING - INFO - Successfully saved: C:\Users\HP\Documents\repos\financial-insights\src\scraper\data\raw\GENTING\GENTING_2021_Q2.pdf
2026-04-15 20:35:13,586 - GENTING - INFO - Scraping GENTING 2021 Q3...
2026-04-15 20:35:20,200 - GENTING - INFO - Activated tab panel #21 for 2021.
2026-04-15 20:35:20,714 - GENTING - INFO - Found link: https://www.genting.com/wp-content/uploads/2021/11/211125-GENT-3rd-Grp-Qtrly-Rept-2021_combined-25-Nov-2021.pdf. Downloading...
2026-04-15 20:35:20,892 - GENTING - INFO - Successfully saved: C:\Users\HP\Documents\repos\financial-insights\src\scraper\data\raw\GENTING\GENTING_2021_Q3.pdf
2026-04-15 20:35:21,037 - GENTING - INFO - Scraping GENTING 2021 Q4...
2026-04-15 20:35:27,620 - GENTING - INFO - Activated tab panel #21 for 2021.
2026-04-15 20:35:28,138 - GENTING - INFO - Found link: https://www.genting.com/wp-content/uploads/2022/02/GENT_4thGrpQtrlyRept2021_PressRelease_Investor-Relations.pdf. Downloading...
2026-04-15 20:35:28,328 - GENTING - INFO - Successfully saved: C:\Users\HP\Documents\repos\financial-insights\src\scraper\data\raw\GENTING\GENTING_2021_Q4.pdf
2026-04-15 20:35:28,458 - GENTING - INFO - Scraping GENTING 2022 Q1...
2026-04-15 20:35:35,060 - GENTING - INFO - Activated tab panel #22 for 2022.
2026-04-15 20:35:35,572 - GENTING - INFO - Found link: https://www.genting.com/wp-content/uploads/2022/05/GENT-First-Quarterly-Report-and-Press-Release.pdf. Downloading...
2026-04-15 20:35:35,742 - GENTING - INFO - Successfully saved: C:\Users\HP\Documents\repos\financial-insights\src\scraper\data\raw\GENTING\GENTING_2022_Q1.pdf
2026-04-15 20:35:35,893 - GENTING - INFO - Scraping GENTING 2022 Q2...
2026-04-15 20:35:42,521 - GENTING - INFO - Activated tab panel #22 for 2022.
2026-04-15 20:35:43,031 - GENTING - INFO - Found link: https://www.genting.com/wp-content/uploads/2022/08/GENT_2022_2Q_Report_Press_Release.pdf. Downloading...
2026-04-15 20:35:43,211 - GENTING - INFO - Successfully saved: C:\Users\HP\Documents\repos\financial-insights\src\scraper\data\raw\GENTING\GENTING_2022_Q2.pdf
2026-04-15 20:35:43,357 - GENTING - INFO - Scraping GENTING 2022 Q3...
2026-04-15 20:35:50,019 - GENTING - INFO - Activated tab panel #22 for 2022.
2026-04-15 20:35:50,543 - GENTING - INFO - Found link: https://www.genting.com/wp-content/uploads/2022/11/GENT-Third-Quarterly-Report-Press-Release.pdf. Downloading...
2026-04-15 20:35:50,659 - GENTING - INFO - Successfully saved: C:\Users\HP\Documents\repos\financial-insights\src\scraper\data\raw\GENTING\GENTING_2022_Q3.pdf
2026-04-15 20:35:50,868 - GENTING - INFO - Scraping GENTING 2022 Q4...
2026-04-15 20:35:57,530 - GENTING - INFO - Activated tab panel #22 for 2022.
2026-04-15 20:35:58,047 - GENTING - INFO - Found link: https://www.genting.com/wp-content/uploads/2023/02/GENT-4th-Grp-Qtrly-Rept-2022-23-Feb-2023.pdf. Downloading...
2026-04-15 20:35:58,301 - GENTING - INFO - Successfully saved: C:\Users\HP\Documents\repos\financial-insights\src\scraper\data\raw\GENTING\GENTING_2022_Q4.pdf
2026-04-15 20:35:58,455 - GENTING - INFO - Scraping GENTING 2023 Q1...
2026-04-15 20:36:05,122 - GENTING - INFO - Activated tab panel #23 for 2023.
2026-04-15 20:36:05,640 - GENTING - INFO - Found link: https://www.genting.com/wp-content/uploads/2023/05/230525-GENT-2023-Q1-Report-Press-Release-25-May-2023.pdf. Downloading...
2026-04-15 20:36:07,278 - GENTING - INFO - Successfully saved: C:\Users\HP\Documents\repos\financial-insights\src\scraper\data\raw\GENTING\GENTING_2023_Q1.pdf
2026-04-15 20:36:07,411 - GENTING - INFO - Scraping GENTING 2023 Q2...
2026-04-15 20:36:14,068 - GENTING - INFO - Activated tab panel #23 for 2023.
2026-04-15 20:36:14,581 - GENTING - INFO - Found link: https://www.genting.com/wp-content/uploads/2023/08/GENT_SecondQuarterly-Report_Press-Release_24Aug2023.pdf. Downloading...
2026-04-15 20:36:14,669 - GENTING - INFO - Successfully saved: C:\Users\HP\Documents\repos\financial-insights\src\scraper\data\raw\GENTING\GENTING_2023_Q2.pdf
2026-04-15 20:36:14,789 - GENTING - INFO - Scraping GENTING 2023 Q3...
2026-04-15 20:36:21,370 - GENTING - INFO - Activated tab panel #23 for 2023.
2026-04-15 20:36:21,877 - GENTING - INFO - Found link: https://www.genting.com/wp-content/uploads/2023/11/GENT_Third-Quarterly-Report-Press-Release.pdf. Downloading...
2026-04-15 20:36:22,036 - GENTING - INFO - Successfully saved: C:\Users\HP\Documents\repos\financial-insights\src\scraper\data\raw\GENTING\GENTING_2023_Q3.pdf
2026-04-15 20:36:22,146 - GENTING - INFO - Scraping GENTING 2023 Q4...
2026-04-15 20:36:28,857 - GENTING - INFO - Activated tab panel #23 for 2023.
2026-04-15 20:36:29,366 - GENTING - INFO - Found link: https://www.genting.com/wp-content/uploads/2024/03/GENT-4th-Grp-Qtrly-Rpt-2023Press-Release.pdf. Downloading...
2026-04-15 20:36:29,532 - GENTING - INFO - Successfully saved: C:\Users\HP\Documents\repos\financial-insights\src\scraper\data\raw\GENTING\GENTING_2023_Q4.pdf
2026-04-15 20:36:29,694 - GENTING - INFO - Scraping GENTING 2024 Q1...
2026-04-15 20:36:36,264 - GENTING - INFO - Activated tab panel #24 for 2024.
2026-04-15 20:36:36,781 - GENTING - INFO - Found link: https://www.genting.com/wp-content/uploads/2024/05/240530-GENT-GENT-1st-Grp-Qtrly-Rept-2024.pdf. Downloading...
2026-04-15 20:36:37,029 - GENTING - INFO - Successfully saved: C:\Users\HP\Documents\repos\financial-insights\src\scraper\data\raw\GENTING\GENTING_2024_Q1.pdf
2026-04-15 20:36:37,202 - GENTING - INFO - Scraping GENTING 2024 Q2...
2026-04-15 20:36:43,829 - GENTING - INFO - Activated tab panel #24 for 2024.
2026-04-15 20:36:44,343 - GENTING - INFO - Found link: https://www.genting.com/wp-content/uploads/2024/08/GENT_2nd-Grp-Qtrly-Rept-2024-and-Press-Release.pdf. Downloading...
2026-04-15 20:36:44,561 - GENTING - INFO - Successfully saved: C:\Users\HP\Documents\repos\financial-insights\src\scraper\data\raw\GENTING\GENTING_2024_Q2.pdf
2026-04-15 20:36:44,703 - GENTING - INFO - Scraping GENTING 2024 Q3...
2026-04-15 20:36:51,328 - GENTING - INFO - Activated tab panel #24 for 2024.
2026-04-15 20:36:51,837 - GENTING - INFO - Found link: https://www.genting.com/wp-content/uploads/2024/11/241128-GENT-3rd-Grp-Qtrly-Rpt-3Q2024-28-Nov-2024.pdf. Downloading...
2026-04-15 20:36:52,011 - GENTING - INFO - Successfully saved: C:\Users\HP\Documents\repos\financial-insights\src\scraper\data\raw\GENTING\GENTING_2024_Q3.pdf
2026-04-15 20:36:52,181 - GENTING - INFO - Scraping GENTING 2024 Q4...
2026-04-15 20:36:58,833 - GENTING - INFO - Activated tab panel #24 for 2024.
2026-04-15 20:36:59,349 - GENTING - INFO - Found link: https://www.genting.com/wp-content/uploads/2025/02/GENT-4th-Grp-ReportPress-Release.pdf. Downloading...
2026-04-15 20:36:59,568 - GENTING - INFO - Successfully saved: C:\Users\HP\Documents\repos\financial-insights\src\scraper\data\raw\GENTING\GENTING_2024_Q4.pdf
2026-04-15 20:36:59,731 - GENTING - INFO - Scraping GENTING 2025 Q1...
2026-04-15 20:37:06,347 - GENTING - INFO - Activated tab panel #25 for 2025.
2026-04-15 20:37:06,860 - GENTING - INFO - Found link: https://www.genting.com/wp-content/uploads/2025/05/GENT_QtrRpt_1Q2025.pdf. Downloading...
2026-04-15 20:37:06,978 - GENTING - INFO - Successfully saved: C:\Users\HP\Documents\repos\financial-insights\src\scraper\data\raw\GENTING\GENTING_2025_Q1.pdf
2026-04-15 20:37:07,116 - GENTING - INFO - Scraping GENTING 2025 Q2...
2026-04-15 20:37:13,717 - GENTING - INFO - Activated tab panel #25 for 2025.
2026-04-15 20:37:14,225 - GENTING - INFO - Found link: https://www.genting.com/wp-content/uploads/2025/08/GENT_2nd-Grp-Qtrly-Rept-Press-Release-2025.pdf. Downloading...
2026-04-15 20:37:14,557 - GENTING - INFO - Successfully saved: C:\Users\HP\Documents\repos\financial-insights\src\scraper\data\raw\GENTING\GENTING_2025_Q2.pdf
2026-04-15 20:37:14,697 - GENTING - INFO - Scraping GENTING 2025 Q3...
2026-04-15 20:37:21,349 - GENTING - INFO - Activated tab panel #25 for 2025.
2026-04-15 20:37:21,865 - GENTING - INFO - Found link: https://www.genting.com/wp-content/uploads/2025/11/251127-GENT-3rd-Grp-Qtrly-Report-Press-Release.pdf. Downloading...
2026-04-15 20:37:22,028 - GENTING - INFO - Successfully saved: C:\Users\HP\Documents\repos\financial-insights\src\scraper\data\raw\GENTING\GENTING_2025_Q3.pdf
2026-04-15 20:37:22,183 - GENTING - INFO - Scraping GENTING 2025 Q4...
2026-04-15 20:37:29,087 - GENTING - INFO - Activated tab panel #25 for 2025.
2026-04-15 20:37:29,606 - GENTING - INFO - Found link: https://www.genting.com/wp-content/uploads/2026/02/260226-GENT-GENT-4th-Grp-Qtrly-Rept-2025-Press-Release.pdf. Downloading...
2026-04-15 20:37:29,813 - GENTING - INFO - Successfully saved: C:\Users\HP\Documents\repos\financial-insights\src\scraper\data\raw\GENTING\GENTING_2025_Q4.pdf
2026-04-15 20:37:29,835 - MAIN - INFO - TELEKOM: 24 reports to download \u2192 [(2020, 'Q1'), (2020, 'Q2'), (2020, 'Q3'), (2020, 'Q4'), (2021, 'Q1'), (2021, 'Q2'), (2021, 'Q3'), (2021, 'Q4'), (2022, 'Q1'), (2022, 'Q2'), (2022, 'Q3'), (2022, 'Q4'), (2023, 'Q1'), (2023, 'Q2'), (2023, 'Q3'), (2023, 'Q4'), (2024, 'Q1'), (2024, 'Q2'), (2024, 'Q3'), (2024, 'Q4'), (2025, 'Q1'), (2025, 'Q2'), (2025, 'Q3'), (2025, 'Q4')]
2026-04-15 20:37:29,969 - TELEKOM - INFO - Scraping TELEKOM 2020 Q1...
2026-04-15 20:37:31,788 - TELEKOM - INFO - Found link: https://tm.listedcompany.com/misc/qr/quarterly_report_20200331.pdf. Downloading...
2026-04-15 20:37:32,205 - TELEKOM - INFO - Successfully saved: C:\Users\HP\Documents\repos\financial-insights\src\scraper\data\raw\TELEKOM\TELEKOM_2020_Q1.pdf
2026-04-15 20:37:32,380 - TELEKOM - INFO - Scraping TELEKOM 2020 Q2...
2026-04-15 20:37:33,519 - TELEKOM - INFO - Found link: https://tm.listedcompany.com/misc/qr/quarterly_report_20200630.pdf. Downloading...
2026-04-15 20:37:33,775 - TELEKOM - INFO - Successfully saved: C:\Users\HP\Documents\repos\financial-insights\src\scraper\data\raw\TELEKOM\TELEKOM_2020_Q2.pdf
2026-04-15 20:37:33,895 - TELEKOM - INFO - Scraping TELEKOM 2020 Q3...
2026-04-15 20:37:34,770 - TELEKOM - INFO - Found link: https://tm.listedcompany.com/misc/qr/quarterly_report_20200930.pdf. Downloading...
2026-04-15 20:37:35,167 - TELEKOM - INFO - Successfully saved: C:\Users\HP\Documents\repos\financial-insights\src\scraper\data\raw\TELEKOM\TELEKOM_2020_Q3.pdf
2026-04-15 20:37:35,298 - TELEKOM - INFO - Scraping TELEKOM 2020 Q4...
2026-04-15 20:37:36,330 - TELEKOM - INFO - Found link: https://tm.listedcompany.com/misc/qr/quarterly_report_20201231.pdf. Downloading...
2026-04-15 20:37:36,509 - TELEKOM - INFO - Successfully saved: C:\Users\HP\Documents\repos\financial-insights\src\scraper\data\raw\TELEKOM\TELEKOM_2020_Q4.pdf
2026-04-15 20:37:36,629 - TELEKOM - INFO - Scraping TELEKOM 2021 Q1...
2026-04-15 20:37:37,605 - TELEKOM - INFO - Found link: https://tm.listedcompany.com/misc/qr/quarterly_report_20210331.pdf. Downloading...
2026-04-15 20:37:37,834 - TELEKOM - INFO - Successfully saved: C:\Users\HP\Documents\repos\financial-insights\src\scraper\data\raw\TELEKOM\TELEKOM_2021_Q1.pdf
2026-04-15 20:37:37,952 - TELEKOM - INFO - Scraping TELEKOM 2021 Q2...
2026-04-15 20:37:38,962 - TELEKOM - INFO - Found link: https://tm.listedcompany.com/misc/qr/quarterly_report_20210630.pdf. Downloading...
2026-04-15 20:37:39,142 - TELEKOM - INFO - Successfully saved: C:\Users\HP\Documents\repos\financial-insights\src\scraper\data\raw\TELEKOM\TELEKOM_2021_Q2.pdf
2026-04-15 20:37:39,263 - TELEKOM - INFO - Scraping TELEKOM 2021 Q3...
2026-04-15 20:37:41,220 - TELEKOM - INFO - Found link: https://tm.listedcompany.com/misc/qr/quarterly_report_20210930.pdf. Downloading...
2026-04-15 20:37:41,439 - TELEKOM - INFO - Successfully saved: C:\Users\HP\Documents\repos\financial-insights\src\scraper\data\raw\TELEKOM\TELEKOM_2021_Q3.pdf
2026-04-15 20:37:41,573 - TELEKOM - INFO - Scraping TELEKOM 2021 Q4...
2026-04-15 20:37:42,558 - TELEKOM - INFO - Found link: https://tm.listedcompany.com/misc/qr/quarterly_report_20211231.pdf. Downloading...
2026-04-15 20:37:42,827 - TELEKOM - INFO - Successfully saved: C:\Users\HP\Documents\repos\financial-insights\src\scraper\data\raw\TELEKOM\TELEKOM_2021_Q4.pdf
2026-04-15 20:37:42,950 - TELEKOM - INFO - Scraping TELEKOM 2022 Q1...
2026-04-15 20:37:44,081 - TELEKOM - INFO - Found link: https://tm.listedcompany.com/misc/qr/quarterly_report_20220331.pdf. Downloading...
2026-04-15 20:37:44,329 - TELEKOM - INFO - Successfully saved: C:\Users\HP\Documents\repos\financial-insights\src\scraper\data\raw\TELEKOM\TELEKOM_2022_Q1.pdf
2026-04-15 20:37:44,463 - TELEKOM - INFO - Scraping TELEKOM 2022 Q2...
2026-04-15 20:37:45,327 - TELEKOM - INFO - Found link: https://tm.listedcompany.com/misc/qr/quarterly_report_20220630.pdf. Downloading...
2026-04-15 20:37:45,596 - TELEKOM - INFO - Successfully saved: C:\Users\HP\Documents\repos\financial-insights\src\scraper\data\raw\TELEKOM\TELEKOM_2022_Q2.pdf
2026-04-15 20:37:45,706 - TELEKOM - INFO - Scraping TELEKOM 2022 Q3...
2026-04-15 20:37:46,955 - TELEKOM - INFO - Found link: https://tm.listedcompany.com/misc/qr/quarterly_report_20220930.pdf. Downloading...
2026-04-15 20:37:47,203 - TELEKOM - INFO - Successfully saved: C:\Users\HP\Documents\repos\financial-insights\src\scraper\data\raw\TELEKOM\TELEKOM_2022_Q3.pdf
2026-04-15 20:37:47,351 - TELEKOM - INFO - Scraping TELEKOM 2022 Q4...
2026-04-15 20:37:48,515 - TELEKOM - INFO - Found link: https://tm.listedcompany.com/misc/qr/quarterly_report_20221231.pdf. Downloading...
2026-04-15 20:37:48,780 - TELEKOM - INFO - Successfully saved: C:\Users\HP\Documents\repos\financial-insights\src\scraper\data\raw\TELEKOM\TELEKOM_2022_Q4.pdf
2026-04-15 20:37:48,947 - TELEKOM - INFO - Scraping TELEKOM 2023 Q1...
2026-04-15 20:37:50,029 - TELEKOM - INFO - Found link: https://tm.listedcompany.com/misc/qr/quarterly_report_20230331.pdf. Downloading...
2026-04-15 20:37:50,401 - TELEKOM - INFO - Successfully saved: C:\Users\HP\Documents\repos\financial-insights\src\scraper\data\raw\TELEKOM\TELEKOM_2023_Q1.pdf
2026-04-15 20:37:50,523 - TELEKOM - INFO - Scraping TELEKOM 2023 Q2...
2026-04-15 20:37:51,619 - TELEKOM - INFO - Found link: https://tm.listedcompany.com/misc/qr/quarterly_report_20230630.pdf. Downloading...
2026-04-15 20:37:52,032 - TELEKOM - INFO - Successfully saved: C:\Users\HP\Documents\repos\financial-insights\src\scraper\data\raw\TELEKOM\TELEKOM_2023_Q2.pdf
2026-04-15 20:37:52,199 - TELEKOM - INFO - Scraping TELEKOM 2023 Q3...
2026-04-15 20:37:53,368 - TELEKOM - INFO - Found link: https://tm.listedcompany.com/misc/qr/quarterly_report_20230930.pdf. Downloading...
2026-04-15 20:37:53,574 - TELEKOM - INFO - Successfully saved: C:\Users\HP\Documents\repos\financial-insights\src\scraper\data\raw\TELEKOM\TELEKOM_2023_Q3.pdf
2026-04-15 20:37:53,687 - TELEKOM - INFO - Scraping TELEKOM 2023 Q4...
2026-04-15 20:37:54,491 - TELEKOM - INFO - Found link: https://tm.listedcompany.com/misc/qr/quarterly_report_20231231.pdf. Downloading...
2026-04-15 20:37:54,719 - TELEKOM - INFO - Successfully saved: C:\Users\HP\Documents\repos\financial-insights\src\scraper\data\raw\TELEKOM\TELEKOM_2023_Q4.pdf
2026-04-15 20:37:54,833 - TELEKOM - INFO - Scraping TELEKOM 2024 Q1...
2026-04-15 20:37:55,661 - TELEKOM - INFO - Found link: https://tm.listedcompany.com/misc/qr/quarterly_report_20240331.pdf. Downloading...
2026-04-15 20:37:55,809 - TELEKOM - INFO - Successfully saved: C:\Users\HP\Documents\repos\financial-insights\src\scraper\data\raw\TELEKOM\TELEKOM_2024_Q1.pdf
2026-04-15 20:37:55,935 - TELEKOM - INFO - Scraping TELEKOM 2024 Q2...
2026-04-15 20:37:56,714 - TELEKOM - INFO - Found link: https://tm.listedcompany.com/misc/qr/quarterly_report_20240630.pdf. Downloading...
2026-04-15 20:37:57,108 - TELEKOM - INFO - Successfully saved: C:\Users\HP\Documents\repos\financial-insights\src\scraper\data\raw\TELEKOM\TELEKOM_2024_Q2.pdf
2026-04-15 20:37:57,302 - TELEKOM - INFO - Scraping TELEKOM 2024 Q3...
2026-04-15 20:37:58,462 - TELEKOM - INFO - Found link: https://tm.listedcompany.com/misc/qr/quarterly_report_20240930.pdf. Downloading...
2026-04-15 20:37:58,538 - TELEKOM - INFO - Successfully saved: C:\Users\HP\Documents\repos\financial-insights\src\scraper\data\raw\TELEKOM\TELEKOM_2024_Q3.pdf
2026-04-15 20:37:58,649 - TELEKOM - INFO - Scraping TELEKOM 2024 Q4...
2026-04-15 20:37:59,450 - TELEKOM - INFO - Found link: https://tm.listedcompany.com/misc/qr/quarterly_report_20241231.pdf. Downloading...
2026-04-15 20:37:59,590 - TELEKOM - INFO - Successfully saved: C:\Users\HP\Documents\repos\financial-insights\src\scraper\data\raw\TELEKOM\TELEKOM_2024_Q4.pdf
2026-04-15 20:37:59,707 - TELEKOM - INFO - Scraping TELEKOM 2025 Q1...
2026-04-15 20:38:00,481 - TELEKOM - INFO - Found link: https://tm.listedcompany.com/misc/qr/quarterly_report_20250331.pdf. Downloading...
2026-04-15 20:38:00,552 - TELEKOM - INFO - Successfully saved: C:\Users\HP\Documents\repos\financial-insights\src\scraper\data\raw\TELEKOM\TELEKOM_2025_Q1.pdf
2026-04-15 20:38:00,667 - TELEKOM - INFO - Scraping TELEKOM 2025 Q2...
2026-04-15 20:38:01,418 - TELEKOM - INFO - Found link: https://tm.listedcompany.com/misc/qr/quarterly_report_20250630.pdf. Downloading...
2026-04-15 20:38:01,651 - TELEKOM - INFO - Successfully saved: C:\Users\HP\Documents\repos\financial-insights\src\scraper\data\raw\TELEKOM\TELEKOM_2025_Q2.pdf
2026-04-15 20:38:01,763 - TELEKOM - INFO - Scraping TELEKOM 2025 Q3...
2026-04-15 20:38:02,530 - TELEKOM - INFO - Found link: https://tm.listedcompany.com/misc/qr/quarterly_report_20250930.pdf. Downloading...
2026-04-15 20:38:02,675 - TELEKOM - INFO - Successfully saved: C:\Users\HP\Documents\repos\financial-insights\src\scraper\data\raw\TELEKOM\TELEKOM_2025_Q3.pdf
2026-04-15 20:38:02,794 - TELEKOM - INFO - Scraping TELEKOM 2025 Q4...
2026-04-15 20:38:03,553 - TELEKOM - INFO - Found link: https://tm.listedcompany.com/misc/qr/quarterly_report_20251231.pdf. Downloading...
2026-04-15 20:38:03,657 - TELEKOM - INFO - Successfully saved: C:\Users\HP\Documents\repos\financial-insights\src\scraper\data\raw\TELEKOM\TELEKOM_2025_Q4.pdf
2026-04-15 20:38:03,668 - MAIN - INFO - MAXIS: 20 reports to download \u2192 [(2021, 'Q1'), (2021, 'Q2'), (2021, 'Q3'), (2021, 'Q4'), (2022, 'Q1'), (2022, 'Q2'), (2022, 'Q3'), (2022, 'Q4'), (2023, 'Q1'), (2023, 'Q2'), (2023, 'Q3'), (2023, 'Q4'), (2024, 'Q1'), (2024, 'Q2'), (2024, 'Q3'), (2024, 'Q4'), (2025, 'Q1'), (2025, 'Q2'), (2025, 'Q3'), (2025, 'Q4')]
2026-04-15 20:38:03,772 - MAXIS - INFO - Scraping MAXIS 2021 Q1...
2026-04-15 20:38:06,853 - MAXIS - INFO - Found link: https://ir.listedcompany.com/tracker.pl?type=5&id=240885&m=3b89afa7eb14b47a241640dd4d1500bdc6f5379b9aca5eadb89018124fc5b205&redirect=https%3A%2F%2Fmaxis.listedcompany.com%2Fmisc%2Fquarterly_report_31032021.pdf. Downloading...
2026-04-15 20:38:07,199 - MAXIS - INFO - Successfully saved: C:\Users\HP\Documents\repos\financial-insights\src\scraper\data\raw\MAXIS\MAXIS_2021_Q1.pdf
2026-04-15 20:38:07,357 - MAXIS - INFO - Scraping MAXIS 2021 Q2...
2026-04-15 20:38:09,973 - MAXIS - INFO - Found link: https://ir.listedcompany.com/tracker.pl?type=5&id=244486&m=b6a491fb5cf0dfee848c77310ac23cae9e6b0e7ad11e95623de5bf8ad10c1156&redirect=https%3A%2F%2Fmaxis.listedcompany.com%2Fmisc%2Fquarterly_report_30062021.pdf. Downloading...
2026-04-15 20:38:10,263 - MAXIS - INFO - Successfully saved: C:\Users\HP\Documents\repos\financial-insights\src\scraper\data\raw\MAXIS\MAXIS_2021_Q2.pdf
2026-04-15 20:38:10,395 - MAXIS - INFO - Scraping MAXIS 2021 Q3...
2026-04-15 20:38:12,940 - MAXIS - INFO - Found link: https://ir.listedcompany.com/tracker.pl?type=5&id=247611&m=3a5d4a9c991f135bd640024745d832f4c16e5f4efe55240461b3e9ec15e401c2&redirect=https%3A%2F%2Fmaxis.listedcompany.com%2Fmisc%2Fquarterly_report_30092021.pdf. Downloading...
2026-04-15 20:38:13,148 - MAXIS - INFO - Successfully saved: C:\Users\HP\Documents\repos\financial-insights\src\scraper\data\raw\MAXIS\MAXIS_2021_Q3.pdf
2026-04-15 20:38:13,266 - MAXIS - INFO - Scraping MAXIS 2021 Q4...
2026-04-15 20:38:15,810 - MAXIS - INFO - Found link: https://ir.listedcompany.com/tracker.pl?type=5&id=252242&m=113393edd3c31cc807f4ef90b4a78aa27524b8344f44c864dc00a295acd2fd32&redirect=https%3A%2F%2Fmaxis.listedcompany.com%2Fmisc%2Fquarterly_report_31122021.pdf. Downloading...
2026-04-15 20:38:15,964 - MAXIS - INFO - Successfully saved: C:\Users\HP\Documents\repos\financial-insights\src\scraper\data\raw\MAXIS\MAXIS_2021_Q4.pdf
2026-04-15 20:38:16,067 - MAXIS - INFO - Scraping MAXIS 2022 Q1...
2026-04-15 20:38:18,636 - MAXIS - INFO - Found link: https://ir.listedcompany.com/tracker.pl?type=5&id=254964&m=2ac61425d8cb5627498a96474463de6589b6360d48c8d95a648830734685afe9&redirect=https%3A%2F%2Fmaxis.listedcompany.com%2Fmisc%2Fquarterly_report_31032022.pdf. Downloading...
2026-04-15 20:38:18,976 - MAXIS - INFO - Successfully saved: C:\Users\HP\Documents\repos\financial-insights\src\scraper\data\raw\MAXIS\MAXIS_2022_Q1.pdf
2026-04-15 20:38:19,088 - MAXIS - INFO - Scraping MAXIS 2022 Q2...
2026-04-15 20:38:21,878 - MAXIS - INFO - Found link: https://ir.listedcompany.com/tracker.pl?type=5&id=257897&m=1918837126cfc0274404ce264a014864d832c47ce2e3f71314c6276ab1057258&redirect=https%3A%2F%2Fmaxis.listedcompany.com%2Fmisc%2Fquarterly_report_30062022.pdf. Downloading...
2026-04-15 20:38:22,109 - MAXIS - INFO - Successfully saved: C:\Users\HP\Documents\repos\financial-insights\src\scraper\data\raw\MAXIS\MAXIS_2022_Q2.pdf
2026-04-15 20:38:22,216 - MAXIS - INFO - Scraping MAXIS 2022 Q3...
2026-04-15 20:38:24,792 - MAXIS - INFO - Found link: https://ir.listedcompany.com/tracker.pl?type=5&id=261321&m=e041bafe70af1c4815c1bbbc5d16b0bb0f25ac305f7019fe4b1ef857d2ff9ce5&redirect=https%3A%2F%2Fmaxis.listedcompany.com%2Fmisc%2Fquarterly_report_30092022.pdf. Downloading...
2026-04-15 20:38:25,080 - MAXIS - INFO - Successfully saved: C:\Users\HP\Documents\repos\financial-insights\src\scraper\data\raw\MAXIS\MAXIS_2022_Q3.pdf
2026-04-15 20:38:25,263 - MAXIS - INFO - Scraping MAXIS 2022 Q4...
2026-04-15 20:38:27,901 - MAXIS - INFO - Found link: https://ir.listedcompany.com/tracker.pl?type=5&id=264546&m=3233970332ed6d694b2890dca1a82973d2f985dfe3832ce360281d73ec42fb03&redirect=https%3A%2F%2Fmaxis.listedcompany.com%2Fmisc%2Fquarterly_report_31122022.pdf. Downloading...
2026-04-15 20:38:28,047 - MAXIS - INFO - Successfully saved: C:\Users\HP\Documents\repos\financial-insights\src\scraper\data\raw\MAXIS\MAXIS_2022_Q4.pdf
2026-04-15 20:38:28,164 - MAXIS - INFO - Scraping MAXIS 2023 Q1...
2026-04-15 20:38:30,781 - MAXIS - INFO - Found link: https://ir.listedcompany.com/tracker.pl?type=5&id=268585&m=253e9979b49e025ffa11369776865d560c92f9739aa2a401ff6c4051d3beb8e4&redirect=https%3A%2F%2Fmaxis.listedcompany.com%2Fmisc%2Fquarterly_report_31032023.pdf. Downloading...
2026-04-15 20:38:31,021 - MAXIS - INFO - Successfully saved: C:\Users\HP\Documents\repos\financial-insights\src\scraper\data\raw\MAXIS\MAXIS_2023_Q1.pdf
2026-04-15 20:38:31,147 - MAXIS - INFO - Scraping MAXIS 2023 Q2...
2026-04-15 20:38:33,732 - MAXIS - INFO - Found link: https://ir.listedcompany.com/tracker.pl?type=5&id=270212&m=a018ff5372e778c0502adcaa2f6230924872dafcc7e73f2d67a5c41db2d339d5&redirect=https%3A%2F%2Fmaxis.listedcompany.com%2Fmisc%2Fquarterly_report_30062023.pdf. Downloading...
2026-04-15 20:38:33,884 - MAXIS - INFO - Successfully saved: C:\Users\HP\Documents\repos\financial-insights\src\scraper\data\raw\MAXIS\MAXIS_2023_Q2.pdf
2026-04-15 20:38:34,015 - MAXIS - INFO - Scraping MAXIS 2023 Q3...
2026-04-15 20:38:36,632 - MAXIS - INFO - Found link: https://ir.listedcompany.com/tracker.pl?type=5&id=273066&m=1e86d5a8cf027b4c95bd9ea848b4d8f333051eef7636e1f1407083bd3c4634f9&redirect=https%3A%2F%2Fmaxis.listedcompany.com%2Fmisc%2Fquarterly_report_30092023.pdf. Downloading...
2026-04-15 20:38:36,849 - MAXIS - INFO - Successfully saved: C:\Users\HP\Documents\repos\financial-insights\src\scraper\data\raw\MAXIS\MAXIS_2023_Q3.pdf
2026-04-15 20:38:36,997 - MAXIS - INFO - Scraping MAXIS 2023 Q4...
2026-04-15 20:38:39,590 - MAXIS - INFO - Found link: https://ir.listedcompany.com/tracker.pl?type=5&id=274582&m=40f0fd00e9d39183a336c39e6826dc8899a4bd49f7b8ed0de77255b5619125f0&redirect=https%3A%2F%2Fmaxis.listedcompany.com%2Fmisc%2Fquarterly_report_31122023.pdf. Downloading...
2026-04-15 20:38:39,722 - MAXIS - INFO - Successfully saved: C:\Users\HP\Documents\repos\financial-insights\src\scraper\data\raw\MAXIS\MAXIS_2023_Q4.pdf
2026-04-15 20:38:39,858 - MAXIS - INFO - Scraping MAXIS 2024 Q1...
2026-04-15 20:38:42,359 - MAXIS - INFO - Found link: https://ir.listedcompany.com/tracker.pl?type=5&id=279435&m=e9e3a2cff28c2ef073ecea378fc5bc4206afeb32c0658cbc0820445f891f40e0&redirect=https%3A%2F%2Fmaxis.listedcompany.com%2Fmisc%2Fquarterly_report_31032024.pdf. Downloading...
2026-04-15 20:38:42,529 - MAXIS - INFO - Successfully saved: C:\Users\HP\Documents\repos\financial-insights\src\scraper\data\raw\MAXIS\MAXIS_2024_Q1.pdf
2026-04-15 20:38:42,696 - MAXIS - INFO - Scraping MAXIS 2024 Q2...
2026-04-15 20:38:45,648 - MAXIS - INFO - Found link: https://ir.listedcompany.com/tracker.pl?type=5&id=282268&m=cc3cf03eca1bca8ee60f0652a34a1a1c0d2b7e48b74493b6587ceb3a846b9f09&redirect=https%3A%2F%2Fmaxis.listedcompany.com%2Fmisc%2Fquarterly_report_30062024.pdf. Downloading...
2026-04-15 20:38:46,423 - MAXIS - INFO - Successfully saved: C:\Users\HP\Documents\repos\financial-insights\src\scraper\data\raw\MAXIS\MAXIS_2024_Q2.pdf
2026-04-15 20:38:46,536 - MAXIS - INFO - Scraping MAXIS 2024 Q3...
2026-04-15 20:38:49,099 - MAXIS - INFO - Found link: https://ir.listedcompany.com/tracker.pl?type=5&id=283606&m=072864b181c06ba45cc1693339d5ec755a67595856e317a4743eddf4970066b8&redirect=https%3A%2F%2Fmaxis.listedcompany.com%2Fmisc%2Fquarterly_report_30092024.pdf. Downloading...
2026-04-15 20:38:49,246 - MAXIS - INFO - Successfully saved: C:\Users\HP\Documents\repos\financial-insights\src\scraper\data\raw\MAXIS\MAXIS_2024_Q3.pdf
2026-04-15 20:38:49,400 - MAXIS - INFO - Scraping MAXIS 2024 Q4...
2026-04-15 20:38:51,979 - MAXIS - INFO - Found link: https://ir.listedcompany.com/tracker.pl?type=5&id=286089&m=29314918d78da7a629ebf3b693a7ff816a4beff587022c3b49bd60aa026996ae&redirect=https%3A%2F%2Fmaxis.listedcompany.com%2Fmisc%2Fquarterly_report_31122024.pdf. Downloading...
2026-04-15 20:38:52,109 - MAXIS - INFO - Successfully saved: C:\Users\HP\Documents\repos\financial-insights\src\scraper\data\raw\MAXIS\MAXIS_2024_Q4.pdf
2026-04-15 20:38:52,239 - MAXIS - INFO - Scraping MAXIS 2025 Q1...
2026-04-15 20:38:54,846 - MAXIS - INFO - Found link: https://ir.listedcompany.com/tracker.pl?type=5&id=290167&m=37b76c1e60c688037f5864886f5ae76bf556c96fb928999db08b735f89d9e83b&redirect=https%3A%2F%2Fmaxis.listedcompany.com%2Fmisc%2Fquarterly_report_31032025.pdf. Downloading...
2026-04-15 20:38:55,007 - MAXIS - INFO - Successfully saved: C:\Users\HP\Documents\repos\financial-insights\src\scraper\data\raw\MAXIS\MAXIS_2025_Q1.pdf
2026-04-15 20:38:55,121 - MAXIS - INFO - Scraping MAXIS 2025 Q2...
2026-04-15 20:38:57,850 - MAXIS - INFO - Found link: https://ir.listedcompany.com/tracker.pl?type=5&id=293716&m=928461919ad255d9d55dad01c77eb2e62ff4ec9572abbf6d132c1c51ed899b95&redirect=https%3A%2F%2Fmaxis.listedcompany.com%2Fmisc%2Fquarterly_report_30062025.pdf. Downloading...
2026-04-15 20:38:58,984 - MAXIS - INFO - Successfully saved: C:\Users\HP\Documents\repos\financial-insights\src\scraper\data\raw\MAXIS\MAXIS_2025_Q2.pdf
2026-04-15 20:38:59,103 - MAXIS - INFO - Scraping MAXIS 2025 Q3...
2026-04-15 20:39:02,908 - MAXIS - INFO - Found link: https://ir.listedcompany.com/tracker.pl?type=5&id=294884&m=0f23287b2571f5cb8ca415469baf0056fc990a806c7ee4f683050d01373ed480&redirect=https%3A%2F%2Fmaxis.listedcompany.com%2Fmisc%2Fquarterly_report_30092025.pdf. Downloading...
2026-04-15 20:39:03,080 - MAXIS - INFO - Successfully saved: C:\Users\HP\Documents\repos\financial-insights\src\scraper\data\raw\MAXIS\MAXIS_2025_Q3.pdf
2026-04-15 20:39:03,222 - MAXIS - INFO - Scraping MAXIS 2025 Q4...
2026-04-15 20:39:05,873 - MAXIS - INFO - Found link: https://ir.listedcompany.com/tracker.pl?type=5&id=296954&m=092fe41c16dc3a6b825053ac1d2412374f4094efbc9e989c8f3ecaecd51c5fb5&redirect=https%3A%2F%2Fmaxis.listedcompany.com%2Fmisc%2Fquarterly_report_31122025.pdf. Downloading...
2026-04-15 20:39:06,059 - MAXIS - INFO - Successfully saved: C:\Users\HP\Documents\repos\financial-insights\src\scraper\data\raw\MAXIS\MAXIS_2025_Q4.pdf
2026-04-15 20:39:06,070 - MAIN - INFO - PETRONAS: 24 reports to download \u2192 [(2020, 'Q1'), (2020, 'Q2'), (2020, 'Q3'), (2020, 'Q4'), (2021, 'Q1'), (2021, 'Q2'), (2021, 'Q3'), (2021, 'Q4'), (2022, 'Q1'), (2022, 'Q2'), (2022, 'Q3'), (2022, 'Q4'), (2023, 'Q1'), (2023, 'Q2'), (2023, 'Q3'), (2023, 'Q4'), (2024, 'Q1'), (2024, 'Q2'), (2024, 'Q3'), (2024, 'Q4'), (2025, 'Q1'), (2025, 'Q2'), (2025, 'Q3'), (2025, 'Q4')]
2026-04-15 20:39:06,196 - PETRONAS - INFO - Scraping PETRONAS 2020 Q1...
2026-04-15 20:39:09,102 - PETRONAS - INFO - Found link: https://www.petronas.com/sites/default/files/uploads/content/2022/Interim-Financial-Report-Q1-2020.pdf. Downloading...
2026-04-15 20:39:09,973 - PETRONAS - INFO - Successfully saved: C:\Users\HP\Documents\repos\financial-insights\src\scraper\data\raw\PETRONAS\PETRONAS_2020_Q1.pdf
2026-04-15 20:39:10,123 - PETRONAS - INFO - Scraping PETRONAS 2020 Q2...
2026-04-15 20:39:12,488 - PETRONAS - INFO - Found link: https://www.petronas.com/sites/default/files/uploads/content/2022/Interim-Financial-Report-Q2-2020.pdf. Downloading...
2026-04-15 20:39:13,421 - PETRONAS - INFO - Successfully saved: C:\Users\HP\Documents\repos\financial-insights\src\scraper\data\raw\PETRONAS\PETRONAS_2020_Q2.pdf
2026-04-15 20:39:13,548 - PETRONAS - INFO - Skipping PETRONAS 2020 Q3 – Petronas does not publish a standalone Q3 report.
2026-04-15 20:39:13,665 - PETRONAS - INFO - Scraping PETRONAS 2020 Q4...
2026-04-15 20:39:15,966 - PETRONAS - INFO - Found link: https://www.petronas.com/sites/default/files/uploads/content/2022/Financial-Report-Q4-2020.pdf. Downloading...
2026-04-15 20:39:16,820 - PETRONAS - INFO - Successfully saved: C:\Users\HP\Documents\repos\financial-insights\src\scraper\data\raw\PETRONAS\PETRONAS_2020_Q4.pdf
2026-04-15 20:39:16,950 - PETRONAS - INFO - Scraping PETRONAS 2021 Q1...
2026-04-15 20:39:19,331 - PETRONAS - INFO - Found link: https://www.petronas.com/sites/default/files/uploads/content/2022/Financial-Report-Q1-2021.pdf. Downloading...
2026-04-15 20:39:19,414 - PETRONAS - INFO - Successfully saved: C:\Users\HP\Documents\repos\financial-insights\src\scraper\data\raw\PETRONAS\PETRONAS_2021_Q1.pdf
2026-04-15 20:39:19,551 - PETRONAS - INFO - Scraping PETRONAS 2021 Q2...
2026-04-15 20:39:21,910 - PETRONAS - INFO - Found link: https://www.petronas.com/sites/default/files/uploads/content/2022/Financial-Report-Q2-2021.pdf. Downloading...
2026-04-15 20:39:22,017 - PETRONAS - INFO - Successfully saved: C:\Users\HP\Documents\repos\financial-insights\src\scraper\data\raw\PETRONAS\PETRONAS_2021_Q2.pdf
2026-04-15 20:39:22,154 - PETRONAS - INFO - Skipping PETRONAS 2021 Q3 – Petronas does not publish a standalone Q3 report.
2026-04-15 20:39:22,283 - PETRONAS - INFO - Scraping PETRONAS 2021 Q4...
2026-04-15 20:39:24,599 - PETRONAS - INFO - Found link: https://www.petronas.com/sites/default/files/uploads/content/2022/Financial-Report-Q4-2021.pdf. Downloading...
2026-04-15 20:39:24,698 - PETRONAS - INFO - Successfully saved: C:\Users\HP\Documents\repos\financial-insights\src\scraper\data\raw\PETRONAS\PETRONAS_2021_Q4.pdf
2026-04-15 20:39:24,829 - PETRONAS - INFO - Scraping PETRONAS 2022 Q1...
2026-04-15 20:39:27,138 - PETRONAS - INFO - Found link: https://www.petronas.com/sites/default/files/uploads/content/2022/Financial%20Report%20Q1%202022-v2.pdf. Downloading...
2026-04-15 20:39:27,290 - PETRONAS - INFO - Successfully saved: C:\Users\HP\Documents\repos\financial-insights\src\scraper\data\raw\PETRONAS\PETRONAS_2022_Q1.pdf
2026-04-15 20:39:27,452 - PETRONAS - INFO - Scraping PETRONAS 2022 Q2...
2026-04-15 20:39:29,757 - PETRONAS - INFO - Found link: https://www.petronas.com/sites/default/files/uploads/content/2022/Financial-Report-Q2-FY2022.pdf. Downloading...
2026-04-15 20:39:29,874 - PETRONAS - INFO - Successfully saved: C:\Users\HP\Documents\repos\financial-insights\src\scraper\data\raw\PETRONAS\PETRONAS_2022_Q2.pdf
2026-04-15 20:39:30,034 - PETRONAS - INFO - Skipping PETRONAS 2022 Q3 – Petronas does not publish a standalone Q3 report.
2026-04-15 20:39:30,222 - PETRONAS - INFO - Scraping PETRONAS 2022 Q4...
2026-04-15 20:39:32,543 - PETRONAS - INFO - Found link: https://www.petronas.com/sites/default/files/uploads/content/2023/Quarterly%20Report%20Q4%20FY2022.pdf. Downloading...
2026-04-15 20:39:32,660 - PETRONAS - INFO - Successfully saved: C:\Users\HP\Documents\repos\financial-insights\src\scraper\data\raw\PETRONAS\PETRONAS_2022_Q4.pdf
2026-04-15 20:39:32,799 - PETRONAS - INFO - Scraping PETRONAS 2023 Q1...
2026-04-15 20:39:35,179 - PETRONAS - INFO - Found link: https://www.petronas.com/sites/default/files/uploads/content/2023/Quarterly%20Report%20Q1%20FY2023.pdf. Downloading...
2026-04-15 20:39:35,277 - PETRONAS - INFO - Successfully saved: C:\Users\HP\Documents\repos\financial-insights\src\scraper\data\raw\PETRONAS\PETRONAS_2023_Q1.pdf
2026-04-15 20:39:35,405 - PETRONAS - INFO - Scraping PETRONAS 2023 Q2...
2026-04-15 20:39:37,713 - PETRONAS - INFO - Found link: https://www.petronas.com/sites/default/files/uploads/content/2023/Quarterly%20Report%20Q2%20FY2023.pdf. Downloading...
2026-04-15 20:39:37,817 - PETRONAS - INFO - Successfully saved: C:\Users\HP\Documents\repos\financial-insights\src\scraper\data\raw\PETRONAS\PETRONAS_2023_Q2.pdf
2026-04-15 20:39:37,957 - PETRONAS - INFO - Skipping PETRONAS 2023 Q3 – Petronas does not publish a standalone Q3 report.
2026-04-15 20:39:38,070 - PETRONAS - INFO - Scraping PETRONAS 2023 Q4...
2026-04-15 20:39:40,403 - PETRONAS - INFO - Found link: https://www.petronas.com/sites/default/files/uploads/content/2024/Quarterly%20Report%20Q4%20FY2023.pdf. Downloading...
2026-04-15 20:39:40,518 - PETRONAS - INFO - Successfully saved: C:\Users\HP\Documents\repos\financial-insights\src\scraper\data\raw\PETRONAS\PETRONAS_2023_Q4.pdf
2026-04-15 20:39:40,653 - PETRONAS - INFO - Scraping PETRONAS 2024 Q1...
2026-04-15 20:39:43,006 - PETRONAS - INFO - Found link: https://www.petronas.com/sites/default/files/uploads/content/2024/PETRONAS%20Quarterly%20Report%20Q1%202024.pdf. Downloading...
2026-04-15 20:39:43,131 - PETRONAS - INFO - Successfully saved: C:\Users\HP\Documents\repos\financial-insights\src\scraper\data\raw\PETRONAS\PETRONAS_2024_Q1.pdf
2026-04-15 20:39:43,274 - PETRONAS - INFO - Scraping PETRONAS 2024 Q2...
2026-04-15 20:39:45,642 - PETRONAS - INFO - Found link: https://www.petronas.com/sites/default/files/uploads/content/2024/Interim%20Report%201H%20FY%202024.pdf. Downloading...
2026-04-15 20:39:45,759 - PETRONAS - INFO - Successfully saved: C:\Users\HP\Documents\repos\financial-insights\src\scraper\data\raw\PETRONAS\PETRONAS_2024_Q2.pdf
2026-04-15 20:39:45,904 - PETRONAS - INFO - Skipping PETRONAS 2024 Q3 – Petronas does not publish a standalone Q3 report.
2026-04-15 20:39:46,029 - PETRONAS - INFO - Scraping PETRONAS 2024 Q4...
2026-04-15 20:39:48,329 - PETRONAS - INFO - Found link: https://www.petronas.com/sites/default/files/uploads/content/2025/PETRONAS%20Group%20Financial%20Report%20FY%202024.pdf. Downloading...
2026-04-15 20:39:48,452 - PETRONAS - INFO - Successfully saved: C:\Users\HP\Documents\repos\financial-insights\src\scraper\data\raw\PETRONAS\PETRONAS_2024_Q4.pdf
2026-04-15 20:39:48,597 - PETRONAS - INFO - Scraping PETRONAS 2025 Q1...
2026-04-15 20:39:50,939 - PETRONAS - WARNING - No 'Financial Report' link found for 2025 Q1 – report may not be published yet or the year doesn't exist on the page.
2026-04-15 20:39:51,053 - PETRONAS - INFO - Scraping PETRONAS 2025 Q2...
2026-04-15 20:39:53,399 - PETRONAS - INFO - Found link: https://www.petronas.com/sites/default/files/uploads/content/2025/Financial%20Report%201H%202025.pdf. Downloading...
2026-04-15 20:39:53,513 - PETRONAS - INFO - Successfully saved: C:\Users\HP\Documents\repos\financial-insights\src\scraper\data\raw\PETRONAS\PETRONAS_2025_Q2.pdf
2026-04-15 20:39:53,657 - PETRONAS - INFO - Skipping PETRONAS 2025 Q3 – Petronas does not publish a standalone Q3 report.
2026-04-15 20:39:53,771 - PETRONAS - INFO - Scraping PETRONAS 2025 Q4...
2026-04-15 20:39:56,094 - PETRONAS - INFO - Found link: https://www.petronas.com/sites/default/files/uploads/content/2026/PETRONAS%20Group%20FRA%20FY2025%20-%20IFR_0.pdf. Downloading...
2026-04-15 20:39:56,253 - PETRONAS - INFO - Successfully saved: C:\Users\HP\Documents\repos\financial-insights\src\scraper\data\raw\PETRONAS\PETRONAS_2025_Q4.pdf
2026-04-15 20:39:56,277 - MAIN - INFO - TNB: 20 reports to download \u2192 [(2021, 'Q1'), (2021, 'Q2'), (2021, 'Q3'), (2021, 'Q4'), (2022, 'Q1'), (2022, 'Q2'), (2022, 'Q3'), (2022, 'Q4'), (2023, 'Q1'), (2023, 'Q2'), (2023, 'Q3'), (2023, 'Q4'), (2024, 'Q1'), (2024, 'Q2'), (2024, 'Q3'), (2024, 'Q4'), (2025, 'Q1'), (2025, 'Q2'), (2025, 'Q3'), (2025, 'Q4')]
2026-04-15 20:39:56,378 - TNB - INFO - Scraping TNB 2021 Q1...
2026-04-15 20:40:09,917 - TNB - INFO - Found link: https://www.tnb.com.my/assets/quarterly_results/TNB_Unaudited_Consolidated_Statements_for_1QFY2021.pdf. Downloading...
2026-04-15 20:40:11,258 - TNB - INFO - Successfully saved: C:\Users\HP\Documents\repos\financial-insights\src\scraper\data\raw\TNB\TNB_2021_Q1.pdf
2026-04-15 20:40:11,421 - TNB - INFO - Scraping TNB 2021 Q2...
2026-04-15 20:40:14,876 - TNB - INFO - Found link: https://www.tnb.com.my/assets/quarterly_results/TNB_Unaudited_Consolidated_Statements_for_2QFY2021.pdf. Downloading...
2026-04-15 20:40:16,130 - TNB - INFO - Successfully saved: C:\Users\HP\Documents\repos\financial-insights\src\scraper\data\raw\TNB\TNB_2021_Q2.pdf
2026-04-15 20:40:16,277 - TNB - INFO - Scraping TNB 2021 Q3...
2026-04-15 20:40:19,680 - TNB - INFO - Found link: https://www.tnb.com.my/assets/quarterly_results/TNB_Unaudited_Consolidated_Statements_for_3QFY2021.pdf. Downloading...
2026-04-15 20:40:21,073 - TNB - INFO - Successfully saved: C:\Users\HP\Documents\repos\financial-insights\src\scraper\data\raw\TNB\TNB_2021_Q3.pdf
2026-04-15 20:40:21,192 - TNB - INFO - Scraping TNB 2021 Q4...
2026-04-15 20:40:24,561 - TNB - INFO - Found link: https://www.tnb.com.my/assets/quarterly_results/TNB_Unaudited_Consolidated_Statements_for_4QFY2021.pdf. Downloading...
2026-04-15 20:40:25,977 - TNB - INFO - Successfully saved: C:\Users\HP\Documents\repos\financial-insights\src\scraper\data\raw\TNB\TNB_2021_Q4.pdf
2026-04-15 20:40:26,132 - TNB - INFO - Scraping TNB 2022 Q1...
2026-04-15 20:40:29,581 - TNB - INFO - Found link: https://www.tnb.com.my/assets/quarterly_results/TNB_Unaudited_Consolidated_Statements_for_1QFY22.pdf. Downloading...
2026-04-15 20:40:30,895 - TNB - INFO - Successfully saved: C:\Users\HP\Documents\repos\financial-insights\src\scraper\data\raw\TNB\TNB_2022_Q1.pdf
2026-04-15 20:40:31,047 - TNB - INFO - Scraping TNB 2022 Q2...
2026-04-15 20:40:34,547 - TNB - INFO - Found link: https://www.tnb.com.my/assets/quarterly_results/TNB_Unaudited_Consolidated_Statements_for_2QFY22.pdf. Downloading...
2026-04-15 20:40:34,830 - TNB - INFO - Successfully saved: C:\Users\HP\Documents\repos\financial-insights\src\scraper\data\raw\TNB\TNB_2022_Q2.pdf
2026-04-15 20:40:34,948 - TNB - INFO - Scraping TNB 2022 Q3...
2026-04-15 20:40:38,357 - TNB - INFO - Found link: https://www.tnb.com.my/assets/quarterly_results/TNB_Unaudited_Consolidated_Statements_for_3QFY22.pdf. Downloading...
2026-04-15 20:40:39,664 - TNB - INFO - Successfully saved: C:\Users\HP\Documents\repos\financial-insights\src\scraper\data\raw\TNB\TNB_2022_Q3.pdf
2026-04-15 20:40:39,786 - TNB - INFO - Scraping TNB 2022 Q4...
2026-04-15 20:40:43,187 - TNB - INFO - Found link: https://www.tnb.com.my/assets/quarterly_results/TNB_Unaudited_Consolidated_Statements_for_4QFY2022.pdf. Downloading...
2026-04-15 20:40:44,494 - TNB - INFO - Successfully saved: C:\Users\HP\Documents\repos\financial-insights\src\scraper\data\raw\TNB\TNB_2022_Q4.pdf
2026-04-15 20:40:44,628 - TNB - INFO - Scraping TNB 2023 Q1...
2026-04-15 20:40:48,006 - TNB - INFO - Found link: https://www.tnb.com.my/assets/quarterly_results/TNB_Unaudited_Consolidated_Statements-1QFY2023.pdf. Downloading...
2026-04-15 20:40:49,524 - TNB - INFO - Successfully saved: C:\Users\HP\Documents\repos\financial-insights\src\scraper\data\raw\TNB\TNB_2023_Q1.pdf
2026-04-15 20:40:49,671 - TNB - INFO - Scraping TNB 2023 Q2...
2026-04-15 20:40:53,093 - TNB - INFO - Found link: https://www.tnb.com.my/assets/quarterly_results/TNB_Unaudited_Consolidated_Statements_-_2QFY2023.pdf. Downloading...
2026-04-15 20:40:54,741 - TNB - INFO - Successfully saved: C:\Users\HP\Documents\repos\financial-insights\src\scraper\data\raw\TNB\TNB_2023_Q2.pdf
2026-04-15 20:40:54,893 - TNB - INFO - Scraping TNB 2023 Q3...
2026-04-15 20:40:58,354 - TNB - INFO - Found link: https://www.tnb.com.my/assets/quarterly_results/TNB_Unaudited_Consolidated_Statements_for_3QFY2023.pdf. Downloading...
2026-04-15 20:40:59,954 - TNB - INFO - Successfully saved: C:\Users\HP\Documents\repos\financial-insights\src\scraper\data\raw\TNB\TNB_2023_Q3.pdf
2026-04-15 20:41:00,081 - TNB - INFO - Scraping TNB 2023 Q4...
2026-04-15 20:41:03,478 - TNB - INFO - Found link: https://www.tnb.com.my/assets/quarterly_results/TNB_Unaudited_Consolidated_Statements_-_4QFY2023.pdf. Downloading...
2026-04-15 20:41:05,092 - TNB - INFO - Successfully saved: C:\Users\HP\Documents\repos\financial-insights\src\scraper\data\raw\TNB\TNB_2023_Q4.pdf
2026-04-15 20:41:05,268 - TNB - INFO - Scraping TNB 2024 Q1...
2026-04-15 20:41:08,670 - TNB - INFO - Found link: https://www.tnb.com.my/assets/quarterly_results/TNB_Unaudited_Consolidated_Statements_for_1QFY2024.pdf. Downloading...
2026-04-15 20:41:09,805 - TNB - INFO - Successfully saved: C:\Users\HP\Documents\repos\financial-insights\src\scraper\data\raw\TNB\TNB_2024_Q1.pdf
2026-04-15 20:41:09,930 - TNB - INFO - Scraping TNB 2024 Q2...
2026-04-15 20:41:13,498 - TNB - INFO - Found link: https://www.tnb.com.my/assets/quarterly_results/TNB_Unaudited_Consolidated_Statements_for_2QFY2024.pdf. Downloading...
2026-04-15 20:41:13,804 - TNB - INFO - Successfully saved: C:\Users\HP\Documents\repos\financial-insights\src\scraper\data\raw\TNB\TNB_2024_Q2.pdf
2026-04-15 20:41:13,940 - TNB - INFO - Scraping TNB 2024 Q3...
2026-04-15 20:41:17,342 - TNB - INFO - Found link: https://www.tnb.com.my/assets/quarterly_results/Unaudited_Consolidated_Statements.pdf. Downloading...
2026-04-15 20:41:17,520 - TNB - INFO - Successfully saved: C:\Users\HP\Documents\repos\financial-insights\src\scraper\data\raw\TNB\TNB_2024_Q3.pdf
2026-04-15 20:41:17,652 - TNB - INFO - Scraping TNB 2024 Q4...
2026-04-15 20:41:21,116 - TNB - INFO - Found link: https://www.tnb.com.my/assets/quarterly_results/Unaudited_Consolidated_Statement.pdf. Downloading...
2026-04-15 20:41:21,405 - TNB - INFO - Successfully saved: C:\Users\HP\Documents\repos\financial-insights\src\scraper\data\raw\TNB\TNB_2024_Q4.pdf
2026-04-15 20:41:21,557 - TNB - INFO - Scraping TNB 2025 Q1...
2026-04-15 20:41:25,016 - TNB - INFO - Found link: https://www.tnb.com.my/assets/quarterly_results/Financial_Unaudited_Results_-_1QFY2025.pdf. Downloading...
2026-04-15 20:41:26,309 - TNB - INFO - Successfully saved: C:\Users\HP\Documents\repos\financial-insights\src\scraper\data\raw\TNB\TNB_2025_Q1.pdf
2026-04-15 20:41:26,440 - TNB - INFO - Scraping TNB 2025 Q2...
2026-04-15 20:41:30,077 - TNB - INFO - Found link: https://www.tnb.com.my/assets/quarterly_results/Financial_Unaudited_Results_-_2QFY2025.pdf. Downloading...
2026-04-15 20:41:31,132 - TNB - INFO - Successfully saved: C:\Users\HP\Documents\repos\financial-insights\src\scraper\data\raw\TNB\TNB_2025_Q2.pdf
2026-04-15 20:41:31,285 - TNB - INFO - Scraping TNB 2025 Q3...
2026-04-15 20:41:34,704 - TNB - INFO - Found link: https://www.tnb.com.my/assets/quarterly_results/Financial_Unaudited_Results_-_3QFY2025.pdf. Downloading...
2026-04-15 20:41:35,906 - TNB - INFO - Successfully saved: C:\Users\HP\Documents\repos\financial-insights\src\scraper\data\raw\TNB\TNB_2025_Q3.pdf
2026-04-15 20:41:36,040 - TNB - INFO - Scraping TNB 2025 Q4...
2026-04-15 20:41:39,419 - TNB - INFO - Found link: https://www.tnb.com.my/assets/quarterly_results/Financial_Unaudited_Results_-_4QFY2025.pdf. Downloading...
2026-04-15 20:41:40,406 - TNB - INFO - Successfully saved: C:\Users\HP\Documents\repos\financial-insights\src\scraper\data\raw\TNB\TNB_2025_Q4.pdf
2026-04-15 20:41:40,427 - MAIN - INFO - CIMB: 24 reports to download \u2192 [(2020, 'Q1'), (2020, 'Q2'), (2020, 'Q3'), (2020, 'Q4'), (2021, 'Q1'), (2021, 'Q2'), (2021, 'Q3'), (2021, 'Q4'), (2022, 'Q1'), (2022, 'Q2'), (2022, 'Q3'), (2022, 'Q4'), (2023, 'Q1'), (2023, 'Q2'), (2023, 'Q3'), (2023, 'Q4'), (2024, 'Q1'), (2024, 'Q2'), (2024, 'Q3'), (2024, 'Q4'), (2025, 'Q1'), (2025, 'Q2'), (2025, 'Q3'), (2025, 'Q4')]
2026-04-15 20:41:40,569 - CIMB - INFO - Scraping CIMB 2020 Q1...
2026-04-15 20:41:43,758 - CIMB - INFO - Found link: https://www.cimb.com/content/dam/cimb/group/documents/investor-relations/financial-information/cimb-group/2020/31-march-2020/1Q20CIMBGroupFinancialStatements.pdf. Downloading...
2026-04-15 20:41:44,851 - CIMB - INFO - Successfully saved: C:\Users\HP\Documents\repos\financial-insights\src\scraper\data\raw\CIMB\CIMB_2020_Q1.pdf
2026-04-15 20:41:44,996 - CIMB - INFO - Scraping CIMB 2020 Q2...
2026-04-15 20:41:47,638 - CIMB - INFO - Found link: https://www.cimb.com/content/dam/cimb/group/documents/investor-relations/financial-information/cimb-group/2020/30-june-2020/2Q20CIMBGroupFinancialStatements.pdf. Downloading...
2026-04-15 20:41:47,791 - CIMB - INFO - Successfully saved: C:\Users\HP\Documents\repos\financial-insights\src\scraper\data\raw\CIMB\CIMB_2020_Q2.pdf
2026-04-15 20:41:47,936 - CIMB - INFO - Scraping CIMB 2020 Q3...
2026-04-15 20:41:50,532 - CIMB - INFO - Found link: https://www.cimb.com/content/dam/cimb/group/documents/investor-relations/financial-information/cimb-group/2020/27-november-2020/3q20-cimb-group-financial-statement.pdf. Downloading...
2026-04-15 20:41:52,106 - CIMB - INFO - Successfully saved: C:\Users\HP\Documents\repos\financial-insights\src\scraper\data\raw\CIMB\CIMB_2020_Q3.pdf
2026-04-15 20:41:52,240 - CIMB - INFO - Scraping CIMB 2020 Q4...
2026-04-15 20:41:54,933 - CIMB - INFO - Found link: https://www.cimb.com/content/dam/cimb/group/documents/investor-relations/financial-information/cimb-group/2020/31-dec-2020/4q20-cimb-group-financial-statement.pdf. Downloading...
2026-04-15 20:41:55,059 - CIMB - INFO - Successfully saved: C:\Users\HP\Documents\repos\financial-insights\src\scraper\data\raw\CIMB\CIMB_2020_Q4.pdf
2026-04-15 20:41:55,198 - CIMB - INFO - Scraping CIMB 2021 Q1...
2026-04-15 20:41:57,782 - CIMB - INFO - Found link: https://www.cimb.com/content/dam/cimb/group/documents/investor-relations/financial-information/cimb-group/2021/31-march-2021/1q21-cimb-group-financial-statement.pdf. Downloading...
2026-04-15 20:41:57,973 - CIMB - INFO - Successfully saved: C:\Users\HP\Documents\repos\financial-insights\src\scraper\data\raw\CIMB\CIMB_2021_Q1.pdf
2026-04-15 20:41:58,099 - CIMB - INFO - Scraping CIMB 2021 Q2...
2026-04-15 20:42:00,652 - CIMB - INFO - Found link: https://www.cimb.com/content/dam/cimb/group/documents/investor-relations/financial-information/cimb-group/2021/30-june-2021/2q21-cimb-group-financial-statement.pdf. Downloading...
2026-04-15 20:42:02,279 - CIMB - INFO - Successfully saved: C:\Users\HP\Documents\repos\financial-insights\src\scraper\data\raw\CIMB\CIMB_2021_Q2.pdf
2026-04-15 20:42:02,405 - CIMB - INFO - Scraping CIMB 2021 Q3...
2026-04-15 20:42:05,106 - CIMB - INFO - Found link: https://www.cimb.com/content/dam/cimb/group/documents/investor-relations/financial-information/cimb-group/2021/30-sept-2021/3q21-cimb-group-financial-statements.pdf. Downloading...
2026-04-15 20:42:06,604 - CIMB - INFO - Successfully saved: C:\Users\HP\Documents\repos\financial-insights\src\scraper\data\raw\CIMB\CIMB_2021_Q3.pdf
2026-04-15 20:42:06,732 - CIMB - INFO - Scraping CIMB 2021 Q4...
2026-04-15 20:42:09,368 - CIMB - INFO - Found link: https://www.cimb.com/content/dam/cimb/group/documents/investor-relations/financial-information/cimb-group/2021/31-dec-2021/4q21-cimb-group-financial-statement.pdf. Downloading...
2026-04-15 20:42:10,903 - CIMB - INFO - Successfully saved: C:\Users\HP\Documents\repos\financial-insights\src\scraper\data\raw\CIMB\CIMB_2021_Q4.pdf
2026-04-15 20:42:11,037 - CIMB - INFO - Scraping CIMB 2022 Q1...
2026-04-15 20:42:13,715 - CIMB - INFO - Found link: https://www.cimb.com/content/dam/cimb/group/documents/investor-relations/financial-information/cimb-group/2022/31-march-2022/1q22-cimb-group-financial-statement.pdf. Downloading...
2026-04-15 20:42:13,925 - CIMB - INFO - Successfully saved: C:\Users\HP\Documents\repos\financial-insights\src\scraper\data\raw\CIMB\CIMB_2022_Q1.pdf
2026-04-15 20:42:14,043 - CIMB - INFO - Scraping CIMB 2022 Q2...
2026-04-15 20:42:16,615 - CIMB - INFO - Found link: https://www.cimb.com/content/dam/cimb/group/documents/investor-relations/financial-information/cimb-group/2022/30-june-2022/2q22-cimb-group-financial-statements.pdf. Downloading...
2026-04-15 20:42:18,202 - CIMB - INFO - Successfully saved: C:\Users\HP\Documents\repos\financial-insights\src\scraper\data\raw\CIMB\CIMB_2022_Q2.pdf
2026-04-15 20:42:18,329 - CIMB - INFO - Scraping CIMB 2022 Q3...
2026-04-15 20:42:20,906 - CIMB - INFO - Found link: https://www.cimb.com/content/dam/cimb/group/documents/investor-relations/financial-information/cimb-group/2022/30-sept-2022/3q22-cimb-group-financial-statements.pdf. Downloading...
2026-04-15 20:42:21,932 - CIMB - INFO - Successfully saved: C:\Users\HP\Documents\repos\financial-insights\src\scraper\data\raw\CIMB\CIMB_2022_Q3.pdf
2026-04-15 20:42:22,076 - CIMB - INFO - Scraping CIMB 2022 Q4...
2026-04-15 20:42:24,692 - CIMB - INFO - Found link: https://www.cimb.com/content/dam/cimb/group/documents/investor-relations/financial-information/cimb-group/2022/31-dec-2022/4Q22%20CIMB%20Group%20Financial%20Statement.pdf. Downloading...
2026-04-15 20:42:25,651 - CIMB - INFO - Successfully saved: C:\Users\HP\Documents\repos\financial-insights\src\scraper\data\raw\CIMB\CIMB_2022_Q4.pdf
2026-04-15 20:42:25,770 - CIMB - INFO - Scraping CIMB 2023 Q1...
2026-04-15 20:42:28,353 - CIMB - INFO - Found link: https://www.cimb.com/content/dam/cimb/group/documents/investor-relations/financial-information/cimb-group/2023/march-2023/1q23-cimb-group-financial-statement.pdf. Downloading...
2026-04-15 20:42:29,166 - CIMB - INFO - Successfully saved: C:\Users\HP\Documents\repos\financial-insights\src\scraper\data\raw\CIMB\CIMB_2023_Q1.pdf
2026-04-15 20:42:29,310 - CIMB - INFO - Scraping CIMB 2023 Q2...
2026-04-15 20:42:31,906 - CIMB - INFO - Found link: https://www.cimb.com/content/dam/cimb/group/documents/investor-relations/financial-information/cimb-group/2023/june-2023/2q23-cimb-group-financial-statement.pdf. Downloading...
2026-04-15 20:42:32,837 - CIMB - INFO - Successfully saved: C:\Users\HP\Documents\repos\financial-insights\src\scraper\data\raw\CIMB\CIMB_2023_Q2.pdf
2026-04-15 20:42:32,961 - CIMB - INFO - Scraping CIMB 2023 Q3...
2026-04-15 20:42:35,527 - CIMB - INFO - Found link: https://www.cimb.com/content/dam/cimb/group/documents/investor-relations/financial-information/cimb-group/2023/sept-2023/3q23-cimb-group-financial-statement.pdf. Downloading...
2026-04-15 20:42:35,663 - CIMB - INFO - Successfully saved: C:\Users\HP\Documents\repos\financial-insights\src\scraper\data\raw\CIMB\CIMB_2023_Q3.pdf
2026-04-15 20:42:35,809 - CIMB - INFO - Scraping CIMB 2023 Q4...
2026-04-15 20:42:38,419 - CIMB - INFO - Found link: https://www.cimb.com/content/dam/cimb/group/documents/investor-relations/financial-information/cimb-group/2023/dec-2023/4q23-cimb-group-financial-statement.pdf. Downloading...
2026-04-15 20:42:38,559 - CIMB - INFO - Successfully saved: C:\Users\HP\Documents\repos\financial-insights\src\scraper\data\raw\CIMB\CIMB_2023_Q4.pdf
2026-04-15 20:42:38,672 - CIMB - INFO - Scraping CIMB 2024 Q1...
2026-04-15 20:42:41,243 - CIMB - INFO - Found link: https://www.cimb.com/content/dam/cimb/group/documents/investor-relations/financial-information/cimb-group/2024/mar24/1q24-cimb-group-financial-statement.pdf. Downloading...
2026-04-15 20:42:41,344 - CIMB - INFO - Successfully saved: C:\Users\HP\Documents\repos\financial-insights\src\scraper\data\raw\CIMB\CIMB_2024_Q1.pdf
2026-04-15 20:42:41,473 - CIMB - INFO - Scraping CIMB 2024 Q2...
2026-04-15 20:42:44,061 - CIMB - INFO - Found link: https://www.cimb.com/content/dam/cimb/group/documents/investor-relations/financial-information/cimb-group/2024/jun-2024/2q24-cimb-group-financial-statement.pdf. Downloading...
2026-04-15 20:42:44,917 - CIMB - INFO - Successfully saved: C:\Users\HP\Documents\repos\financial-insights\src\scraper\data\raw\CIMB\CIMB_2024_Q2.pdf
2026-04-15 20:42:45,036 - CIMB - INFO - Scraping CIMB 2024 Q3...
2026-04-15 20:42:47,690 - CIMB - INFO - Found link: https://www.cimb.com/content/dam/cimb/group/documents/investor-relations/financial-information/cimb-group/2024/sep-2024/3q24-cimb-group-financial-statement.pdf. Downloading...
2026-04-15 20:42:47,825 - CIMB - INFO - Successfully saved: C:\Users\HP\Documents\repos\financial-insights\src\scraper\data\raw\CIMB\CIMB_2024_Q3.pdf
2026-04-15 20:42:47,967 - CIMB - INFO - Scraping CIMB 2024 Q4...
2026-04-15 20:42:50,603 - CIMB - INFO - Found link: https://www.cimb.com/content/dam/cimb/group/documents/investor-relations/financial-information/cimb-group/2024/dec-2024/4q24-cimb-group-financial-statement.pdf. Downloading...
2026-04-15 20:42:50,737 - CIMB - INFO - Successfully saved: C:\Users\HP\Documents\repos\financial-insights\src\scraper\data\raw\CIMB\CIMB_2024_Q4.pdf
2026-04-15 20:42:50,859 - CIMB - INFO - Scraping CIMB 2025 Q1...
2026-04-15 20:42:53,426 - CIMB - INFO - Found link: https://www.cimb.com/content/dam/cimb/group/documents/investor-relations/financial-information/cimb-group/2025/mar-2025/1q25-cimb-group-financial-statement.pdf. Downloading...
2026-04-15 20:42:54,177 - CIMB - INFO - Successfully saved: C:\Users\HP\Documents\repos\financial-insights\src\scraper\data\raw\CIMB\CIMB_2025_Q1.pdf
2026-04-15 20:42:54,296 - CIMB - INFO - Scraping CIMB 2025 Q2...
2026-04-15 20:42:56,883 - CIMB - INFO - Found link: https://www.cimb.com/content/dam/cimb/group/documents/investor-relations/financial-information/cimb-group/2025/june-2025/2q25-cimb-group-financial-statement.pdf. Downloading...
2026-04-15 20:42:57,000 - CIMB - INFO - Successfully saved: C:\Users\HP\Documents\repos\financial-insights\src\scraper\data\raw\CIMB\CIMB_2025_Q2.pdf
2026-04-15 20:42:57,116 - CIMB - INFO - Scraping CIMB 2025 Q3...
2026-04-15 20:42:59,691 - CIMB - INFO - Found link: https://www.cimb.com/content/dam/cimb/group/documents/investor-relations/financial-information/cimb-group/2025/sep-2025/3q25-cimb-group-financial-statement.pdf. Downloading...
2026-04-15 20:42:59,813 - CIMB - INFO - Successfully saved: C:\Users\HP\Documents\repos\financial-insights\src\scraper\data\raw\CIMB\CIMB_2025_Q3.pdf
2026-04-15 20:42:59,978 - CIMB - INFO - Scraping CIMB 2025 Q4...
2026-04-15 20:43:02,729 - CIMB - INFO - Found link: https://www.cimb.com/content/dam/cimb/group/documents/investor-relations/financial-information/cimb-group/2025/dec-2025/4q25-cimb-group-financial-statement1.pdf. Downloading...
2026-04-15 20:43:02,854 - CIMB - INFO - Successfully saved: C:\Users\HP\Documents\repos\financial-insights\src\scraper\data\raw\CIMB\CIMB_2025_Q4.pdf
2026-04-15 20:43:03,345 - MAIN - INFO - All done.
2026-05-02 08:01:38,562 - MAIN - INFO - Starting FinSight scraper in [full backfill] mode.
2026-05-02 08:01:38,564 - MAIN - INFO - MAYBANK: all reports already on disk – nothing to do.
2026-05-02 08:01:38,566 - MAIN - INFO - SUNWAY: all reports already on disk – nothing to do.
2026-05-02 08:01:38,567 - MAIN - INFO - GENTING: all reports already on disk – nothing to do.
2026-05-02 08:01:38,568 - MAIN - INFO - TELEKOM: all reports already on disk – nothing to do.
2026-05-02 08:01:38,569 - MAIN - INFO - MAXIS: all reports already on disk – nothing to do.
2026-05-02 08:01:38,570 - MAIN - INFO - PETRONAS: 7 reports to download \u2192 [(2020, 'Q3'), (2021, 'Q3'), (2022, 'Q3'), (2023, 'Q3'), (2024, 'Q3'), (2025, 'Q1'), (2025, 'Q3')]
2026-05-02 08:01:38,714 - PETRONAS - INFO - Skipping PETRONAS 2020 Q3 – Petronas does not publish a standalone Q3 report.
2026-05-02 08:01:38,830 - PETRONAS - INFO - Skipping PETRONAS 2021 Q3 – Petronas does not publish a standalone Q3 report.
2026-05-02 08:01:38,935 - PETRONAS - INFO - Skipping PETRONAS 2022 Q3 – Petronas does not publish a standalone Q3 report.
2026-05-02 08:01:39,053 - PETRONAS - INFO - Skipping PETRONAS 2023 Q3 – Petronas does not publish a standalone Q3 report.
2026-05-02 08:01:39,155 - PETRONAS - INFO - Skipping PETRONAS 2024 Q3 – Petronas does not publish a standalone Q3 report.
2026-05-02 08:01:39,261 - PETRONAS - INFO - Scraping PETRONAS 2025 Q1...
2026-05-02 08:01:41,850 - PETRONAS - WARNING - No 'Financial Report' link found for 2025 Q1 – report may not be published yet or the year doesn't exist on the page.
2026-05-02 08:01:41,990 - PETRONAS - INFO - Skipping PETRONAS 2025 Q3 – Petronas does not publish a standalone Q3 report.
2026-05-02 08:01:42,003 - MAIN - INFO - TNB: all reports already on disk – nothing to do.
2026-05-02 08:01:42,004 - MAIN - INFO - CIMB: all reports already on disk – nothing to do.
2026-05-02 08:01:42,204 - MAIN - INFO - All done.
2026-05-02 08:02:29,419 - MAIN - INFO - Starting FinSight scraper in [full backfill] mode.
2026-05-02 08:02:29,419 - MAIN - INFO - MAYBANK: 24 reports to download \u2192 [(2020, 'Q1'), (2020, 'Q2'), (2020, 'Q3'), (2020, 'Q4'), (2021, 'Q1'), (2021, 'Q2'), (2021, 'Q3'), (2021, 'Q4'), (2022, 'Q1'), (2022, 'Q2'), (2022, 'Q3'), (2022, 'Q4'), (2023, 'Q1'), (2023, 'Q2'), (2023, 'Q3'), (2023, 'Q4'), (2024, 'Q1'), (2024, 'Q2'), (2024, 'Q3'), (2024, 'Q4'), (2025, 'Q1'), (2025, 'Q2'), (2025, 'Q3'), (2025, 'Q4')]
2026-05-02 08:02:29,559 - MAYBANK - INFO - Scraping MAYBANK 2020 Q1...
2026-05-02 08:02:39,729 - MAYBANK - INFO - Selected year FY2020 in the filter dropdown.
2026-05-02 08:02:42,798 - MAYBANK - INFO - Found link: https://www.maybank.com/iwov-resources/documents/pdf/quarterly-report/2020/20200521_Maybank_Group_FS-Mar_2020.pdf. Downloading via browser context request...
2026-05-02 08:02:43,060 - MAYBANK - INFO - Successfully saved: C:\Users\HP\Documents\repos\financial-insights\src\scraper\data\raw\MAYBANK\MAYBANK_2020_Q1.pdf (740,421 bytes)
2026-05-02 08:02:43,193 - MAYBANK - INFO - Scraping MAYBANK 2020 Q2...
2026-05-02 08:02:52,522 - MAYBANK - INFO - Selected year FY2020 in the filter dropdown.
2026-05-02 08:02:55,536 - MAYBANK - INFO - Found link: https://www.maybank.com/iwov-resources/documents/pdf/quarterly-report/2020/20200827_Maybank_Group_FS-Jun_2020.pdf. Downloading via browser context request...
2026-05-02 08:02:55,712 - MAYBANK - INFO - Successfully saved: C:\Users\HP\Documents\repos\financial-insights\src\scraper\data\raw\MAYBANK\MAYBANK_2020_Q2.pdf (766,291 bytes)
2026-05-02 08:02:55,847 - MAYBANK - INFO - Scraping MAYBANK 2020 Q3...
2026-05-02 08:03:05,160 - MAYBANK - INFO - Selected year FY2020 in the filter dropdown.
2026-05-02 08:03:08,196 - MAYBANK - INFO - Found link: https://www.maybank.com/iwov-resources/documents/pdf/quarterly-report/2020/20201127_Maybank_Group_FS-Sep_2020.pdf. Downloading via browser context request...
2026-05-02 08:03:08,450 - MAYBANK - INFO - Successfully saved: C:\Users\HP\Documents\repos\financial-insights\src\scraper\data\raw\MAYBANK\MAYBANK_2020_Q3.pdf (769,759 bytes)
2026-05-02 08:03:08,568 - MAYBANK - INFO - Scraping MAYBANK 2020 Q4...
2026-05-02 08:03:17,928 - MAYBANK - INFO - Selected year FY2020 in the filter dropdown.
2026-05-02 08:03:20,973 - MAYBANK - INFO - Found link: https://www.maybank.com/iwov-resources/documents/pdf/quarterly-report/2020/20210225_Maybank_Group_FS-Dec_2020.pdf. Downloading via browser context request...
2026-05-02 08:03:21,289 - MAYBANK - INFO - Successfully saved: C:\Users\HP\Documents\repos\financial-insights\src\scraper\data\raw\MAYBANK\MAYBANK_2020_Q4.pdf (869,742 bytes)
2026-05-02 08:03:21,418 - MAYBANK - INFO - Scraping MAYBANK 2021 Q1...
2026-05-02 08:03:30,707 - MAYBANK - INFO - Selected year FY2021 in the filter dropdown.
2026-05-02 08:03:33,707 - MAYBANK - INFO - Found link: https://www.maybank.com/iwov-resources/documents/pdf/quarterly-report/2021/20210527_Maybank_Group_FS-Mar_2021.pdf. Downloading via browser context request...
2026-05-02 08:03:33,818 - MAYBANK - INFO - Successfully saved: C:\Users\HP\Documents\repos\financial-insights\src\scraper\data\raw\MAYBANK\MAYBANK_2021_Q1.pdf (737,519 bytes)
2026-05-02 08:03:33,945 - MAYBANK - INFO - Scraping MAYBANK 2021 Q2...
2026-05-02 08:03:43,244 - MAYBANK - INFO - Selected year FY2021 in the filter dropdown.
2026-05-02 08:03:46,299 - MAYBANK - INFO - Found link: https://www.maybank.com/iwov-resources/documents/pdf/quarterly-report/2021/20210826_Maybank_Group_FS-Jun_2021.pdf. Downloading via browser context request...
2026-05-02 08:03:46,450 - MAYBANK - INFO - Successfully saved: C:\Users\HP\Documents\repos\financial-insights\src\scraper\data\raw\MAYBANK\MAYBANK_2021_Q2.pdf (772,741 bytes)
2026-05-02 08:03:46,585 - MAYBANK - INFO - Scraping MAYBANK 2021 Q3...
2026-05-02 08:03:55,882 - MAYBANK - INFO - Selected year FY2021 in the filter dropdown.
2026-05-02 08:03:58,915 - MAYBANK - INFO - Found link: https://www.maybank.com/iwov-resources/documents/pdf/quarterly-report/2021/20211125_Maybank_Group_FS-Sep_2021.pdf. Downloading via browser context request...
2026-05-02 08:03:59,016 - MAYBANK - INFO - Successfully saved: C:\Users\HP\Documents\repos\financial-insights\src\scraper\data\raw\MAYBANK\MAYBANK_2021_Q3.pdf (780,061 bytes)
2026-05-02 08:03:59,164 - MAYBANK - INFO - Scraping MAYBANK 2021 Q4...
2026-05-02 08:04:08,532 - MAYBANK - INFO - Selected year FY2021 in the filter dropdown.
2026-05-02 08:04:11,565 - MAYBANK - INFO - Found link: https://www.maybank.com/iwov-resources/documents/pdf/quarterly-report/2021/20220224-Maybank-Group-FS-Dec-2021.pdf. Downloading via browser context request...
2026-05-02 08:04:11,692 - MAYBANK - INFO - Successfully saved: C:\Users\HP\Documents\repos\financial-insights\src\scraper\data\raw\MAYBANK\MAYBANK_2021_Q4.pdf (817,082 bytes)
2026-05-02 08:04:11,807 - MAYBANK - INFO - Scraping MAYBANK 2022 Q1...
2026-05-02 08:04:21,168 - MAYBANK - INFO - Selected year FY2022 in the filter dropdown.
2026-05-02 08:04:24,198 - MAYBANK - INFO - Found link: https://www.maybank.com/iwov-resources/documents/pdf/quarterly-report/2022/Maybank-Group-Financial-Statements-Mar-2022.pdf. Downloading via browser context request...
2026-05-02 08:04:24,353 - MAYBANK - INFO - Successfully saved: C:\Users\HP\Documents\repos\financial-insights\src\scraper\data\raw\MAYBANK\MAYBANK_2022_Q1.pdf (829,114 bytes)
2026-05-02 08:04:24,486 - MAYBANK - INFO - Scraping MAYBANK 2022 Q2...
2026-05-02 08:04:33,768 - MAYBANK - INFO - Selected year FY2022 in the filter dropdown.
2026-05-02 08:04:36,786 - MAYBANK - INFO - Found link: https://www.maybank.com/iwov-resources/documents/pdf/quarterly-report/2022/Maybank-Group-Financial-Statements-Jun-2022.pdf. Downloading via browser context request...
2026-05-02 08:04:37,003 - MAYBANK - INFO - Successfully saved: C:\Users\HP\Documents\repos\financial-insights\src\scraper\data\raw\MAYBANK\MAYBANK_2022_Q2.pdf (806,510 bytes)
2026-05-02 08:04:37,133 - MAYBANK - INFO - Scraping MAYBANK 2022 Q3...
2026-05-02 08:04:46,435 - MAYBANK - INFO - Selected year FY2022 in the filter dropdown.
2026-05-02 08:04:49,467 - MAYBANK - INFO - Found link: https://www.maybank.com/iwov-resources/documents/pdf/quarterly-report/2022/Maybank-Group-Financial-Statements-Sep-2022.pdf. Downloading via browser context request...
2026-05-02 08:04:49,788 - MAYBANK - INFO - Successfully saved: C:\Users\HP\Documents\repos\financial-insights\src\scraper\data\raw\MAYBANK\MAYBANK_2022_Q3.pdf (943,298 bytes)
2026-05-02 08:04:49,923 - MAYBANK - INFO - Scraping MAYBANK 2022 Q4...
2026-05-02 08:04:59,286 - MAYBANK - INFO - Selected year FY2022 in the filter dropdown.
2026-05-02 08:05:02,320 - MAYBANK - INFO - Found link: https://www.maybank.com/iwov-resources/documents/pdf/quarterly-report/2022/Maybank-Group-Financial-Statements-Dec-2022.pdf. Downloading via browser context request...
2026-05-02 08:05:02,591 - MAYBANK - INFO - Successfully saved: C:\Users\HP\Documents\repos\financial-insights\src\scraper\data\raw\MAYBANK\MAYBANK_2022_Q4.pdf (993,893 bytes)
2026-05-02 08:05:02,712 - MAYBANK - INFO - Scraping MAYBANK 2023 Q1...
2026-05-02 08:05:12,036 - MAYBANK - INFO - Selected year FY2023 in the filter dropdown.
2026-05-02 08:05:15,061 - MAYBANK - INFO - Found link: https://www.maybank.com/iwov-resources/documents/pdf/quarterly-report/2023/Maybank-Group-Financial-Statements-Mar-2023.pdf. Downloading via browser context request...
2026-05-02 08:05:15,284 - MAYBANK - INFO - Successfully saved: C:\Users\HP\Documents\repos\financial-insights\src\scraper\data\raw\MAYBANK\MAYBANK_2023_Q1.pdf (1,163,512 bytes)
2026-05-02 08:05:15,397 - MAYBANK - INFO - Scraping MAYBANK 2023 Q2...
2026-05-02 08:05:24,692 - MAYBANK - INFO - Selected year FY2023 in the filter dropdown.
2026-05-02 08:05:27,724 - MAYBANK - INFO - Found link: https://www.maybank.com/iwov-resources/documents/pdf/quarterly-report/2023/Maybank-Group-Financial-Statements-Jun-2023.pdf. Downloading via browser context request...
2026-05-02 08:05:28,026 - MAYBANK - INFO - Successfully saved: C:\Users\HP\Documents\repos\financial-insights\src\scraper\data\raw\MAYBANK\MAYBANK_2023_Q2.pdf (1,156,934 bytes)
2026-05-02 08:05:28,166 - MAYBANK - INFO - Scraping MAYBANK 2023 Q3...
2026-05-02 08:05:37,452 - MAYBANK - INFO - Selected year FY2023 in the filter dropdown.
2026-05-02 08:05:40,469 - MAYBANK - INFO - Found link: https://www.maybank.com/iwov-resources/documents/pdf/quarterly-report/2023/Maybank-Group-Financial-Statements-Sep-2023.pdf. Downloading via browser context request...
2026-05-02 08:05:40,734 - MAYBANK - INFO - Successfully saved: C:\Users\HP\Documents\repos\financial-insights\src\scraper\data\raw\MAYBANK\MAYBANK_2023_Q3.pdf (1,160,667 bytes)
2026-05-02 08:05:40,863 - MAYBANK - INFO - Scraping MAYBANK 2023 Q4...
2026-05-02 08:05:50,173 - MAYBANK - INFO - Selected year FY2023 in the filter dropdown.
2026-05-02 08:05:53,203 - MAYBANK - INFO - Found link: https://www.maybank.com/iwov-resources/documents/pdf/quarterly-report/2023/Maybank-Group-Financial-Statements-Dec-2023.pdf. Downloading via browser context request...
2026-05-02 08:05:53,432 - MAYBANK - INFO - Successfully saved: C:\Users\HP\Documents\repos\financial-insights\src\scraper\data\raw\MAYBANK\MAYBANK_2023_Q4.pdf (1,195,418 bytes)
2026-05-02 08:05:53,568 - MAYBANK - INFO - Scraping MAYBANK 2024 Q1...
2026-05-02 08:06:02,905 - MAYBANK - INFO - Selected year FY2024 in the filter dropdown.
2026-05-02 08:06:05,932 - MAYBANK - INFO - Found link: https://www.maybank.com/iwov-resources/documents/pdf/quarterly-report/2024/Maybank-Group-Financial-Statements-Mar-2024.pdf. Downloading via browser context request...
2026-05-02 08:06:06,171 - MAYBANK - INFO - Successfully saved: C:\Users\HP\Documents\repos\financial-insights\src\scraper\data\raw\MAYBANK\MAYBANK_2024_Q1.pdf (1,112,348 bytes)
2026-05-02 08:06:06,296 - MAYBANK - INFO - Scraping MAYBANK 2024 Q2...
2026-05-02 08:06:15,594 - MAYBANK - INFO - Selected year FY2024 in the filter dropdown.
2026-05-02 08:06:18,635 - MAYBANK - INFO - Found link: https://www.maybank.com/iwov-resources/documents/pdf/quarterly-report/2024/Maybank-Group-Financial-Statements-Jun-2024.pdf. Downloading via browser context request...
2026-05-02 08:06:18,771 - MAYBANK - INFO - Successfully saved: C:\Users\HP\Documents\repos\financial-insights\src\scraper\data\raw\MAYBANK\MAYBANK_2024_Q2.pdf (1,125,960 bytes)
2026-05-02 08:06:18,898 - MAYBANK - INFO - Scraping MAYBANK 2024 Q3...
2026-05-02 08:06:28,219 - MAYBANK - INFO - Selected year FY2024 in the filter dropdown.
2026-05-02 08:06:31,254 - MAYBANK - INFO - Found link: https://www.maybank.com/iwov-resources/documents/pdf/quarterly-report/2024/Maybank-Group-Financial-Statements-Sep-2024.pdf. Downloading via browser context request...
2026-05-02 08:06:31,404 - MAYBANK - INFO - Successfully saved: C:\Users\HP\Documents\repos\financial-insights\src\scraper\data\raw\MAYBANK\MAYBANK_2024_Q3.pdf (1,128,525 bytes)
2026-05-02 08:06:31,523 - MAYBANK - INFO - Scraping MAYBANK 2024 Q4...
2026-05-02 08:06:40,839 - MAYBANK - INFO - Selected year FY2024 in the filter dropdown.
2026-05-02 08:06:43,899 - MAYBANK - INFO - Found link: https://www.maybank.com/iwov-resources/documents/pdf/quarterly-report/2024/Maybank-Group-Financial-Statements-Dec-2024.pdf. Downloading via browser context request...
2026-05-02 08:06:44,124 - MAYBANK - INFO - Successfully saved: C:\Users\HP\Documents\repos\financial-insights\src\scraper\data\raw\MAYBANK\MAYBANK_2024_Q4.pdf (1,245,286 bytes)
2026-05-02 08:06:44,262 - MAYBANK - INFO - Scraping MAYBANK 2025 Q1...
2026-05-02 08:06:53,644 - MAYBANK - INFO - Selected year FY2025 in the filter dropdown.
2026-05-02 08:06:56,686 - MAYBANK - INFO - Found link: https://www.maybank.com/iwov-resources/documents/pdf/quarterly-report/2025/Maybank-Group-Financial-Statements-Mar-2025.pdf. Downloading via browser context request...
2026-05-02 08:06:56,837 - MAYBANK - INFO - Successfully saved: C:\Users\HP\Documents\repos\financial-insights\src\scraper\data\raw\MAYBANK\MAYBANK_2025_Q1.pdf (1,124,759 bytes)
2026-05-02 08:06:56,965 - MAYBANK - INFO - Scraping MAYBANK 2025 Q2...
2026-05-02 08:07:06,437 - MAYBANK - INFO - Selected year FY2025 in the filter dropdown.
2026-05-02 08:07:09,487 - MAYBANK - INFO - Found link: https://www.maybank.com/iwov-resources/documents/pdf/quarterly-report/2025/Maybank-Group-Financial-Statements-Jun-2025.pdf. Downloading via browser context request...
2026-05-02 08:07:09,666 - MAYBANK - INFO - Successfully saved: C:\Users\HP\Documents\repos\financial-insights\src\scraper\data\raw\MAYBANK\MAYBANK_2025_Q2.pdf (1,128,059 bytes)
2026-05-02 08:07:09,832 - MAYBANK - INFO - Scraping MAYBANK 2025 Q3...
2026-05-02 08:07:19,210 - MAYBANK - INFO - Selected year FY2025 in the filter dropdown.
2026-05-02 08:07:22,254 - MAYBANK - INFO - Found link: https://www.maybank.com/iwov-resources/documents/pdf/quarterly-report/2025/maybank-group-financial-statements-fy2025-3q.pdf. Downloading via browser context request...
2026-05-02 08:07:22,437 - MAYBANK - INFO - Successfully saved: C:\Users\HP\Documents\repos\financial-insights\src\scraper\data\raw\MAYBANK\MAYBANK_2025_Q3.pdf (1,132,760 bytes)
2026-05-02 08:07:22,582 - MAYBANK - INFO - Scraping MAYBANK 2025 Q4...
2026-05-02 08:07:31,938 - MAYBANK - INFO - Selected year FY2025 in the filter dropdown.
2026-05-02 08:07:34,977 - MAYBANK - INFO - Found link: https://www.maybank.com/iwov-resources/documents/pdf/quarterly-report/2025/maybank-group-financial-statements-fy2025-4q.pdf. Downloading via browser context request...
2026-05-02 08:07:35,059 - MAYBANK - INFO - Successfully saved: C:\Users\HP\Documents\repos\financial-insights\src\scraper\data\raw\MAYBANK\MAYBANK_2025_Q4.pdf (742,929 bytes)
2026-05-02 08:07:35,075 - MAIN - INFO - SUNWAY: 24 reports to download \u2192 [(2020, 'Q1'), (2020, 'Q2'), (2020, 'Q3'), (2020, 'Q4'), (2021, 'Q1'), (2021, 'Q2'), (2021, 'Q3'), (2021, 'Q4'), (2022, 'Q1'), (2022, 'Q2'), (2022, 'Q3'), (2022, 'Q4'), (2023, 'Q1'), (2023, 'Q2'), (2023, 'Q3'), (2023, 'Q4'), (2024, 'Q1'), (2024, 'Q2'), (2024, 'Q3'), (2024, 'Q4'), (2025, 'Q1'), (2025, 'Q2'), (2025, 'Q3'), (2025, 'Q4')]
2026-05-02 08:07:35,183 - SUNWAY - INFO - Scraping SUNWAY 2020 Q1...
2026-05-02 08:07:37,426 - SUNWAY - INFO - Found link: https://ir2.chartnexus.com/sunway/doc/quarterly/Q1_2020.pdf. Downloading...
2026-05-02 08:07:37,551 - SUNWAY - INFO - Successfully saved: C:\Users\HP\Documents\repos\financial-insights\src\scraper\data\raw\SUNWAY\SUNWAY_2020_Q1.pdf
2026-05-02 08:07:37,679 - SUNWAY - INFO - Scraping SUNWAY 2020 Q2...
2026-05-02 08:07:39,682 - SUNWAY - INFO - Found link: https://ir2.chartnexus.com/sunway/doc/quarterly/Q2_2020.pdf. Downloading...
2026-05-02 08:07:39,736 - SUNWAY - INFO - Successfully saved: C:\Users\HP\Documents\repos\financial-insights\src\scraper\data\raw\SUNWAY\SUNWAY_2020_Q2.pdf
2026-05-02 08:07:39,860 - SUNWAY - INFO - Scraping SUNWAY 2020 Q3...
2026-05-02 08:07:41,949 - SUNWAY - INFO - Found link: https://ir2.chartnexus.com/sunway/doc/quarterly/Q3_2020.pdf. Downloading...
2026-05-02 08:07:42,009 - SUNWAY - INFO - Successfully saved: C:\Users\HP\Documents\repos\financial-insights\src\scraper\data\raw\SUNWAY\SUNWAY_2020_Q3.pdf
2026-05-02 08:07:42,137 - SUNWAY - INFO - Scraping SUNWAY 2020 Q4...
2026-05-02 08:07:44,208 - SUNWAY - INFO - Found link: https://ir2.chartnexus.com/sunway/doc/quarterly/Q4_2020.pdf. Downloading...
2026-05-02 08:07:44,243 - SUNWAY - INFO - Successfully saved: C:\Users\HP\Documents\repos\financial-insights\src\scraper\data\raw\SUNWAY\SUNWAY_2020_Q4.pdf
2026-05-02 08:07:44,367 - SUNWAY - INFO - Scraping SUNWAY 2021 Q1...
2026-05-02 08:07:46,159 - SUNWAY - INFO - Found link: https://ir2.chartnexus.com/sunway/doc/quarterly/Q1_2021.pdf. Downloading...
2026-05-02 08:07:46,193 - SUNWAY - INFO - Successfully saved: C:\Users\HP\Documents\repos\financial-insights\src\scraper\data\raw\SUNWAY\SUNWAY_2021_Q1.pdf
2026-05-02 08:07:46,315 - SUNWAY - INFO - Scraping SUNWAY 2021 Q2...
2026-05-02 08:07:48,068 - SUNWAY - INFO - Found link: https://ir2.chartnexus.com/sunway/doc/quarterly/Q2_2021.pdf. Downloading...
2026-05-02 08:07:48,095 - SUNWAY - INFO - Successfully saved: C:\Users\HP\Documents\repos\financial-insights\src\scraper\data\raw\SUNWAY\SUNWAY_2021_Q2.pdf
2026-05-02 08:07:48,219 - SUNWAY - INFO - Scraping SUNWAY 2021 Q3...
2026-05-02 08:07:50,294 - SUNWAY - INFO - Found link: https://ir2.chartnexus.com/sunway/doc/quarterly/Q3_2021.pdf. Downloading...
2026-05-02 08:07:50,327 - SUNWAY - INFO - Successfully saved: C:\Users\HP\Documents\repos\financial-insights\src\scraper\data\raw\SUNWAY\SUNWAY_2021_Q3.pdf
2026-05-02 08:07:50,461 - SUNWAY - INFO - Scraping SUNWAY 2021 Q4...
2026-05-02 08:07:52,260 - SUNWAY - INFO - Found link: https://ir2.chartnexus.com/sunway/doc/quarterly/Q4_2021.pdf. Downloading...
2026-05-02 08:07:52,293 - SUNWAY - INFO - Successfully saved: C:\Users\HP\Documents\repos\financial-insights\src\scraper\data\raw\SUNWAY\SUNWAY_2021_Q4.pdf
2026-05-02 08:07:52,420 - SUNWAY - INFO - Scraping SUNWAY 2022 Q1...
2026-05-02 08:07:53,953 - SUNWAY - INFO - Found link: https://ir2.chartnexus.com/sunway/doc/quarterly/Q1_2022.pdf. Downloading...
2026-05-02 08:07:53,986 - SUNWAY - INFO - Successfully saved: C:\Users\HP\Documents\repos\financial-insights\src\scraper\data\raw\SUNWAY\SUNWAY_2022_Q1.pdf
2026-05-02 08:07:54,117 - SUNWAY - INFO - Scraping SUNWAY 2022 Q2...
2026-05-02 08:07:55,607 - SUNWAY - INFO - Found link: https://ir2.chartnexus.com/sunway/doc/quarterly/Q2_2022.pdf. Downloading...
2026-05-02 08:07:55,641 - SUNWAY - INFO - Successfully saved: C:\Users\HP\Documents\repos\financial-insights\src\scraper\data\raw\SUNWAY\SUNWAY_2022_Q2.pdf
2026-05-02 08:07:55,764 - SUNWAY - INFO - Scraping SUNWAY 2022 Q3...
2026-05-02 08:07:57,324 - SUNWAY - INFO - Found link: https://ir2.chartnexus.com/sunway/doc/quarterly/Q3_2022.pdf. Downloading...
2026-05-02 08:07:57,390 - SUNWAY - INFO - Successfully saved: C:\Users\HP\Documents\repos\financial-insights\src\scraper\data\raw\SUNWAY\SUNWAY_2022_Q3.pdf
2026-05-02 08:07:57,522 - SUNWAY - INFO - Scraping SUNWAY 2022 Q4...
2026-05-02 08:07:59,242 - SUNWAY - INFO - Found link: https://ir2.chartnexus.com/sunway/doc/quarterly/Q4_2022.pdf. Downloading...
2026-05-02 08:07:59,291 - SUNWAY - INFO - Successfully saved: C:\Users\HP\Documents\repos\financial-insights\src\scraper\data\raw\SUNWAY\SUNWAY_2022_Q4.pdf
2026-05-02 08:07:59,414 - SUNWAY - INFO - Scraping SUNWAY 2023 Q1...
2026-05-02 08:08:00,694 - SUNWAY - INFO - Found link: https://ir2.chartnexus.com/sunway/doc/quarterly/Q1_2023.pdf. Downloading...
2026-05-02 08:08:00,786 - SUNWAY - INFO - Successfully saved: C:\Users\HP\Documents\repos\financial-insights\src\scraper\data\raw\SUNWAY\SUNWAY_2023_Q1.pdf
2026-05-02 08:08:00,900 - SUNWAY - INFO - Scraping SUNWAY 2023 Q2...
2026-05-02 08:08:02,135 - SUNWAY - INFO - Found link: https://ir2.chartnexus.com/sunway/doc/quarterly/Q2_2023.pdf. Downloading...
2026-05-02 08:08:02,262 - SUNWAY - INFO - Successfully saved: C:\Users\HP\Documents\repos\financial-insights\src\scraper\data\raw\SUNWAY\SUNWAY_2023_Q2.pdf
2026-05-02 08:08:02,387 - SUNWAY - INFO - Scraping SUNWAY 2023 Q3...
2026-05-02 08:08:03,708 - SUNWAY - INFO - Found link: https://ir2.chartnexus.com/sunway/doc/quarterly/Q3_2023.pdf. Downloading...
2026-05-02 08:08:03,810 - SUNWAY - INFO - Successfully saved: C:\Users\HP\Documents\repos\financial-insights\src\scraper\data\raw\SUNWAY\SUNWAY_2023_Q3.pdf
2026-05-02 08:08:03,926 - SUNWAY - INFO - Scraping SUNWAY 2023 Q4...
2026-05-02 08:08:05,269 - SUNWAY - INFO - Found link: https://ir2.chartnexus.com/sunway/doc/quarterly/Q4_2023.pdf. Downloading...
2026-05-02 08:08:05,368 - SUNWAY - INFO - Successfully saved: C:\Users\HP\Documents\repos\financial-insights\src\scraper\data\raw\SUNWAY\SUNWAY_2023_Q4.pdf
2026-05-02 08:08:05,493 - SUNWAY - INFO - Scraping SUNWAY 2024 Q1...
2026-05-02 08:08:06,430 - SUNWAY - INFO - Found link: https://ir2.chartnexus.com/sunway/doc/quarterly/Q1_2024.pdf. Downloading...
2026-05-02 08:08:06,516 - SUNWAY - INFO - Successfully saved: C:\Users\HP\Documents\repos\financial-insights\src\scraper\data\raw\SUNWAY\SUNWAY_2024_Q1.pdf
2026-05-02 08:08:06,630 - SUNWAY - INFO - Scraping SUNWAY 2024 Q2...
2026-05-02 08:08:07,650 - SUNWAY - INFO - Found link: https://ir2.chartnexus.com/sunway/doc/quarterly/Q2_2024.pdf. Downloading...
2026-05-02 08:08:07,743 - SUNWAY - INFO - Successfully saved: C:\Users\HP\Documents\repos\financial-insights\src\scraper\data\raw\SUNWAY\SUNWAY_2024_Q2.pdf
2026-05-02 08:08:07,856 - SUNWAY - INFO - Scraping SUNWAY 2024 Q3...
2026-05-02 08:08:08,934 - SUNWAY - INFO - Found link: https://ir2.chartnexus.com/sunway/doc/quarterly/Q3_2024.pdf. Downloading...
2026-05-02 08:08:09,020 - SUNWAY - INFO - Successfully saved: C:\Users\HP\Documents\repos\financial-insights\src\scraper\data\raw\SUNWAY\SUNWAY_2024_Q3.pdf
2026-05-02 08:08:09,144 - SUNWAY - INFO - Scraping SUNWAY 2024 Q4...
2026-05-02 08:08:10,249 - SUNWAY - INFO - Found link: https://ir2.chartnexus.com/sunway/doc/quarterly/Q4_2024.pdf. Downloading...
2026-05-02 08:08:10,351 - SUNWAY - INFO - Successfully saved: C:\Users\HP\Documents\repos\financial-insights\src\scraper\data\raw\SUNWAY\SUNWAY_2024_Q4.pdf
2026-05-02 08:08:10,472 - SUNWAY - INFO - Scraping SUNWAY 2025 Q1...
2026-05-02 08:08:11,160 - SUNWAY - INFO - Found link: https://ir2.chartnexus.com/sunway/doc/quarterly/Q1_2025.pdf. Downloading...
2026-05-02 08:08:11,234 - SUNWAY - INFO - Successfully saved: C:\Users\HP\Documents\repos\financial-insights\src\scraper\data\raw\SUNWAY\SUNWAY_2025_Q1.pdf
2026-05-02 08:08:11,346 - SUNWAY - INFO - Scraping SUNWAY 2025 Q2...
2026-05-02 08:08:12,084 - SUNWAY - INFO - Found link: https://ir2.chartnexus.com/sunway/doc/quarterly/Q2_2025.pdf. Downloading...
2026-05-02 08:08:12,172 - SUNWAY - INFO - Successfully saved: C:\Users\HP\Documents\repos\financial-insights\src\scraper\data\raw\SUNWAY\SUNWAY_2025_Q2.pdf
2026-05-02 08:08:12,281 - SUNWAY - INFO - Scraping SUNWAY 2025 Q3...
2026-05-02 08:08:13,061 - SUNWAY - INFO - Found link: https://ir2.chartnexus.com/sunway/doc/quarterly/Q3_2025.pdf. Downloading...
2026-05-02 08:08:13,330 - SUNWAY - INFO - Successfully saved: C:\Users\HP\Documents\repos\financial-insights\src\scraper\data\raw\SUNWAY\SUNWAY_2025_Q3.pdf
2026-05-02 08:08:13,451 - SUNWAY - INFO - Scraping SUNWAY 2025 Q4...
2026-05-02 08:08:14,346 - SUNWAY - INFO - Found link: https://ir2.chartnexus.com/sunway/doc/quarterly/Q4_2025.pdf. Downloading...
2026-05-02 08:08:14,589 - SUNWAY - INFO - Successfully saved: C:\Users\HP\Documents\repos\financial-insights\src\scraper\data\raw\SUNWAY\SUNWAY_2025_Q4.pdf
2026-05-02 08:08:14,603 - MAIN - INFO - GENTING: 24 reports to download \u2192 [(2020, 'Q1'), (2020, 'Q2'), (2020, 'Q3'), (2020, 'Q4'), (2021, 'Q1'), (2021, 'Q2'), (2021, 'Q3'), (2021, 'Q4'), (2022, 'Q1'), (2022, 'Q2'), (2022, 'Q3'), (2022, 'Q4'), (2023, 'Q1'), (2023, 'Q2'), (2023, 'Q3'), (2023, 'Q4'), (2024, 'Q1'), (2024, 'Q2'), (2024, 'Q3'), (2024, 'Q4'), (2025, 'Q1'), (2025, 'Q2'), (2025, 'Q3'), (2025, 'Q4')]
2026-05-02 08:08:14,716 - GENTING - INFO - Scraping GENTING 2020 Q1...
2026-05-02 08:08:21,402 - GENTING - INFO - Activated tab panel #20 for 2020.
2026-05-02 08:08:21,914 - GENTING - INFO - Found link: https://www.genting.com/wp-content/uploads/2020/05/GENT-1Q-2020-Results-Announcement-Press-Release.pdf. Downloading...
2026-05-02 08:08:22,096 - GENTING - INFO - Successfully saved: C:\Users\HP\Documents\repos\financial-insights\src\scraper\data\raw\GENTING\GENTING_2020_Q1.pdf
2026-05-02 08:08:22,221 - GENTING - INFO - Scraping GENTING 2020 Q2...
2026-05-02 08:08:28,848 - GENTING - INFO - Activated tab panel #20 for 2020.
2026-05-02 08:08:29,363 - GENTING - INFO - Found link: https://www.genting.com/wp-content/uploads/2020/08/200827-GENT-GENT-2nd-Grp-Qtrly-Rept-2020-Press-Release-27-Aug-2020.pdf. Downloading...
2026-05-02 08:08:29,565 - GENTING - INFO - Successfully saved: C:\Users\HP\Documents\repos\financial-insights\src\scraper\data\raw\GENTING\GENTING_2020_Q2.pdf
2026-05-02 08:08:29,699 - GENTING - INFO - Scraping GENTING 2020 Q3...
2026-05-02 08:08:36,284 - GENTING - INFO - Activated tab panel #20 for 2020.
2026-05-02 08:08:36,797 - GENTING - INFO - Found link: https://www.genting.com/wp-content/uploads/2020/11/201126-GENT-3rd-Grp-Qtrly-Rept-Press-Release-2020.pdf. Downloading...
2026-05-02 08:08:36,958 - GENTING - INFO - Successfully saved: C:\Users\HP\Documents\repos\financial-insights\src\scraper\data\raw\GENTING\GENTING_2020_Q3.pdf
2026-05-02 08:08:37,083 - GENTING - INFO - Scraping GENTING 2020 Q4...
2026-05-02 08:08:43,736 - GENTING - INFO - Activated tab panel #20 for 2020.
2026-05-02 08:08:44,247 - GENTING - INFO - Found link: https://www.genting.com/wp-content/uploads/2021/02/210225-GENT-4th-Grp-Qtrly-Rept-Press-Release-2020-25-Feb-2021.pdf. Downloading...
2026-05-02 08:08:44,531 - GENTING - INFO - Successfully saved: C:\Users\HP\Documents\repos\financial-insights\src\scraper\data\raw\GENTING\GENTING_2020_Q4.pdf
2026-05-02 08:08:44,656 - GENTING - INFO - Scraping GENTING 2021 Q1...
2026-05-02 08:08:51,235 - GENTING - INFO - Activated tab panel #21 for 2021.
2026-05-02 08:08:51,748 - GENTING - INFO - Found link: https://www.genting.com/wp-content/uploads/2021/03/210525-GENT-2021-1Q-Report-Press-Release-25-May-2021.pdf. Downloading...
2026-05-02 08:08:51,893 - GENTING - INFO - Successfully saved: C:\Users\HP\Documents\repos\financial-insights\src\scraper\data\raw\GENTING\GENTING_2021_Q1.pdf
2026-05-02 08:08:52,031 - GENTING - INFO - Scraping GENTING 2021 Q2...
2026-05-02 08:08:58,640 - GENTING - INFO - Activated tab panel #21 for 2021.
2026-05-02 08:08:59,155 - GENTING - INFO - Found link: https://www.genting.com/wp-content/uploads/2021/08/210827-GENT-2nd-Grp-Qtrly-Report-and-Press-Release-27-Aug-2021.pdf. Downloading...
2026-05-02 08:08:59,290 - GENTING - INFO - Successfully saved: C:\Users\HP\Documents\repos\financial-insights\src\scraper\data\raw\GENTING\GENTING_2021_Q2.pdf
2026-05-02 08:08:59,419 - GENTING - INFO - Scraping GENTING 2021 Q3...
2026-05-02 08:09:05,979 - GENTING - INFO - Activated tab panel #21 for 2021.
2026-05-02 08:09:06,492 - GENTING - INFO - Found link: https://www.genting.com/wp-content/uploads/2021/11/211125-GENT-3rd-Grp-Qtrly-Rept-2021_combined-25-Nov-2021.pdf. Downloading...
2026-05-02 08:09:06,836 - GENTING - INFO - Successfully saved: C:\Users\HP\Documents\repos\financial-insights\src\scraper\data\raw\GENTING\GENTING_2021_Q3.pdf
2026-05-02 08:09:06,961 - GENTING - INFO - Scraping GENTING 2021 Q4...
2026-05-02 08:09:13,644 - GENTING - INFO - Activated tab panel #21 for 2021.
2026-05-02 08:09:14,156 - GENTING - INFO - Found link: https://www.genting.com/wp-content/uploads/2022/02/GENT_4thGrpQtrlyRept2021_PressRelease_Investor-Relations.pdf. Downloading...
2026-05-02 08:09:14,365 - GENTING - INFO - Successfully saved: C:\Users\HP\Documents\repos\financial-insights\src\scraper\data\raw\GENTING\GENTING_2021_Q4.pdf
2026-05-02 08:09:14,479 - GENTING - INFO - Scraping GENTING 2022 Q1...
2026-05-02 08:09:21,081 - GENTING - INFO - Activated tab panel #22 for 2022.
2026-05-02 08:09:21,607 - GENTING - INFO - Found link: https://www.genting.com/wp-content/uploads/2022/05/GENT-First-Quarterly-Report-and-Press-Release.pdf. Downloading...
2026-05-02 08:09:21,783 - GENTING - INFO - Successfully saved: C:\Users\HP\Documents\repos\financial-insights\src\scraper\data\raw\GENTING\GENTING_2022_Q1.pdf
2026-05-02 08:09:21,907 - GENTING - INFO - Scraping GENTING 2022 Q2...
2026-05-02 08:09:28,596 - GENTING - INFO - Activated tab panel #22 for 2022.
2026-05-02 08:09:29,116 - GENTING - INFO - Found link: https://www.genting.com/wp-content/uploads/2022/08/GENT_2022_2Q_Report_Press_Release.pdf. Downloading...
2026-05-02 08:09:29,249 - GENTING - INFO - Successfully saved: C:\Users\HP\Documents\repos\financial-insights\src\scraper\data\raw\GENTING\GENTING_2022_Q2.pdf
2026-05-02 08:09:29,364 - GENTING - INFO - Scraping GENTING 2022 Q3...
2026-05-02 08:09:36,261 - GENTING - INFO - Activated tab panel #22 for 2022.
2026-05-02 08:09:36,778 - GENTING - INFO - Found link: https://www.genting.com/wp-content/uploads/2022/11/GENT-Third-Quarterly-Report-Press-Release.pdf. Downloading...
2026-05-02 08:09:36,852 - GENTING - INFO - Successfully saved: C:\Users\HP\Documents\repos\financial-insights\src\scraper\data\raw\GENTING\GENTING_2022_Q3.pdf
2026-05-02 08:09:36,979 - GENTING - INFO - Scraping GENTING 2022 Q4...
2026-05-02 08:09:43,550 - GENTING - INFO - Activated tab panel #22 for 2022.
2026-05-02 08:09:44,061 - GENTING - INFO - Found link: https://www.genting.com/wp-content/uploads/2023/02/GENT-4th-Grp-Qtrly-Rept-2022-23-Feb-2023.pdf. Downloading...
2026-05-02 08:09:44,192 - GENTING - INFO - Successfully saved: C:\Users\HP\Documents\repos\financial-insights\src\scraper\data\raw\GENTING\GENTING_2022_Q4.pdf
2026-05-02 08:09:44,317 - GENTING - INFO - Scraping GENTING 2023 Q1...
2026-05-02 08:09:50,958 - GENTING - INFO - Activated tab panel #23 for 2023.
2026-05-02 08:09:51,466 - GENTING - INFO - Found link: https://www.genting.com/wp-content/uploads/2023/05/230525-GENT-2023-Q1-Report-Press-Release-25-May-2023.pdf. Downloading...
2026-05-02 08:09:52,823 - GENTING - INFO - Successfully saved: C:\Users\HP\Documents\repos\financial-insights\src\scraper\data\raw\GENTING\GENTING_2023_Q1.pdf
2026-05-02 08:09:52,951 - GENTING - INFO - Scraping GENTING 2023 Q2...
2026-05-02 08:09:59,520 - GENTING - INFO - Activated tab panel #23 for 2023.
2026-05-02 08:10:00,037 - GENTING - INFO - Found link: https://www.genting.com/wp-content/uploads/2023/08/GENT_SecondQuarterly-Report_Press-Release_24Aug2023.pdf. Downloading...
2026-05-02 08:10:00,130 - GENTING - INFO - Successfully saved: C:\Users\HP\Documents\repos\financial-insights\src\scraper\data\raw\GENTING\GENTING_2023_Q2.pdf
2026-05-02 08:10:00,268 - GENTING - INFO - Scraping GENTING 2023 Q3...
2026-05-02 08:10:06,879 - GENTING - INFO - Activated tab panel #23 for 2023.
2026-05-02 08:10:07,396 - GENTING - INFO - Found link: https://www.genting.com/wp-content/uploads/2023/11/GENT_Third-Quarterly-Report-Press-Release.pdf. Downloading...
2026-05-02 08:10:07,545 - GENTING - INFO - Successfully saved: C:\Users\HP\Documents\repos\financial-insights\src\scraper\data\raw\GENTING\GENTING_2023_Q3.pdf
2026-05-02 08:10:07,669 - GENTING - INFO - Scraping GENTING 2023 Q4...
2026-05-02 08:10:14,438 - GENTING - INFO - Activated tab panel #23 for 2023.
2026-05-02 08:10:14,953 - GENTING - INFO - Found link: https://www.genting.com/wp-content/uploads/2024/03/GENT-4th-Grp-Qtrly-Rpt-2023Press-Release.pdf. Downloading...
2026-05-02 08:10:15,108 - GENTING - INFO - Successfully saved: C:\Users\HP\Documents\repos\financial-insights\src\scraper\data\raw\GENTING\GENTING_2023_Q4.pdf
2026-05-02 08:10:15,231 - GENTING - INFO - Scraping GENTING 2024 Q1...
2026-05-02 08:10:22,012 - GENTING - INFO - Activated tab panel #24 for 2024.
2026-05-02 08:10:22,522 - GENTING - INFO - Found link: https://www.genting.com/wp-content/uploads/2024/05/240530-GENT-GENT-1st-Grp-Qtrly-Rept-2024.pdf. Downloading...
2026-05-02 08:10:22,748 - GENTING - INFO - Successfully saved: C:\Users\HP\Documents\repos\financial-insights\src\scraper\data\raw\GENTING\GENTING_2024_Q1.pdf
2026-05-02 08:10:22,890 - GENTING - INFO - Scraping GENTING 2024 Q2...
2026-05-02 08:10:29,495 - GENTING - INFO - Activated tab panel #24 for 2024.
2026-05-02 08:10:30,001 - GENTING - INFO - Found link: https://www.genting.com/wp-content/uploads/2024/08/GENT_2nd-Grp-Qtrly-Rept-2024-and-Press-Release.pdf. Downloading...
2026-05-02 08:10:30,248 - GENTING - INFO - Successfully saved: C:\Users\HP\Documents\repos\financial-insights\src\scraper\data\raw\GENTING\GENTING_2024_Q2.pdf
2026-05-02 08:10:30,466 - GENTING - INFO - Scraping GENTING 2024 Q3...
2026-05-02 08:10:37,043 - GENTING - INFO - Activated tab panel #24 for 2024.
2026-05-02 08:10:37,549 - GENTING - INFO - Found link: https://www.genting.com/wp-content/uploads/2024/11/241128-GENT-3rd-Grp-Qtrly-Rpt-3Q2024-28-Nov-2024.pdf. Downloading...
2026-05-02 08:10:37,726 - GENTING - INFO - Successfully saved: C:\Users\HP\Documents\repos\financial-insights\src\scraper\data\raw\GENTING\GENTING_2024_Q3.pdf
2026-05-02 08:10:37,862 - GENTING - INFO - Scraping GENTING 2024 Q4...
2026-05-02 08:10:44,434 - GENTING - INFO - Activated tab panel #24 for 2024.
2026-05-02 08:10:44,946 - GENTING - INFO - Found link: https://www.genting.com/wp-content/uploads/2025/02/GENT-4th-Grp-ReportPress-Release.pdf. Downloading...
2026-05-02 08:10:45,117 - GENTING - INFO - Successfully saved: C:\Users\HP\Documents\repos\financial-insights\src\scraper\data\raw\GENTING\GENTING_2024_Q4.pdf
2026-05-02 08:10:45,235 - GENTING - INFO - Scraping GENTING 2025 Q1...
2026-05-02 08:10:51,903 - GENTING - INFO - Activated tab panel #25 for 2025.
2026-05-02 08:10:52,410 - GENTING - INFO - Found link: https://www.genting.com/wp-content/uploads/2025/05/GENT_QtrRpt_1Q2025.pdf. Downloading...
2026-05-02 08:10:52,555 - GENTING - INFO - Successfully saved: C:\Users\HP\Documents\repos\financial-insights\src\scraper\data\raw\GENTING\GENTING_2025_Q1.pdf
2026-05-02 08:10:52,685 - GENTING - INFO - Scraping GENTING 2025 Q2...
2026-05-02 08:10:59,250 - GENTING - INFO - Activated tab panel #25 for 2025.
2026-05-02 08:10:59,762 - GENTING - INFO - Found link: https://www.genting.com/wp-content/uploads/2025/08/GENT_2nd-Grp-Qtrly-Rept-Press-Release-2025.pdf. Downloading...
2026-05-02 08:10:59,916 - GENTING - INFO - Successfully saved: C:\Users\HP\Documents\repos\financial-insights\src\scraper\data\raw\GENTING\GENTING_2025_Q2.pdf
2026-05-02 08:11:00,047 - GENTING - INFO - Scraping GENTING 2025 Q3...
2026-05-02 08:11:06,688 - GENTING - INFO - Activated tab panel #25 for 2025.
2026-05-02 08:11:07,193 - GENTING - INFO - Found link: https://www.genting.com/wp-content/uploads/2025/11/251127-GENT-3rd-Grp-Qtrly-Report-Press-Release.pdf. Downloading...
2026-05-02 08:11:07,519 - GENTING - INFO - Successfully saved: C:\Users\HP\Documents\repos\financial-insights\src\scraper\data\raw\GENTING\GENTING_2025_Q3.pdf
2026-05-02 08:11:07,640 - GENTING - INFO - Scraping GENTING 2025 Q4...
2026-05-02 08:11:14,224 - GENTING - INFO - Activated tab panel #25 for 2025.
2026-05-02 08:11:14,729 - GENTING - INFO - Found link: https://www.genting.com/wp-content/uploads/2026/02/260226-GENT-GENT-4th-Grp-Qtrly-Rept-2025-Press-Release.pdf. Downloading...
2026-05-02 08:11:15,838 - GENTING - INFO - Successfully saved: C:\Users\HP\Documents\repos\financial-insights\src\scraper\data\raw\GENTING\GENTING_2025_Q4.pdf
2026-05-02 08:11:15,853 - MAIN - INFO - TELEKOM: 24 reports to download \u2192 [(2020, 'Q1'), (2020, 'Q2'), (2020, 'Q3'), (2020, 'Q4'), (2021, 'Q1'), (2021, 'Q2'), (2021, 'Q3'), (2021, 'Q4'), (2022, 'Q1'), (2022, 'Q2'), (2022, 'Q3'), (2022, 'Q4'), (2023, 'Q1'), (2023, 'Q2'), (2023, 'Q3'), (2023, 'Q4'), (2024, 'Q1'), (2024, 'Q2'), (2024, 'Q3'), (2024, 'Q4'), (2025, 'Q1'), (2025, 'Q2'), (2025, 'Q3'), (2025, 'Q4')]
2026-05-02 08:11:15,962 - TELEKOM - INFO - Scraping TELEKOM 2020 Q1...
2026-05-02 08:11:17,495 - TELEKOM - INFO - Found link: https://tm.listedcompany.com/misc/qr/quarterly_report_20200331.pdf. Downloading...
2026-05-02 08:11:18,056 - TELEKOM - INFO - Successfully saved: C:\Users\HP\Documents\repos\financial-insights\src\scraper\data\raw\TELEKOM\TELEKOM_2020_Q1.pdf
2026-05-02 08:11:18,171 - TELEKOM - INFO - Scraping TELEKOM 2020 Q2...
2026-05-02 08:11:19,399 - TELEKOM - INFO - Found link: https://tm.listedcompany.com/misc/qr/quarterly_report_20200630.pdf. Downloading...
2026-05-02 08:11:19,674 - TELEKOM - INFO - Successfully saved: C:\Users\HP\Documents\repos\financial-insights\src\scraper\data\raw\TELEKOM\TELEKOM_2020_Q2.pdf
2026-05-02 08:11:19,803 - TELEKOM - INFO - Scraping TELEKOM 2020 Q3...
2026-05-02 08:11:20,948 - TELEKOM - INFO - Found link: https://tm.listedcompany.com/misc/qr/quarterly_report_20200930.pdf. Downloading...
2026-05-02 08:11:21,397 - TELEKOM - INFO - Successfully saved: C:\Users\HP\Documents\repos\financial-insights\src\scraper\data\raw\TELEKOM\TELEKOM_2020_Q3.pdf
2026-05-02 08:11:21,511 - TELEKOM - INFO - Scraping TELEKOM 2020 Q4...
2026-05-02 08:11:22,535 - TELEKOM - INFO - Found link: https://tm.listedcompany.com/misc/qr/quarterly_report_20201231.pdf. Downloading...
2026-05-02 08:11:22,632 - TELEKOM - INFO - Successfully saved: C:\Users\HP\Documents\repos\financial-insights\src\scraper\data\raw\TELEKOM\TELEKOM_2020_Q4.pdf
2026-05-02 08:11:22,747 - TELEKOM - INFO - Scraping TELEKOM 2021 Q1...
2026-05-02 08:11:23,680 - TELEKOM - INFO - Found link: https://tm.listedcompany.com/misc/qr/quarterly_report_20210331.pdf. Downloading...
2026-05-02 08:11:23,948 - TELEKOM - INFO - Successfully saved: C:\Users\HP\Documents\repos\financial-insights\src\scraper\data\raw\TELEKOM\TELEKOM_2021_Q1.pdf
2026-05-02 08:11:24,055 - TELEKOM - INFO - Scraping TELEKOM 2021 Q2...
2026-05-02 08:11:25,020 - TELEKOM - INFO - Found link: https://tm.listedcompany.com/misc/qr/quarterly_report_20210630.pdf. Downloading...
2026-05-02 08:11:25,388 - TELEKOM - INFO - Successfully saved: C:\Users\HP\Documents\repos\financial-insights\src\scraper\data\raw\TELEKOM\TELEKOM_2021_Q2.pdf
2026-05-02 08:11:25,504 - TELEKOM - INFO - Scraping TELEKOM 2021 Q3...
2026-05-02 08:11:26,714 - TELEKOM - INFO - Found link: https://tm.listedcompany.com/misc/qr/quarterly_report_20210930.pdf. Downloading...
2026-05-02 08:11:26,948 - TELEKOM - INFO - Successfully saved: C:\Users\HP\Documents\repos\financial-insights\src\scraper\data\raw\TELEKOM\TELEKOM_2021_Q3.pdf
2026-05-02 08:11:27,060 - TELEKOM - INFO - Scraping TELEKOM 2021 Q4...
2026-05-02 08:11:28,006 - TELEKOM - INFO - Found link: https://tm.listedcompany.com/misc/qr/quarterly_report_20211231.pdf. Downloading...
2026-05-02 08:11:28,081 - TELEKOM - INFO - Successfully saved: C:\Users\HP\Documents\repos\financial-insights\src\scraper\data\raw\TELEKOM\TELEKOM_2021_Q4.pdf
2026-05-02 08:11:28,195 - TELEKOM - INFO - Scraping TELEKOM 2022 Q1...
2026-05-02 08:11:29,097 - TELEKOM - INFO - Found link: https://tm.listedcompany.com/misc/qr/quarterly_report_20220331.pdf. Downloading...
2026-05-02 08:11:29,298 - TELEKOM - INFO - Successfully saved: C:\Users\HP\Documents\repos\financial-insights\src\scraper\data\raw\TELEKOM\TELEKOM_2022_Q1.pdf
2026-05-02 08:11:29,412 - TELEKOM - INFO - Scraping TELEKOM 2022 Q2...
2026-05-02 08:11:30,289 - TELEKOM - INFO - Found link: https://tm.listedcompany.com/misc/qr/quarterly_report_20220630.pdf. Downloading...
2026-05-02 08:11:30,613 - TELEKOM - INFO - Successfully saved: C:\Users\HP\Documents\repos\financial-insights\src\scraper\data\raw\TELEKOM\TELEKOM_2022_Q2.pdf
2026-05-02 08:11:30,733 - TELEKOM - INFO - Scraping TELEKOM 2022 Q3...
2026-05-02 08:11:32,120 - TELEKOM - INFO - Found link: https://tm.listedcompany.com/misc/qr/quarterly_report_20220930.pdf. Downloading...
2026-05-02 08:11:32,337 - TELEKOM - INFO - Successfully saved: C:\Users\HP\Documents\repos\financial-insights\src\scraper\data\raw\TELEKOM\TELEKOM_2022_Q3.pdf
2026-05-02 08:11:32,443 - TELEKOM - INFO - Scraping TELEKOM 2022 Q4...
2026-05-02 08:11:33,548 - TELEKOM - INFO - Found link: https://tm.listedcompany.com/misc/qr/quarterly_report_20221231.pdf. Downloading...
2026-05-02 08:11:33,961 - TELEKOM - INFO - Successfully saved: C:\Users\HP\Documents\repos\financial-insights\src\scraper\data\raw\TELEKOM\TELEKOM_2022_Q4.pdf
2026-05-02 08:11:34,075 - TELEKOM - INFO - Scraping TELEKOM 2023 Q1...
2026-05-02 08:11:35,117 - TELEKOM - INFO - Found link: https://tm.listedcompany.com/misc/qr/quarterly_report_20230331.pdf. Downloading...
2026-05-02 08:11:35,454 - TELEKOM - INFO - Successfully saved: C:\Users\HP\Documents\repos\financial-insights\src\scraper\data\raw\TELEKOM\TELEKOM_2023_Q1.pdf
2026-05-02 08:11:35,567 - TELEKOM - INFO - Scraping TELEKOM 2023 Q2...
2026-05-02 08:11:36,857 - TELEKOM - INFO - Found link: https://tm.listedcompany.com/misc/qr/quarterly_report_20230630.pdf. Downloading...
2026-05-02 08:11:37,201 - TELEKOM - INFO - Successfully saved: C:\Users\HP\Documents\repos\financial-insights\src\scraper\data\raw\TELEKOM\TELEKOM_2023_Q2.pdf
2026-05-02 08:11:37,324 - TELEKOM - INFO - Scraping TELEKOM 2023 Q3...
2026-05-02 08:11:38,375 - TELEKOM - INFO - Found link: https://tm.listedcompany.com/misc/qr/quarterly_report_20230930.pdf. Downloading...
2026-05-02 08:11:38,630 - TELEKOM - INFO - Successfully saved: C:\Users\HP\Documents\repos\financial-insights\src\scraper\data\raw\TELEKOM\TELEKOM_2023_Q3.pdf
2026-05-02 08:11:38,749 - TELEKOM - INFO - Scraping TELEKOM 2023 Q4...
2026-05-02 08:11:39,836 - TELEKOM - INFO - Found link: https://tm.listedcompany.com/misc/qr/quarterly_report_20231231.pdf. Downloading...
2026-05-02 08:11:40,092 - TELEKOM - INFO - Successfully saved: C:\Users\HP\Documents\repos\financial-insights\src\scraper\data\raw\TELEKOM\TELEKOM_2023_Q4.pdf
2026-05-02 08:11:40,214 - TELEKOM - INFO - Scraping TELEKOM 2024 Q1...
2026-05-02 08:11:41,298 - TELEKOM - INFO - Found link: https://tm.listedcompany.com/misc/qr/quarterly_report_20240331.pdf. Downloading...
2026-05-02 08:11:41,464 - TELEKOM - INFO - Successfully saved: C:\Users\HP\Documents\repos\financial-insights\src\scraper\data\raw\TELEKOM\TELEKOM_2024_Q1.pdf
2026-05-02 08:11:41,576 - TELEKOM - INFO - Scraping TELEKOM 2024 Q2...
2026-05-02 08:11:42,443 - TELEKOM - INFO - Found link: https://tm.listedcompany.com/misc/qr/quarterly_report_20240630.pdf. Downloading...
2026-05-02 08:11:42,776 - TELEKOM - INFO - Successfully saved: C:\Users\HP\Documents\repos\financial-insights\src\scraper\data\raw\TELEKOM\TELEKOM_2024_Q2.pdf
2026-05-02 08:11:42,896 - TELEKOM - INFO - Scraping TELEKOM 2024 Q3...
2026-05-02 08:11:44,449 - TELEKOM - INFO - Found link: https://tm.listedcompany.com/misc/qr/quarterly_report_20240930.pdf. Downloading...
2026-05-02 08:11:44,539 - TELEKOM - INFO - Successfully saved: C:\Users\HP\Documents\repos\financial-insights\src\scraper\data\raw\TELEKOM\TELEKOM_2024_Q3.pdf
2026-05-02 08:11:44,649 - TELEKOM - INFO - Scraping TELEKOM 2024 Q4...
2026-05-02 08:11:45,938 - TELEKOM - INFO - Found link: https://tm.listedcompany.com/misc/qr/quarterly_report_20241231.pdf. Downloading...
2026-05-02 08:11:46,092 - TELEKOM - INFO - Successfully saved: C:\Users\HP\Documents\repos\financial-insights\src\scraper\data\raw\TELEKOM\TELEKOM_2024_Q4.pdf
2026-05-02 08:11:46,215 - TELEKOM - INFO - Scraping TELEKOM 2025 Q1...
2026-05-02 08:11:47,059 - TELEKOM - INFO - Found link: https://tm.listedcompany.com/misc/qr/quarterly_report_20250331.pdf. Downloading...
2026-05-02 08:11:47,143 - TELEKOM - INFO - Successfully saved: C:\Users\HP\Documents\repos\financial-insights\src\scraper\data\raw\TELEKOM\TELEKOM_2025_Q1.pdf
2026-05-02 08:11:47,258 - TELEKOM - INFO - Scraping TELEKOM 2025 Q2...
2026-05-02 08:11:48,055 - TELEKOM - INFO - Found link: https://tm.listedcompany.com/misc/qr/quarterly_report_20250630.pdf. Downloading...
2026-05-02 08:11:48,288 - TELEKOM - INFO - Successfully saved: C:\Users\HP\Documents\repos\financial-insights\src\scraper\data\raw\TELEKOM\TELEKOM_2025_Q2.pdf
2026-05-02 08:11:48,408 - TELEKOM - INFO - Scraping TELEKOM 2025 Q3...
2026-05-02 08:11:49,211 - TELEKOM - INFO - Found link: https://tm.listedcompany.com/misc/qr/quarterly_report_20250930.pdf. Downloading...
2026-05-02 08:11:49,330 - TELEKOM - INFO - Successfully saved: C:\Users\HP\Documents\repos\financial-insights\src\scraper\data\raw\TELEKOM\TELEKOM_2025_Q3.pdf
2026-05-02 08:11:49,442 - TELEKOM - INFO - Scraping TELEKOM 2025 Q4...
2026-05-02 08:11:50,200 - TELEKOM - INFO - Found link: https://tm.listedcompany.com/misc/qr/quarterly_report_20251231.pdf. Downloading...
2026-05-02 08:11:50,307 - TELEKOM - INFO - Successfully saved: C:\Users\HP\Documents\repos\financial-insights\src\scraper\data\raw\TELEKOM\TELEKOM_2025_Q4.pdf
2026-05-02 08:11:50,318 - MAIN - INFO - MAXIS: 20 reports to download \u2192 [(2021, 'Q1'), (2021, 'Q2'), (2021, 'Q3'), (2021, 'Q4'), (2022, 'Q1'), (2022, 'Q2'), (2022, 'Q3'), (2022, 'Q4'), (2023, 'Q1'), (2023, 'Q2'), (2023, 'Q3'), (2023, 'Q4'), (2024, 'Q1'), (2024, 'Q2'), (2024, 'Q3'), (2024, 'Q4'), (2025, 'Q1'), (2025, 'Q2'), (2025, 'Q3'), (2025, 'Q4')]
2026-05-02 08:11:50,424 - MAXIS - INFO - Scraping MAXIS 2021 Q1...
2026-05-02 08:11:53,482 - MAXIS - INFO - Found link: https://ir.listedcompany.com/tracker.pl?type=5&id=240885&m=3b89afa7eb14b47a241640dd4d1500bdc6f5379b9aca5eadb89018124fc5b205&redirect=https%3A%2F%2Fmaxis.listedcompany.com%2Fmisc%2Fquarterly_report_31032021.pdf. Downloading...
2026-05-02 08:11:53,926 - MAXIS - INFO - Successfully saved: C:\Users\HP\Documents\repos\financial-insights\src\scraper\data\raw\MAXIS\MAXIS_2021_Q1.pdf
2026-05-02 08:11:54,057 - MAXIS - INFO - Scraping MAXIS 2021 Q2...
2026-05-02 08:11:57,148 - MAXIS - INFO - Found link: https://ir.listedcompany.com/tracker.pl?type=5&id=244486&m=b6a491fb5cf0dfee848c77310ac23cae9e6b0e7ad11e95623de5bf8ad10c1156&redirect=https%3A%2F%2Fmaxis.listedcompany.com%2Fmisc%2Fquarterly_report_30062021.pdf. Downloading...
2026-05-02 08:11:57,450 - MAXIS - INFO - Successfully saved: C:\Users\HP\Documents\repos\financial-insights\src\scraper\data\raw\MAXIS\MAXIS_2021_Q2.pdf
2026-05-02 08:11:57,568 - MAXIS - INFO - Scraping MAXIS 2021 Q3...
2026-05-02 08:12:00,220 - MAXIS - INFO - Found link: https://ir.listedcompany.com/tracker.pl?type=5&id=247611&m=3a5d4a9c991f135bd640024745d832f4c16e5f4efe55240461b3e9ec15e401c2&redirect=https%3A%2F%2Fmaxis.listedcompany.com%2Fmisc%2Fquarterly_report_30092021.pdf. Downloading...
2026-05-02 08:12:00,407 - MAXIS - INFO - Successfully saved: C:\Users\HP\Documents\repos\financial-insights\src\scraper\data\raw\MAXIS\MAXIS_2021_Q3.pdf
2026-05-02 08:12:00,558 - MAXIS - INFO - Scraping MAXIS 2021 Q4...
2026-05-02 08:12:03,170 - MAXIS - INFO - Found link: https://ir.listedcompany.com/tracker.pl?type=5&id=252242&m=113393edd3c31cc807f4ef90b4a78aa27524b8344f44c864dc00a295acd2fd32&redirect=https%3A%2F%2Fmaxis.listedcompany.com%2Fmisc%2Fquarterly_report_31122021.pdf. Downloading...
2026-05-02 08:12:03,343 - MAXIS - INFO - Successfully saved: C:\Users\HP\Documents\repos\financial-insights\src\scraper\data\raw\MAXIS\MAXIS_2021_Q4.pdf
2026-05-02 08:12:03,460 - MAXIS - INFO - Scraping MAXIS 2022 Q1...
2026-05-02 08:12:06,066 - MAXIS - INFO - Found link: https://ir.listedcompany.com/tracker.pl?type=5&id=254964&m=2ac61425d8cb5627498a96474463de6589b6360d48c8d95a648830734685afe9&redirect=https%3A%2F%2Fmaxis.listedcompany.com%2Fmisc%2Fquarterly_report_31032022.pdf. Downloading...
2026-05-02 08:12:06,426 - MAXIS - INFO - Successfully saved: C:\Users\HP\Documents\repos\financial-insights\src\scraper\data\raw\MAXIS\MAXIS_2022_Q1.pdf
2026-05-02 08:12:06,550 - MAXIS - INFO - Scraping MAXIS 2022 Q2...
2026-05-02 08:12:09,084 - MAXIS - INFO - Found link: https://ir.listedcompany.com/tracker.pl?type=5&id=257897&m=1918837126cfc0274404ce264a014864d832c47ce2e3f71314c6276ab1057258&redirect=https%3A%2F%2Fmaxis.listedcompany.com%2Fmisc%2Fquarterly_report_30062022.pdf. Downloading...
2026-05-02 08:12:09,402 - MAXIS - INFO - Successfully saved: C:\Users\HP\Documents\repos\financial-insights\src\scraper\data\raw\MAXIS\MAXIS_2022_Q2.pdf
2026-05-02 08:12:09,517 - MAXIS - INFO - Scraping MAXIS 2022 Q3...
2026-05-02 08:12:12,068 - MAXIS - INFO - Found link: https://ir.listedcompany.com/tracker.pl?type=5&id=261321&m=e041bafe70af1c4815c1bbbc5d16b0bb0f25ac305f7019fe4b1ef857d2ff9ce5&redirect=https%3A%2F%2Fmaxis.listedcompany.com%2Fmisc%2Fquarterly_report_30092022.pdf. Downloading...
2026-05-02 08:12:12,507 - MAXIS - INFO - Successfully saved: C:\Users\HP\Documents\repos\financial-insights\src\scraper\data\raw\MAXIS\MAXIS_2022_Q3.pdf
2026-05-02 08:12:12,617 - MAXIS - INFO - Scraping MAXIS 2022 Q4...
2026-05-02 08:12:15,158 - MAXIS - INFO - Found link: https://ir.listedcompany.com/tracker.pl?type=5&id=264546&m=3233970332ed6d694b2890dca1a82973d2f985dfe3832ce360281d73ec42fb03&redirect=https%3A%2F%2Fmaxis.listedcompany.com%2Fmisc%2Fquarterly_report_31122022.pdf. Downloading...
2026-05-02 08:12:15,293 - MAXIS - INFO - Successfully saved: C:\Users\HP\Documents\repos\financial-insights\src\scraper\data\raw\MAXIS\MAXIS_2022_Q4.pdf
2026-05-02 08:12:15,400 - MAXIS - INFO - Scraping MAXIS 2023 Q1...
2026-05-02 08:12:17,902 - MAXIS - INFO - Found link: https://ir.listedcompany.com/tracker.pl?type=5&id=268585&m=253e9979b49e025ffa11369776865d560c92f9739aa2a401ff6c4051d3beb8e4&redirect=https%3A%2F%2Fmaxis.listedcompany.com%2Fmisc%2Fquarterly_report_31032023.pdf. Downloading...
2026-05-02 08:12:18,179 - MAXIS - INFO - Successfully saved: C:\Users\HP\Documents\repos\financial-insights\src\scraper\data\raw\MAXIS\MAXIS_2023_Q1.pdf
2026-05-02 08:12:18,301 - MAXIS - INFO - Scraping MAXIS 2023 Q2...
2026-05-02 08:12:20,804 - MAXIS - INFO - Found link: https://ir.listedcompany.com/tracker.pl?type=5&id=270212&m=a018ff5372e778c0502adcaa2f6230924872dafcc7e73f2d67a5c41db2d339d5&redirect=https%3A%2F%2Fmaxis.listedcompany.com%2Fmisc%2Fquarterly_report_30062023.pdf. Downloading...
2026-05-02 08:12:20,932 - MAXIS - INFO - Successfully saved: C:\Users\HP\Documents\repos\financial-insights\src\scraper\data\raw\MAXIS\MAXIS_2023_Q2.pdf
2026-05-02 08:12:21,044 - MAXIS - INFO - Scraping MAXIS 2023 Q3...
2026-05-02 08:12:23,603 - MAXIS - INFO - Found link: https://ir.listedcompany.com/tracker.pl?type=5&id=273066&m=1e86d5a8cf027b4c95bd9ea848b4d8f333051eef7636e1f1407083bd3c4634f9&redirect=https%3A%2F%2Fmaxis.listedcompany.com%2Fmisc%2Fquarterly_report_30092023.pdf. Downloading...
2026-05-02 08:12:23,735 - MAXIS - INFO - Successfully saved: C:\Users\HP\Documents\repos\financial-insights\src\scraper\data\raw\MAXIS\MAXIS_2023_Q3.pdf
2026-05-02 08:12:23,848 - MAXIS - INFO - Scraping MAXIS 2023 Q4...
2026-05-02 08:12:26,352 - MAXIS - INFO - Found link: https://ir.listedcompany.com/tracker.pl?type=5&id=274582&m=40f0fd00e9d39183a336c39e6826dc8899a4bd49f7b8ed0de77255b5619125f0&redirect=https%3A%2F%2Fmaxis.listedcompany.com%2Fmisc%2Fquarterly_report_31122023.pdf. Downloading...
2026-05-02 08:12:26,487 - MAXIS - INFO - Successfully saved: C:\Users\HP\Documents\repos\financial-insights\src\scraper\data\raw\MAXIS\MAXIS_2023_Q4.pdf
2026-05-02 08:12:26,600 - MAXIS - INFO - Scraping MAXIS 2024 Q1...
2026-05-02 08:12:29,119 - MAXIS - INFO - Found link: https://ir.listedcompany.com/tracker.pl?type=5&id=279435&m=e9e3a2cff28c2ef073ecea378fc5bc4206afeb32c0658cbc0820445f891f40e0&redirect=https%3A%2F%2Fmaxis.listedcompany.com%2Fmisc%2Fquarterly_report_31032024.pdf. Downloading...
2026-05-02 08:12:29,260 - MAXIS - INFO - Successfully saved: C:\Users\HP\Documents\repos\financial-insights\src\scraper\data\raw\MAXIS\MAXIS_2024_Q1.pdf
2026-05-02 08:12:29,377 - MAXIS - INFO - Scraping MAXIS 2024 Q2...
2026-05-02 08:12:31,888 - MAXIS - INFO - Found link: https://ir.listedcompany.com/tracker.pl?type=5&id=282268&m=cc3cf03eca1bca8ee60f0652a34a1a1c0d2b7e48b74493b6587ceb3a846b9f09&redirect=https%3A%2F%2Fmaxis.listedcompany.com%2Fmisc%2Fquarterly_report_30062024.pdf. Downloading...
2026-05-02 08:12:32,529 - MAXIS - INFO - Successfully saved: C:\Users\HP\Documents\repos\financial-insights\src\scraper\data\raw\MAXIS\MAXIS_2024_Q2.pdf
2026-05-02 08:12:32,640 - MAXIS - INFO - Scraping MAXIS 2024 Q3...
2026-05-02 08:12:35,201 - MAXIS - INFO - Found link: https://ir.listedcompany.com/tracker.pl?type=5&id=283606&m=072864b181c06ba45cc1693339d5ec755a67595856e317a4743eddf4970066b8&redirect=https%3A%2F%2Fmaxis.listedcompany.com%2Fmisc%2Fquarterly_report_30092024.pdf. Downloading...
2026-05-02 08:12:35,350 - MAXIS - INFO - Successfully saved: C:\Users\HP\Documents\repos\financial-insights\src\scraper\data\raw\MAXIS\MAXIS_2024_Q3.pdf
2026-05-02 08:12:35,462 - MAXIS - INFO - Scraping MAXIS 2024 Q4...
2026-05-02 08:12:37,960 - MAXIS - INFO - Found link: https://ir.listedcompany.com/tracker.pl?type=5&id=286089&m=29314918d78da7a629ebf3b693a7ff816a4beff587022c3b49bd60aa026996ae&redirect=https%3A%2F%2Fmaxis.listedcompany.com%2Fmisc%2Fquarterly_report_31122024.pdf. Downloading...
2026-05-02 08:12:38,094 - MAXIS - INFO - Successfully saved: C:\Users\HP\Documents\repos\financial-insights\src\scraper\data\raw\MAXIS\MAXIS_2024_Q4.pdf
2026-05-02 08:12:38,218 - MAXIS - INFO - Scraping MAXIS 2025 Q1...
2026-05-02 08:12:40,779 - MAXIS - INFO - Found link: https://ir.listedcompany.com/tracker.pl?type=5&id=290167&m=37b76c1e60c688037f5864886f5ae76bf556c96fb928999db08b735f89d9e83b&redirect=https%3A%2F%2Fmaxis.listedcompany.com%2Fmisc%2Fquarterly_report_31032025.pdf. Downloading...
2026-05-02 08:12:40,977 - MAXIS - INFO - Successfully saved: C:\Users\HP\Documents\repos\financial-insights\src\scraper\data\raw\MAXIS\MAXIS_2025_Q1.pdf
2026-05-02 08:12:41,092 - MAXIS - INFO - Scraping MAXIS 2025 Q2...
2026-05-02 08:12:44,048 - MAXIS - INFO - Found link: https://ir.listedcompany.com/tracker.pl?type=5&id=293716&m=928461919ad255d9d55dad01c77eb2e62ff4ec9572abbf6d132c1c51ed899b95&redirect=https%3A%2F%2Fmaxis.listedcompany.com%2Fmisc%2Fquarterly_report_30062025.pdf. Downloading...
2026-05-02 08:12:44,211 - MAXIS - INFO - Successfully saved: C:\Users\HP\Documents\repos\financial-insights\src\scraper\data\raw\MAXIS\MAXIS_2025_Q2.pdf
2026-05-02 08:12:44,328 - MAXIS - INFO - Scraping MAXIS 2025 Q3...
2026-05-02 08:12:50,631 - MAXIS - INFO - Found link: https://ir.listedcompany.com/tracker.pl?type=5&id=294884&m=0f23287b2571f5cb8ca415469baf0056fc990a806c7ee4f683050d01373ed480&redirect=https%3A%2F%2Fmaxis.listedcompany.com%2Fmisc%2Fquarterly_report_30092025.pdf. Downloading...
2026-05-02 08:12:50,785 - MAXIS - INFO - Successfully saved: C:\Users\HP\Documents\repos\financial-insights\src\scraper\data\raw\MAXIS\MAXIS_2025_Q3.pdf
2026-05-02 08:12:50,906 - MAXIS - INFO - Scraping MAXIS 2025 Q4...
2026-05-02 08:12:56,398 - MAXIS - INFO - Found link: https://ir.listedcompany.com/tracker.pl?type=5&id=296954&m=092fe41c16dc3a6b825053ac1d2412374f4094efbc9e989c8f3ecaecd51c5fb5&redirect=https%3A%2F%2Fmaxis.listedcompany.com%2Fmisc%2Fquarterly_report_31122025.pdf. Downloading...
2026-05-02 08:12:56,580 - MAXIS - INFO - Successfully saved: C:\Users\HP\Documents\repos\financial-insights\src\scraper\data\raw\MAXIS\MAXIS_2025_Q4.pdf
2026-05-02 08:12:56,590 - MAIN - INFO - PETRONAS: 24 reports to download \u2192 [(2020, 'Q1'), (2020, 'Q2'), (2020, 'Q3'), (2020, 'Q4'), (2021, 'Q1'), (2021, 'Q2'), (2021, 'Q3'), (2021, 'Q4'), (2022, 'Q1'), (2022, 'Q2'), (2022, 'Q3'), (2022, 'Q4'), (2023, 'Q1'), (2023, 'Q2'), (2023, 'Q3'), (2023, 'Q4'), (2024, 'Q1'), (2024, 'Q2'), (2024, 'Q3'), (2024, 'Q4'), (2025, 'Q1'), (2025, 'Q2'), (2025, 'Q3'), (2025, 'Q4')]
2026-05-02 08:12:56,699 - PETRONAS - INFO - Scraping PETRONAS 2020 Q1...
2026-05-02 08:12:59,212 - PETRONAS - INFO - Found link: https://www.petronas.com/sites/default/files/uploads/content/2022/Interim-Financial-Report-Q1-2020.pdf. Downloading...
2026-05-02 08:12:59,906 - PETRONAS - INFO - Successfully saved: C:\Users\HP\Documents\repos\financial-insights\src\scraper\data\raw\PETRONAS\PETRONAS_2020_Q1.pdf
2026-05-02 08:13:00,044 - PETRONAS - INFO - Scraping PETRONAS 2020 Q2...
2026-05-02 08:13:02,430 - PETRONAS - INFO - Found link: https://www.petronas.com/sites/default/files/uploads/content/2022/Interim-Financial-Report-Q2-2020.pdf. Downloading...
2026-05-02 08:13:03,096 - PETRONAS - INFO - Successfully saved: C:\Users\HP\Documents\repos\financial-insights\src\scraper\data\raw\PETRONAS\PETRONAS_2020_Q2.pdf
2026-05-02 08:13:03,227 - PETRONAS - INFO - Skipping PETRONAS 2020 Q3 – Petronas does not publish a standalone Q3 report.
2026-05-02 08:13:03,343 - PETRONAS - INFO - Scraping PETRONAS 2020 Q4...
2026-05-02 08:13:05,695 - PETRONAS - INFO - Found link: https://www.petronas.com/sites/default/files/uploads/content/2022/Financial-Report-Q4-2020.pdf. Downloading...
2026-05-02 08:13:06,270 - PETRONAS - INFO - Successfully saved: C:\Users\HP\Documents\repos\financial-insights\src\scraper\data\raw\PETRONAS\PETRONAS_2020_Q4.pdf
2026-05-02 08:13:06,403 - PETRONAS - INFO - Scraping PETRONAS 2021 Q1...
2026-05-02 08:13:08,789 - PETRONAS - INFO - Found link: https://www.petronas.com/sites/default/files/uploads/content/2022/Financial-Report-Q1-2021.pdf. Downloading...
2026-05-02 08:13:08,880 - PETRONAS - INFO - Successfully saved: C:\Users\HP\Documents\repos\financial-insights\src\scraper\data\raw\PETRONAS\PETRONAS_2021_Q1.pdf
2026-05-02 08:13:09,012 - PETRONAS - INFO - Scraping PETRONAS 2021 Q2...
2026-05-02 08:13:11,373 - PETRONAS - INFO - Found link: https://www.petronas.com/sites/default/files/uploads/content/2022/Financial-Report-Q2-2021.pdf. Downloading...
2026-05-02 08:13:11,459 - PETRONAS - INFO - Successfully saved: C:\Users\HP\Documents\repos\financial-insights\src\scraper\data\raw\PETRONAS\PETRONAS_2021_Q2.pdf
2026-05-02 08:13:11,584 - PETRONAS - INFO - Skipping PETRONAS 2021 Q3 – Petronas does not publish a standalone Q3 report.
2026-05-02 08:13:11,691 - PETRONAS - INFO - Scraping PETRONAS 2021 Q4...
2026-05-02 08:13:14,050 - PETRONAS - INFO - Found link: https://www.petronas.com/sites/default/files/uploads/content/2022/Financial-Report-Q4-2021.pdf. Downloading...
2026-05-02 08:13:14,145 - PETRONAS - INFO - Successfully saved: C:\Users\HP\Documents\repos\financial-insights\src\scraper\data\raw\PETRONAS\PETRONAS_2021_Q4.pdf
2026-05-02 08:13:14,275 - PETRONAS - INFO - Scraping PETRONAS 2022 Q1...
2026-05-02 08:13:16,624 - PETRONAS - INFO - Found link: https://www.petronas.com/sites/default/files/uploads/content/2022/Financial%20Report%20Q1%202022-v2.pdf. Downloading...
2026-05-02 08:13:16,730 - PETRONAS - INFO - Successfully saved: C:\Users\HP\Documents\repos\financial-insights\src\scraper\data\raw\PETRONAS\PETRONAS_2022_Q1.pdf
2026-05-02 08:13:16,859 - PETRONAS - INFO - Scraping PETRONAS 2022 Q2...
2026-05-02 08:13:19,227 - PETRONAS - INFO - Found link: https://www.petronas.com/sites/default/files/uploads/content/2022/Financial-Report-Q2-FY2022.pdf. Downloading...
2026-05-02 08:13:19,341 - PETRONAS - INFO - Successfully saved: C:\Users\HP\Documents\repos\financial-insights\src\scraper\data\raw\PETRONAS\PETRONAS_2022_Q2.pdf
2026-05-02 08:13:19,470 - PETRONAS - INFO - Skipping PETRONAS 2022 Q3 – Petronas does not publish a standalone Q3 report.
2026-05-02 08:13:19,574 - PETRONAS - INFO - Scraping PETRONAS 2022 Q4...
2026-05-02 08:13:21,925 - PETRONAS - INFO - Found link: https://www.petronas.com/sites/default/files/uploads/content/2023/Quarterly%20Report%20Q4%20FY2022.pdf. Downloading...
2026-05-02 08:13:22,010 - PETRONAS - INFO - Successfully saved: C:\Users\HP\Documents\repos\financial-insights\src\scraper\data\raw\PETRONAS\PETRONAS_2022_Q4.pdf
2026-05-02 08:13:22,139 - PETRONAS - INFO - Scraping PETRONAS 2023 Q1...
2026-05-02 08:13:24,492 - PETRONAS - INFO - Found link: https://www.petronas.com/sites/default/files/uploads/content/2023/Quarterly%20Report%20Q1%20FY2023.pdf. Downloading...
2026-05-02 08:13:24,581 - PETRONAS - INFO - Successfully saved: C:\Users\HP\Documents\repos\financial-insights\src\scraper\data\raw\PETRONAS\PETRONAS_2023_Q1.pdf
2026-05-02 08:13:24,716 - PETRONAS - INFO - Scraping PETRONAS 2023 Q2...
2026-05-02 08:13:27,062 - PETRONAS - INFO - Found link: https://www.petronas.com/sites/default/files/uploads/content/2023/Quarterly%20Report%20Q2%20FY2023.pdf. Downloading...
2026-05-02 08:13:27,168 - PETRONAS - INFO - Successfully saved: C:\Users\HP\Documents\repos\financial-insights\src\scraper\data\raw\PETRONAS\PETRONAS_2023_Q2.pdf
2026-05-02 08:13:27,300 - PETRONAS - INFO - Skipping PETRONAS 2023 Q3 – Petronas does not publish a standalone Q3 report.
2026-05-02 08:13:27,409 - PETRONAS - INFO - Scraping PETRONAS 2023 Q4...
2026-05-02 08:13:29,779 - PETRONAS - INFO - Found link: https://www.petronas.com/sites/default/files/uploads/content/2024/Quarterly%20Report%20Q4%20FY2023.pdf. Downloading...
2026-05-02 08:13:29,892 - PETRONAS - INFO - Successfully saved: C:\Users\HP\Documents\repos\financial-insights\src\scraper\data\raw\PETRONAS\PETRONAS_2023_Q4.pdf
2026-05-02 08:13:30,025 - PETRONAS - INFO - Scraping PETRONAS 2024 Q1...
2026-05-02 08:13:32,396 - PETRONAS - INFO - Found link: https://www.petronas.com/sites/default/files/uploads/content/2024/PETRONAS%20Quarterly%20Report%20Q1%202024.pdf. Downloading...
2026-05-02 08:13:32,501 - PETRONAS - INFO - Successfully saved: C:\Users\HP\Documents\repos\financial-insights\src\scraper\data\raw\PETRONAS\PETRONAS_2024_Q1.pdf
2026-05-02 08:13:32,628 - PETRONAS - INFO - Scraping PETRONAS 2024 Q2...
2026-05-02 08:13:34,986 - PETRONAS - INFO - Found link: https://www.petronas.com/sites/default/files/uploads/content/2024/Interim%20Report%201H%20FY%202024.pdf. Downloading...
2026-05-02 08:13:35,120 - PETRONAS - INFO - Successfully saved: C:\Users\HP\Documents\repos\financial-insights\src\scraper\data\raw\PETRONAS\PETRONAS_2024_Q2.pdf
2026-05-02 08:13:35,255 - PETRONAS - INFO - Skipping PETRONAS 2024 Q3 – Petronas does not publish a standalone Q3 report.
2026-05-02 08:13:35,366 - PETRONAS - INFO - Scraping PETRONAS 2024 Q4...
2026-05-02 08:13:37,739 - PETRONAS - INFO - Found link: https://www.petronas.com/sites/default/files/uploads/content/2025/PETRONAS%20Group%20Financial%20Report%20FY%202024.pdf. Downloading...
2026-05-02 08:13:37,847 - PETRONAS - INFO - Successfully saved: C:\Users\HP\Documents\repos\financial-insights\src\scraper\data\raw\PETRONAS\PETRONAS_2024_Q4.pdf
2026-05-02 08:13:37,979 - PETRONAS - INFO - Scraping PETRONAS 2025 Q1...
2026-05-02 08:13:40,309 - PETRONAS - WARNING - No 'Financial Report' link found for 2025 Q1 – report may not be published yet or the year doesn't exist on the page.
2026-05-02 08:13:40,448 - PETRONAS - INFO - Scraping PETRONAS 2025 Q2...
2026-05-02 08:13:42,852 - PETRONAS - INFO - Found link: https://www.petronas.com/sites/default/files/uploads/content/2025/Financial%20Report%201H%202025.pdf. Downloading...
2026-05-02 08:13:42,980 - PETRONAS - INFO - Successfully saved: C:\Users\HP\Documents\repos\financial-insights\src\scraper\data\raw\PETRONAS\PETRONAS_2025_Q2.pdf
2026-05-02 08:13:43,113 - PETRONAS - INFO - Skipping PETRONAS 2025 Q3 – Petronas does not publish a standalone Q3 report.
2026-05-02 08:13:43,229 - PETRONAS - INFO - Scraping PETRONAS 2025 Q4...
2026-05-02 08:13:45,618 - PETRONAS - INFO - Found link: https://www.petronas.com/sites/default/files/uploads/content/2026/PETRONAS%20Group%20FRA%20FY2025%20-%20IFR_0.pdf. Downloading...
2026-05-02 08:13:45,775 - PETRONAS - INFO - Successfully saved: C:\Users\HP\Documents\repos\financial-insights\src\scraper\data\raw\PETRONAS\PETRONAS_2025_Q4.pdf
2026-05-02 08:13:45,799 - MAIN - INFO - TNB: 20 reports to download \u2192 [(2021, 'Q1'), (2021, 'Q2'), (2021, 'Q3'), (2021, 'Q4'), (2022, 'Q1'), (2022, 'Q2'), (2022, 'Q3'), (2022, 'Q4'), (2023, 'Q1'), (2023, 'Q2'), (2023, 'Q3'), (2023, 'Q4'), (2024, 'Q1'), (2024, 'Q2'), (2024, 'Q3'), (2024, 'Q4'), (2025, 'Q1'), (2025, 'Q2'), (2025, 'Q3'), (2025, 'Q4')]
2026-05-02 08:13:45,918 - TNB - INFO - Scraping TNB 2021 Q1...
2026-05-02 08:16:49,664 - TNB - ERROR - Exception occurred for 2021 Q1: Page.goto: Timeout 60000ms exceeded.
Call log:
  - navigating to "https://www.tnb.com.my/suppliers-investors-media-relations/financial-info", waiting until "domcontentloaded"

2026-05-02 08:16:49,886 - TNB - INFO - Scraping TNB 2021 Q2...
2026-05-02 08:16:53,342 - TNB - INFO - Found link: https://www.tnb.com.my/assets/quarterly_results/TNB_Unaudited_Consolidated_Statements_for_2QFY2021.pdf. Downloading...
2026-05-02 08:16:54,220 - TNB - INFO - Successfully saved: C:\Users\HP\Documents\repos\financial-insights\src\scraper\data\raw\TNB\TNB_2021_Q2.pdf
2026-05-02 08:16:54,394 - TNB - INFO - Scraping TNB 2021 Q3...
2026-05-02 08:16:57,803 - TNB - INFO - Found link: https://www.tnb.com.my/assets/quarterly_results/TNB_Unaudited_Consolidated_Statements_for_3QFY2021.pdf. Downloading...
2026-05-02 08:16:58,814 - TNB - INFO - Successfully saved: C:\Users\HP\Documents\repos\financial-insights\src\scraper\data\raw\TNB\TNB_2021_Q3.pdf
2026-05-02 08:16:58,962 - TNB - INFO - Scraping TNB 2021 Q4...
2026-05-02 08:17:02,315 - TNB - INFO - Found link: https://www.tnb.com.my/assets/quarterly_results/TNB_Unaudited_Consolidated_Statements_for_4QFY2021.pdf. Downloading...
2026-05-02 08:17:03,315 - TNB - INFO - Successfully saved: C:\Users\HP\Documents\repos\financial-insights\src\scraper\data\raw\TNB\TNB_2021_Q4.pdf
2026-05-02 08:17:03,472 - TNB - INFO - Scraping TNB 2022 Q1...
2026-05-02 08:17:06,854 - TNB - INFO - Found link: https://www.tnb.com.my/assets/quarterly_results/TNB_Unaudited_Consolidated_Statements_for_1QFY22.pdf. Downloading...
2026-05-02 08:17:07,705 - TNB - INFO - Successfully saved: C:\Users\HP\Documents\repos\financial-insights\src\scraper\data\raw\TNB\TNB_2022_Q1.pdf
2026-05-02 08:17:07,845 - TNB - INFO - Scraping TNB 2022 Q2...
2026-05-02 08:17:11,204 - TNB - INFO - Found link: https://www.tnb.com.my/assets/quarterly_results/TNB_Unaudited_Consolidated_Statements_for_2QFY22.pdf. Downloading...
2026-05-02 08:17:11,448 - TNB - INFO - Successfully saved: C:\Users\HP\Documents\repos\financial-insights\src\scraper\data\raw\TNB\TNB_2022_Q2.pdf
2026-05-02 08:17:11,587 - TNB - INFO - Scraping TNB 2022 Q3...
2026-05-02 08:17:14,935 - TNB - INFO - Found link: https://www.tnb.com.my/assets/quarterly_results/TNB_Unaudited_Consolidated_Statements_for_3QFY22.pdf. Downloading...
2026-05-02 08:17:15,891 - TNB - INFO - Successfully saved: C:\Users\HP\Documents\repos\financial-insights\src\scraper\data\raw\TNB\TNB_2022_Q3.pdf
2026-05-02 08:17:16,028 - TNB - INFO - Scraping TNB 2022 Q4...
2026-05-02 08:17:19,403 - TNB - INFO - Found link: https://www.tnb.com.my/assets/quarterly_results/TNB_Unaudited_Consolidated_Statements_for_4QFY2022.pdf. Downloading...
2026-05-02 08:17:20,329 - TNB - INFO - Successfully saved: C:\Users\HP\Documents\repos\financial-insights\src\scraper\data\raw\TNB\TNB_2022_Q4.pdf
2026-05-02 08:17:20,456 - TNB - INFO - Scraping TNB 2023 Q1...
2026-05-02 08:17:23,850 - TNB - INFO - Found link: https://www.tnb.com.my/assets/quarterly_results/TNB_Unaudited_Consolidated_Statements-1QFY2023.pdf. Downloading...
2026-05-02 08:17:24,750 - TNB - INFO - Successfully saved: C:\Users\HP\Documents\repos\financial-insights\src\scraper\data\raw\TNB\TNB_2023_Q1.pdf
2026-05-02 08:17:24,888 - TNB - INFO - Scraping TNB 2023 Q2...
2026-05-02 08:17:28,285 - TNB - INFO - Found link: https://www.tnb.com.my/assets/quarterly_results/TNB_Unaudited_Consolidated_Statements_-_2QFY2023.pdf. Downloading...
2026-05-02 08:17:30,864 - TNB - INFO - Successfully saved: C:\Users\HP\Documents\repos\financial-insights\src\scraper\data\raw\TNB\TNB_2023_Q2.pdf
2026-05-02 08:17:30,989 - TNB - INFO - Scraping TNB 2023 Q3...
2026-05-02 08:17:34,346 - TNB - INFO - Found link: https://www.tnb.com.my/assets/quarterly_results/TNB_Unaudited_Consolidated_Statements_for_3QFY2023.pdf. Downloading...
2026-05-02 08:17:35,471 - TNB - INFO - Successfully saved: C:\Users\HP\Documents\repos\financial-insights\src\scraper\data\raw\TNB\TNB_2023_Q3.pdf
2026-05-02 08:17:35,595 - TNB - INFO - Scraping TNB 2023 Q4...
2026-05-02 08:17:38,970 - TNB - INFO - Found link: https://www.tnb.com.my/assets/quarterly_results/TNB_Unaudited_Consolidated_Statements_-_4QFY2023.pdf. Downloading...
2026-05-02 08:17:40,630 - TNB - INFO - Successfully saved: C:\Users\HP\Documents\repos\financial-insights\src\scraper\data\raw\TNB\TNB_2023_Q4.pdf
2026-05-02 08:17:40,781 - TNB - INFO - Scraping TNB 2024 Q1...
2026-05-02 08:17:44,146 - TNB - INFO - Found link: https://www.tnb.com.my/assets/quarterly_results/TNB_Unaudited_Consolidated_Statements_for_1QFY2024.pdf. Downloading...
2026-05-02 08:17:45,365 - TNB - INFO - Successfully saved: C:\Users\HP\Documents\repos\financial-insights\src\scraper\data\raw\TNB\TNB_2024_Q1.pdf
2026-05-02 08:17:45,509 - TNB - INFO - Scraping TNB 2024 Q2...
2026-05-02 08:17:48,873 - TNB - INFO - Found link: https://www.tnb.com.my/assets/quarterly_results/TNB_Unaudited_Consolidated_Statements_for_2QFY2024.pdf. Downloading...
2026-05-02 08:17:49,144 - TNB - INFO - Successfully saved: C:\Users\HP\Documents\repos\financial-insights\src\scraper\data\raw\TNB\TNB_2024_Q2.pdf
2026-05-02 08:17:49,292 - TNB - INFO - Scraping TNB 2024 Q3...
2026-05-02 08:17:52,670 - TNB - INFO - Found link: https://www.tnb.com.my/assets/quarterly_results/Unaudited_Consolidated_Statements.pdf. Downloading...
2026-05-02 08:17:52,844 - TNB - INFO - Successfully saved: C:\Users\HP\Documents\repos\financial-insights\src\scraper\data\raw\TNB\TNB_2024_Q3.pdf
2026-05-02 08:17:52,970 - TNB - INFO - Scraping TNB 2024 Q4...
2026-05-02 08:17:56,356 - TNB - INFO - Found link: https://www.tnb.com.my/assets/quarterly_results/Unaudited_Consolidated_Statement.pdf. Downloading...
2026-05-02 08:17:56,737 - TNB - INFO - Successfully saved: C:\Users\HP\Documents\repos\financial-insights\src\scraper\data\raw\TNB\TNB_2024_Q4.pdf
2026-05-02 08:17:56,871 - TNB - INFO - Scraping TNB 2025 Q1...
2026-05-02 08:18:00,270 - TNB - INFO - Found link: https://www.tnb.com.my/assets/quarterly_results/Financial_Unaudited_Results_-_1QFY2025.pdf. Downloading...
2026-05-02 08:18:01,619 - TNB - INFO - Successfully saved: C:\Users\HP\Documents\repos\financial-insights\src\scraper\data\raw\TNB\TNB_2025_Q1.pdf
2026-05-02 08:18:01,771 - TNB - INFO - Scraping TNB 2025 Q2...
2026-05-02 08:18:05,139 - TNB - INFO - Found link: https://www.tnb.com.my/assets/quarterly_results/Financial_Unaudited_Results_-_2QFY2025.pdf. Downloading...
2026-05-02 08:18:06,175 - TNB - INFO - Successfully saved: C:\Users\HP\Documents\repos\financial-insights\src\scraper\data\raw\TNB\TNB_2025_Q2.pdf
2026-05-02 08:18:06,309 - TNB - INFO - Scraping TNB 2025 Q3...
2026-05-02 08:18:09,673 - TNB - INFO - Found link: https://www.tnb.com.my/assets/quarterly_results/Financial_Unaudited_Results_-_3QFY2025.pdf. Downloading...
2026-05-02 08:18:10,656 - TNB - INFO - Successfully saved: C:\Users\HP\Documents\repos\financial-insights\src\scraper\data\raw\TNB\TNB_2025_Q3.pdf
2026-05-02 08:18:10,786 - TNB - INFO - Scraping TNB 2025 Q4...
2026-05-02 08:18:14,157 - TNB - INFO - Found link: https://www.tnb.com.my/assets/quarterly_results/Financial_Unaudited_Results_-_4QFY2025.pdf. Downloading...
2026-05-02 08:18:16,642 - TNB - INFO - Successfully saved: C:\Users\HP\Documents\repos\financial-insights\src\scraper\data\raw\TNB\TNB_2025_Q4.pdf
2026-05-02 08:18:16,668 - MAIN - INFO - CIMB: 24 reports to download \u2192 [(2020, 'Q1'), (2020, 'Q2'), (2020, 'Q3'), (2020, 'Q4'), (2021, 'Q1'), (2021, 'Q2'), (2021, 'Q3'), (2021, 'Q4'), (2022, 'Q1'), (2022, 'Q2'), (2022, 'Q3'), (2022, 'Q4'), (2023, 'Q1'), (2023, 'Q2'), (2023, 'Q3'), (2023, 'Q4'), (2024, 'Q1'), (2024, 'Q2'), (2024, 'Q3'), (2024, 'Q4'), (2025, 'Q1'), (2025, 'Q2'), (2025, 'Q3'), (2025, 'Q4')]
2026-05-02 08:18:16,787 - CIMB - INFO - Scraping CIMB 2020 Q1...
2026-05-02 08:18:21,406 - CIMB - INFO - Found link: https://www.cimb.com/content/dam/cimb/group/documents/investor-relations/financial-information/cimb-group/2020/31-march-2020/1Q20CIMBGroupFinancialStatements.pdf. Downloading...
2026-05-02 08:18:22,758 - CIMB - INFO - Successfully saved: C:\Users\HP\Documents\repos\financial-insights\src\scraper\data\raw\CIMB\CIMB_2020_Q1.pdf
2026-05-02 08:18:22,894 - CIMB - INFO - Scraping CIMB 2020 Q2...
2026-05-02 08:18:25,579 - CIMB - INFO - Found link: https://www.cimb.com/content/dam/cimb/group/documents/investor-relations/financial-information/cimb-group/2020/30-june-2020/2Q20CIMBGroupFinancialStatements.pdf. Downloading...
2026-05-02 08:18:27,026 - CIMB - INFO - Successfully saved: C:\Users\HP\Documents\repos\financial-insights\src\scraper\data\raw\CIMB\CIMB_2020_Q2.pdf
2026-05-02 08:18:27,163 - CIMB - INFO - Scraping CIMB 2020 Q3...
2026-05-02 08:18:29,813 - CIMB - INFO - Found link: https://www.cimb.com/content/dam/cimb/group/documents/investor-relations/financial-information/cimb-group/2020/27-november-2020/3q20-cimb-group-financial-statement.pdf. Downloading...
2026-05-02 08:18:30,513 - CIMB - INFO - Successfully saved: C:\Users\HP\Documents\repos\financial-insights\src\scraper\data\raw\CIMB\CIMB_2020_Q3.pdf
2026-05-02 08:18:30,643 - CIMB - INFO - Scraping CIMB 2020 Q4...
2026-05-02 08:18:33,319 - CIMB - INFO - Found link: https://www.cimb.com/content/dam/cimb/group/documents/investor-relations/financial-information/cimb-group/2020/31-dec-2020/4q20-cimb-group-financial-statement.pdf. Downloading...
2026-05-02 08:18:34,697 - CIMB - INFO - Successfully saved: C:\Users\HP\Documents\repos\financial-insights\src\scraper\data\raw\CIMB\CIMB_2020_Q4.pdf
2026-05-02 08:18:34,835 - CIMB - INFO - Scraping CIMB 2021 Q1...
2026-05-02 08:18:37,536 - CIMB - INFO - Found link: https://www.cimb.com/content/dam/cimb/group/documents/investor-relations/financial-information/cimb-group/2021/31-march-2021/1q21-cimb-group-financial-statement.pdf. Downloading...
2026-05-02 08:18:38,959 - CIMB - INFO - Successfully saved: C:\Users\HP\Documents\repos\financial-insights\src\scraper\data\raw\CIMB\CIMB_2021_Q1.pdf
2026-05-02 08:18:39,118 - CIMB - INFO - Scraping CIMB 2021 Q2...
2026-05-02 08:18:41,819 - CIMB - INFO - Found link: https://www.cimb.com/content/dam/cimb/group/documents/investor-relations/financial-information/cimb-group/2021/30-june-2021/2q21-cimb-group-financial-statement.pdf. Downloading...
2026-05-02 08:18:43,897 - CIMB - INFO - Successfully saved: C:\Users\HP\Documents\repos\financial-insights\src\scraper\data\raw\CIMB\CIMB_2021_Q2.pdf
2026-05-02 08:18:44,040 - CIMB - INFO - Scraping CIMB 2021 Q3...
2026-05-02 08:18:46,727 - CIMB - INFO - Found link: https://www.cimb.com/content/dam/cimb/group/documents/investor-relations/financial-information/cimb-group/2021/30-sept-2021/3q21-cimb-group-financial-statements.pdf. Downloading...
2026-05-02 08:18:48,731 - CIMB - INFO - Successfully saved: C:\Users\HP\Documents\repos\financial-insights\src\scraper\data\raw\CIMB\CIMB_2021_Q3.pdf
2026-05-02 08:18:48,881 - CIMB - INFO - Scraping CIMB 2021 Q4...
2026-05-02 08:18:51,576 - CIMB - INFO - Found link: https://www.cimb.com/content/dam/cimb/group/documents/investor-relations/financial-information/cimb-group/2021/31-dec-2021/4q21-cimb-group-financial-statement.pdf. Downloading...
2026-05-02 08:18:54,404 - CIMB - INFO - Successfully saved: C:\Users\HP\Documents\repos\financial-insights\src\scraper\data\raw\CIMB\CIMB_2021_Q4.pdf
2026-05-02 08:18:54,556 - CIMB - INFO - Scraping CIMB 2022 Q1...
2026-05-02 08:18:57,261 - CIMB - INFO - Found link: https://www.cimb.com/content/dam/cimb/group/documents/investor-relations/financial-information/cimb-group/2022/31-march-2022/1q22-cimb-group-financial-statement.pdf. Downloading...
2026-05-02 08:18:59,336 - CIMB - INFO - Successfully saved: C:\Users\HP\Documents\repos\financial-insights\src\scraper\data\raw\CIMB\CIMB_2022_Q1.pdf
2026-05-02 08:18:59,471 - CIMB - INFO - Scraping CIMB 2022 Q2...
2026-05-02 08:19:02,210 - CIMB - INFO - Found link: https://www.cimb.com/content/dam/cimb/group/documents/investor-relations/financial-information/cimb-group/2022/30-june-2022/2q22-cimb-group-financial-statements.pdf. Downloading...
2026-05-02 08:19:02,848 - CIMB - INFO - Successfully saved: C:\Users\HP\Documents\repos\financial-insights\src\scraper\data\raw\CIMB\CIMB_2022_Q2.pdf
2026-05-02 08:19:02,990 - CIMB - INFO - Scraping CIMB 2022 Q3...
2026-05-02 08:19:05,693 - CIMB - INFO - Found link: https://www.cimb.com/content/dam/cimb/group/documents/investor-relations/financial-information/cimb-group/2022/30-sept-2022/3q22-cimb-group-financial-statements.pdf. Downloading...
2026-05-02 08:19:06,915 - CIMB - INFO - Successfully saved: C:\Users\HP\Documents\repos\financial-insights\src\scraper\data\raw\CIMB\CIMB_2022_Q3.pdf
2026-05-02 08:19:07,048 - CIMB - INFO - Scraping CIMB 2022 Q4...
2026-05-02 08:19:09,743 - CIMB - INFO - Found link: https://www.cimb.com/content/dam/cimb/group/documents/investor-relations/financial-information/cimb-group/2022/31-dec-2022/4Q22%20CIMB%20Group%20Financial%20Statement.pdf. Downloading...
2026-05-02 08:19:10,990 - CIMB - INFO - Successfully saved: C:\Users\HP\Documents\repos\financial-insights\src\scraper\data\raw\CIMB\CIMB_2022_Q4.pdf
2026-05-02 08:19:11,122 - CIMB - INFO - Scraping CIMB 2023 Q1...
2026-05-02 08:19:13,772 - CIMB - INFO - Found link: https://www.cimb.com/content/dam/cimb/group/documents/investor-relations/financial-information/cimb-group/2023/march-2023/1q23-cimb-group-financial-statement.pdf. Downloading...
2026-05-02 08:19:14,770 - CIMB - INFO - Successfully saved: C:\Users\HP\Documents\repos\financial-insights\src\scraper\data\raw\CIMB\CIMB_2023_Q1.pdf
2026-05-02 08:19:14,909 - CIMB - INFO - Scraping CIMB 2023 Q2...
2026-05-02 08:19:17,595 - CIMB - INFO - Found link: https://www.cimb.com/content/dam/cimb/group/documents/investor-relations/financial-information/cimb-group/2023/june-2023/2q23-cimb-group-financial-statement.pdf. Downloading...
2026-05-02 08:19:17,938 - CIMB - INFO - Successfully saved: C:\Users\HP\Documents\repos\financial-insights\src\scraper\data\raw\CIMB\CIMB_2023_Q2.pdf
2026-05-02 08:19:18,070 - CIMB - INFO - Scraping CIMB 2023 Q3...
2026-05-02 08:19:20,736 - CIMB - INFO - Found link: https://www.cimb.com/content/dam/cimb/group/documents/investor-relations/financial-information/cimb-group/2023/sept-2023/3q23-cimb-group-financial-statement.pdf. Downloading...
2026-05-02 08:19:21,073 - CIMB - INFO - Successfully saved: C:\Users\HP\Documents\repos\financial-insights\src\scraper\data\raw\CIMB\CIMB_2023_Q3.pdf
2026-05-02 08:19:21,211 - CIMB - INFO - Scraping CIMB 2023 Q4...
2026-05-02 08:19:23,898 - CIMB - INFO - Found link: https://www.cimb.com/content/dam/cimb/group/documents/investor-relations/financial-information/cimb-group/2023/dec-2023/4q23-cimb-group-financial-statement.pdf. Downloading...
2026-05-02 08:19:24,943 - CIMB - INFO - Successfully saved: C:\Users\HP\Documents\repos\financial-insights\src\scraper\data\raw\CIMB\CIMB_2023_Q4.pdf
2026-05-02 08:19:25,073 - CIMB - INFO - Scraping CIMB 2024 Q1...
2026-05-02 08:19:27,768 - CIMB - INFO - Found link: https://www.cimb.com/content/dam/cimb/group/documents/investor-relations/financial-information/cimb-group/2024/mar24/1q24-cimb-group-financial-statement.pdf. Downloading...
2026-05-02 08:19:28,727 - CIMB - INFO - Successfully saved: C:\Users\HP\Documents\repos\financial-insights\src\scraper\data\raw\CIMB\CIMB_2024_Q1.pdf
2026-05-02 08:19:28,863 - CIMB - INFO - Scraping CIMB 2024 Q2...
2026-05-02 08:19:31,550 - CIMB - INFO - Found link: https://www.cimb.com/content/dam/cimb/group/documents/investor-relations/financial-information/cimb-group/2024/jun-2024/2q24-cimb-group-financial-statement.pdf. Downloading...
2026-05-02 08:19:32,588 - CIMB - INFO - Successfully saved: C:\Users\HP\Documents\repos\financial-insights\src\scraper\data\raw\CIMB\CIMB_2024_Q2.pdf
2026-05-02 08:19:32,723 - CIMB - INFO - Scraping CIMB 2024 Q3...
2026-05-02 08:19:35,393 - CIMB - INFO - Found link: https://www.cimb.com/content/dam/cimb/group/documents/investor-relations/financial-information/cimb-group/2024/sep-2024/3q24-cimb-group-financial-statement.pdf. Downloading...
2026-05-02 08:19:35,848 - CIMB - INFO - Successfully saved: C:\Users\HP\Documents\repos\financial-insights\src\scraper\data\raw\CIMB\CIMB_2024_Q3.pdf
2026-05-02 08:19:36,005 - CIMB - INFO - Scraping CIMB 2024 Q4...
2026-05-02 08:19:38,682 - CIMB - INFO - Found link: https://www.cimb.com/content/dam/cimb/group/documents/investor-relations/financial-information/cimb-group/2024/dec-2024/4q24-cimb-group-financial-statement.pdf. Downloading...
2026-05-02 08:19:39,026 - CIMB - INFO - Successfully saved: C:\Users\HP\Documents\repos\financial-insights\src\scraper\data\raw\CIMB\CIMB_2024_Q4.pdf
2026-05-02 08:19:39,172 - CIMB - INFO - Scraping CIMB 2025 Q1...
2026-05-02 08:19:41,872 - CIMB - INFO - Found link: https://www.cimb.com/content/dam/cimb/group/documents/investor-relations/financial-information/cimb-group/2025/mar-2025/1q25-cimb-group-financial-statement.pdf. Downloading...
2026-05-02 08:19:42,798 - CIMB - INFO - Successfully saved: C:\Users\HP\Documents\repos\financial-insights\src\scraper\data\raw\CIMB\CIMB_2025_Q1.pdf
2026-05-02 08:19:42,940 - CIMB - INFO - Scraping CIMB 2025 Q2...
2026-05-02 08:19:45,618 - CIMB - INFO - Found link: https://www.cimb.com/content/dam/cimb/group/documents/investor-relations/financial-information/cimb-group/2025/june-2025/2q25-cimb-group-financial-statement.pdf. Downloading...
2026-05-02 08:19:46,035 - CIMB - INFO - Successfully saved: C:\Users\HP\Documents\repos\financial-insights\src\scraper\data\raw\CIMB\CIMB_2025_Q2.pdf
2026-05-02 08:19:46,193 - CIMB - INFO - Scraping CIMB 2025 Q3...
2026-05-02 08:19:48,877 - CIMB - INFO - Found link: https://www.cimb.com/content/dam/cimb/group/documents/investor-relations/financial-information/cimb-group/2025/sep-2025/3q25-cimb-group-financial-statement.pdf. Downloading...
2026-05-02 08:19:50,132 - CIMB - INFO - Successfully saved: C:\Users\HP\Documents\repos\financial-insights\src\scraper\data\raw\CIMB\CIMB_2025_Q3.pdf
2026-05-02 08:19:50,278 - CIMB - INFO - Scraping CIMB 2025 Q4...
2026-05-02 08:19:52,981 - CIMB - INFO - Found link: https://www.cimb.com/content/dam/cimb/group/documents/investor-relations/financial-information/cimb-group/2025/dec-2025/4q25-cimb-group-financial-statement1.pdf. Downloading...
2026-05-02 08:19:54,235 - CIMB - INFO - Successfully saved: C:\Users\HP\Documents\repos\financial-insights\src\scraper\data\raw\CIMB\CIMB_2025_Q4.pdf
2026-05-02 08:19:54,513 - MAIN - INFO - All done.
