[2026-05-02T14:14:18.559+0000] {processor.py:161} INFO - Started process (PID=180) to work on /opt/airflow/dags/finsight_etl_dag.py
[2026-05-02T14:14:18.562+0000] {processor.py:830} INFO - Processing file /opt/airflow/dags/finsight_etl_dag.py for tasks to queue
[2026-05-02T14:14:18.567+0000] {logging_mixin.py:188} INFO - [2026-05-02T14:14:18.566+0000] {dagbag.py:545} INFO - Filling up the DagBag from /opt/airflow/dags/finsight_etl_dag.py
[2026-05-02T14:14:18.694+0000] {processor.py:840} INFO - DAG(s) 'finsight_etl' retrieved from /opt/airflow/dags/finsight_etl_dag.py
[2026-05-02T14:14:19.220+0000] {logging_mixin.py:188} INFO - [2026-05-02T14:14:19.219+0000] {override.py:1858} INFO - Created Permission View: can delete on DAG:finsight_etl
[2026-05-02T14:14:19.240+0000] {logging_mixin.py:188} INFO - [2026-05-02T14:14:19.240+0000] {override.py:1858} INFO - Created Permission View: can edit on DAG:finsight_etl
[2026-05-02T14:14:19.255+0000] {logging_mixin.py:188} INFO - [2026-05-02T14:14:19.254+0000] {override.py:1858} INFO - Created Permission View: can read on DAG:finsight_etl
[2026-05-02T14:14:19.257+0000] {logging_mixin.py:188} INFO - [2026-05-02T14:14:19.257+0000] {dag.py:3089} INFO - Sync 1 DAGs
[2026-05-02T14:14:19.285+0000] {logging_mixin.py:188} INFO - [2026-05-02T14:14:19.285+0000] {dag.py:3111} INFO - Creating ORM DAG for finsight_etl
[2026-05-02T14:14:19.618+0000] {logging_mixin.py:188} INFO - [2026-05-02T14:14:19.618+0000] {dag.py:3947} INFO - Setting next_dagrun for finsight_etl to 2026-05-01 00:00:00+00:00, run_after=2026-05-02 00:00:00+00:00
[2026-05-02T14:14:19.670+0000] {processor.py:183} INFO - Processing /opt/airflow/dags/finsight_etl_dag.py took 1.130 seconds
[2026-05-02T14:14:49.936+0000] {processor.py:161} INFO - Started process (PID=197) to work on /opt/airflow/dags/finsight_etl_dag.py
[2026-05-02T14:14:49.939+0000] {processor.py:830} INFO - Processing file /opt/airflow/dags/finsight_etl_dag.py for tasks to queue
[2026-05-02T14:14:49.944+0000] {logging_mixin.py:188} INFO - [2026-05-02T14:14:49.943+0000] {dagbag.py:545} INFO - Filling up the DagBag from /opt/airflow/dags/finsight_etl_dag.py
[2026-05-02T14:14:50.007+0000] {processor.py:840} INFO - DAG(s) 'finsight_etl' retrieved from /opt/airflow/dags/finsight_etl_dag.py
[2026-05-02T14:14:50.100+0000] {logging_mixin.py:188} INFO - [2026-05-02T14:14:50.100+0000] {dag.py:3089} INFO - Sync 1 DAGs
[2026-05-02T14:14:50.157+0000] {logging_mixin.py:188} INFO - [2026-05-02T14:14:50.156+0000] {dag.py:3947} INFO - Setting next_dagrun for finsight_etl to 2026-05-01 00:00:00+00:00, run_after=2026-05-02 00:00:00+00:00
[2026-05-02T14:14:50.187+0000] {processor.py:183} INFO - Processing /opt/airflow/dags/finsight_etl_dag.py took 0.285 seconds
[2026-05-02T14:15:20.430+0000] {processor.py:161} INFO - Started process (PID=208) to work on /opt/airflow/dags/finsight_etl_dag.py
[2026-05-02T14:15:20.434+0000] {processor.py:830} INFO - Processing file /opt/airflow/dags/finsight_etl_dag.py for tasks to queue
[2026-05-02T14:15:20.438+0000] {logging_mixin.py:188} INFO - [2026-05-02T14:15:20.437+0000] {dagbag.py:545} INFO - Filling up the DagBag from /opt/airflow/dags/finsight_etl_dag.py
[2026-05-02T14:15:20.492+0000] {processor.py:840} INFO - DAG(s) 'finsight_etl' retrieved from /opt/airflow/dags/finsight_etl_dag.py
[2026-05-02T14:15:20.582+0000] {logging_mixin.py:188} INFO - [2026-05-02T14:15:20.582+0000] {dag.py:3089} INFO - Sync 1 DAGs
[2026-05-02T14:15:20.632+0000] {logging_mixin.py:188} INFO - [2026-05-02T14:15:20.631+0000] {dag.py:3947} INFO - Setting next_dagrun for finsight_etl to 2026-05-01 00:00:00+00:00, run_after=2026-05-02 00:00:00+00:00
[2026-05-02T14:15:20.667+0000] {processor.py:183} INFO - Processing /opt/airflow/dags/finsight_etl_dag.py took 0.253 seconds
[2026-05-02T14:15:50.911+0000] {processor.py:161} INFO - Started process (PID=219) to work on /opt/airflow/dags/finsight_etl_dag.py
[2026-05-02T14:15:50.913+0000] {processor.py:830} INFO - Processing file /opt/airflow/dags/finsight_etl_dag.py for tasks to queue
[2026-05-02T14:15:50.916+0000] {logging_mixin.py:188} INFO - [2026-05-02T14:15:50.915+0000] {dagbag.py:545} INFO - Filling up the DagBag from /opt/airflow/dags/finsight_etl_dag.py
[2026-05-02T14:15:50.960+0000] {processor.py:840} INFO - DAG(s) 'finsight_etl' retrieved from /opt/airflow/dags/finsight_etl_dag.py
[2026-05-02T14:15:51.054+0000] {logging_mixin.py:188} INFO - [2026-05-02T14:15:51.054+0000] {dag.py:3089} INFO - Sync 1 DAGs
[2026-05-02T14:15:51.108+0000] {logging_mixin.py:188} INFO - [2026-05-02T14:15:51.107+0000] {dag.py:3947} INFO - Setting next_dagrun for finsight_etl to 2026-05-01 00:00:00+00:00, run_after=2026-05-02 00:00:00+00:00
[2026-05-02T14:15:51.148+0000] {processor.py:183} INFO - Processing /opt/airflow/dags/finsight_etl_dag.py took 0.251 seconds
[2026-05-02T14:16:21.396+0000] {processor.py:161} INFO - Started process (PID=230) to work on /opt/airflow/dags/finsight_etl_dag.py
[2026-05-02T14:16:21.397+0000] {processor.py:830} INFO - Processing file /opt/airflow/dags/finsight_etl_dag.py for tasks to queue
[2026-05-02T14:16:21.400+0000] {logging_mixin.py:188} INFO - [2026-05-02T14:16:21.400+0000] {dagbag.py:545} INFO - Filling up the DagBag from /opt/airflow/dags/finsight_etl_dag.py
[2026-05-02T14:16:21.455+0000] {processor.py:840} INFO - DAG(s) 'finsight_etl' retrieved from /opt/airflow/dags/finsight_etl_dag.py
[2026-05-02T14:16:21.537+0000] {logging_mixin.py:188} INFO - [2026-05-02T14:16:21.536+0000] {dag.py:3089} INFO - Sync 1 DAGs
[2026-05-02T14:16:21.586+0000] {logging_mixin.py:188} INFO - [2026-05-02T14:16:21.585+0000] {dag.py:3947} INFO - Setting next_dagrun for finsight_etl to 2026-05-01 00:00:00+00:00, run_after=2026-05-02 00:00:00+00:00
[2026-05-02T14:16:21.918+0000] {processor.py:183} INFO - Processing /opt/airflow/dags/finsight_etl_dag.py took 0.533 seconds
[2026-05-02T14:16:52.213+0000] {processor.py:161} INFO - Started process (PID=242) to work on /opt/airflow/dags/finsight_etl_dag.py
[2026-05-02T14:16:52.215+0000] {processor.py:830} INFO - Processing file /opt/airflow/dags/finsight_etl_dag.py for tasks to queue
[2026-05-02T14:16:52.220+0000] {logging_mixin.py:188} INFO - [2026-05-02T14:16:52.219+0000] {dagbag.py:545} INFO - Filling up the DagBag from /opt/airflow/dags/finsight_etl_dag.py
[2026-05-02T14:16:52.260+0000] {processor.py:840} INFO - DAG(s) 'finsight_etl' retrieved from /opt/airflow/dags/finsight_etl_dag.py
[2026-05-02T14:16:52.325+0000] {logging_mixin.py:188} INFO - [2026-05-02T14:16:52.324+0000] {dag.py:3089} INFO - Sync 1 DAGs
[2026-05-02T14:16:52.609+0000] {logging_mixin.py:188} INFO - [2026-05-02T14:16:52.609+0000] {dag.py:3947} INFO - Setting next_dagrun for finsight_etl to 2026-05-01 00:00:00+00:00, run_after=2026-05-02 00:00:00+00:00
[2026-05-02T14:16:52.641+0000] {processor.py:183} INFO - Processing /opt/airflow/dags/finsight_etl_dag.py took 0.446 seconds
[2026-05-02T14:35:50.861+0000] {processor.py:161} INFO - Started process (PID=247) to work on /opt/airflow/dags/finsight_etl_dag.py
[2026-05-02T14:35:50.866+0000] {processor.py:830} INFO - Processing file /opt/airflow/dags/finsight_etl_dag.py for tasks to queue
[2026-05-02T14:35:50.880+0000] {logging_mixin.py:188} INFO - [2026-05-02T14:35:50.879+0000] {dagbag.py:545} INFO - Filling up the DagBag from /opt/airflow/dags/finsight_etl_dag.py
[2026-05-02T14:35:50.992+0000] {processor.py:840} INFO - DAG(s) 'finsight_etl' retrieved from /opt/airflow/dags/finsight_etl_dag.py
[2026-05-02T14:35:51.598+0000] {logging_mixin.py:188} INFO - [2026-05-02T14:35:51.598+0000] {dag.py:3089} INFO - Sync 1 DAGs
[2026-05-02T14:35:51.662+0000] {logging_mixin.py:188} INFO - [2026-05-02T14:35:51.661+0000] {dag.py:3947} INFO - Setting next_dagrun for finsight_etl to 2026-05-01 00:00:00+00:00, run_after=2026-05-02 00:00:00+00:00
[2026-05-02T14:35:51.709+0000] {processor.py:183} INFO - Processing /opt/airflow/dags/finsight_etl_dag.py took 0.907 seconds
[2026-05-02T14:36:22.125+0000] {processor.py:161} INFO - Started process (PID=258) to work on /opt/airflow/dags/finsight_etl_dag.py
[2026-05-02T14:36:22.127+0000] {processor.py:830} INFO - Processing file /opt/airflow/dags/finsight_etl_dag.py for tasks to queue
[2026-05-02T14:36:22.130+0000] {logging_mixin.py:188} INFO - [2026-05-02T14:36:22.130+0000] {dagbag.py:545} INFO - Filling up the DagBag from /opt/airflow/dags/finsight_etl_dag.py
[2026-05-02T14:36:22.596+0000] {processor.py:840} INFO - DAG(s) 'finsight_etl' retrieved from /opt/airflow/dags/finsight_etl_dag.py
[2026-05-02T14:36:22.670+0000] {logging_mixin.py:188} INFO - [2026-05-02T14:36:22.669+0000] {dag.py:3089} INFO - Sync 1 DAGs
[2026-05-02T14:36:22.721+0000] {logging_mixin.py:188} INFO - [2026-05-02T14:36:22.721+0000] {dag.py:3947} INFO - Setting next_dagrun for finsight_etl to 2026-05-01 00:00:00+00:00, run_after=2026-05-02 00:00:00+00:00
[2026-05-02T14:36:22.790+0000] {processor.py:183} INFO - Processing /opt/airflow/dags/finsight_etl_dag.py took 0.677 seconds
[2026-05-02T14:36:53.221+0000] {processor.py:161} INFO - Started process (PID=270) to work on /opt/airflow/dags/finsight_etl_dag.py
[2026-05-02T14:36:53.224+0000] {processor.py:830} INFO - Processing file /opt/airflow/dags/finsight_etl_dag.py for tasks to queue
[2026-05-02T14:36:53.229+0000] {logging_mixin.py:188} INFO - [2026-05-02T14:36:53.228+0000] {dagbag.py:545} INFO - Filling up the DagBag from /opt/airflow/dags/finsight_etl_dag.py
[2026-05-02T14:36:53.311+0000] {processor.py:840} INFO - DAG(s) 'finsight_etl' retrieved from /opt/airflow/dags/finsight_etl_dag.py
[2026-05-02T14:36:53.391+0000] {logging_mixin.py:188} INFO - [2026-05-02T14:36:53.391+0000] {dag.py:3089} INFO - Sync 1 DAGs
[2026-05-02T14:36:53.490+0000] {logging_mixin.py:188} INFO - [2026-05-02T14:36:53.489+0000] {dag.py:3947} INFO - Setting next_dagrun for finsight_etl to 2026-05-01 00:00:00+00:00, run_after=2026-05-02 00:00:00+00:00
[2026-05-02T14:36:53.551+0000] {processor.py:183} INFO - Processing /opt/airflow/dags/finsight_etl_dag.py took 0.351 seconds
[2026-05-02T14:37:23.841+0000] {processor.py:161} INFO - Started process (PID=281) to work on /opt/airflow/dags/finsight_etl_dag.py
[2026-05-02T14:37:23.843+0000] {processor.py:830} INFO - Processing file /opt/airflow/dags/finsight_etl_dag.py for tasks to queue
[2026-05-02T14:37:23.848+0000] {logging_mixin.py:188} INFO - [2026-05-02T14:37:23.847+0000] {dagbag.py:545} INFO - Filling up the DagBag from /opt/airflow/dags/finsight_etl_dag.py
[2026-05-02T14:37:23.902+0000] {processor.py:840} INFO - DAG(s) 'finsight_etl' retrieved from /opt/airflow/dags/finsight_etl_dag.py
[2026-05-02T14:37:23.975+0000] {logging_mixin.py:188} INFO - [2026-05-02T14:37:23.974+0000] {dag.py:3089} INFO - Sync 1 DAGs
[2026-05-02T14:37:24.024+0000] {logging_mixin.py:188} INFO - [2026-05-02T14:37:24.024+0000] {dag.py:3947} INFO - Setting next_dagrun for finsight_etl to 2026-05-01 00:00:00+00:00, run_after=2026-05-02 00:00:00+00:00
[2026-05-02T14:37:24.062+0000] {processor.py:183} INFO - Processing /opt/airflow/dags/finsight_etl_dag.py took 0.241 seconds
[2026-05-02T14:37:54.351+0000] {processor.py:161} INFO - Started process (PID=286) to work on /opt/airflow/dags/finsight_etl_dag.py
[2026-05-02T14:37:54.353+0000] {processor.py:830} INFO - Processing file /opt/airflow/dags/finsight_etl_dag.py for tasks to queue
[2026-05-02T14:37:54.356+0000] {logging_mixin.py:188} INFO - [2026-05-02T14:37:54.356+0000] {dagbag.py:545} INFO - Filling up the DagBag from /opt/airflow/dags/finsight_etl_dag.py
[2026-05-02T14:37:54.412+0000] {processor.py:840} INFO - DAG(s) 'finsight_etl' retrieved from /opt/airflow/dags/finsight_etl_dag.py
[2026-05-02T14:37:54.486+0000] {logging_mixin.py:188} INFO - [2026-05-02T14:37:54.486+0000] {dag.py:3089} INFO - Sync 1 DAGs
[2026-05-02T14:37:54.536+0000] {logging_mixin.py:188} INFO - [2026-05-02T14:37:54.536+0000] {dag.py:3947} INFO - Setting next_dagrun for finsight_etl to 2026-05-01 00:00:00+00:00, run_after=2026-05-02 00:00:00+00:00
[2026-05-02T14:37:54.571+0000] {processor.py:183} INFO - Processing /opt/airflow/dags/finsight_etl_dag.py took 0.233 seconds
[2026-05-02T14:38:24.838+0000] {processor.py:161} INFO - Started process (PID=297) to work on /opt/airflow/dags/finsight_etl_dag.py
[2026-05-02T14:38:24.840+0000] {processor.py:830} INFO - Processing file /opt/airflow/dags/finsight_etl_dag.py for tasks to queue
[2026-05-02T14:38:24.843+0000] {logging_mixin.py:188} INFO - [2026-05-02T14:38:24.842+0000] {dagbag.py:545} INFO - Filling up the DagBag from /opt/airflow/dags/finsight_etl_dag.py
[2026-05-02T14:38:24.887+0000] {processor.py:840} INFO - DAG(s) 'finsight_etl' retrieved from /opt/airflow/dags/finsight_etl_dag.py
[2026-05-02T14:38:24.951+0000] {logging_mixin.py:188} INFO - [2026-05-02T14:38:24.951+0000] {dag.py:3089} INFO - Sync 1 DAGs
[2026-05-02T14:38:24.996+0000] {logging_mixin.py:188} INFO - [2026-05-02T14:38:24.996+0000] {dag.py:3947} INFO - Setting next_dagrun for finsight_etl to 2026-05-01 00:00:00+00:00, run_after=2026-05-02 00:00:00+00:00
[2026-05-02T14:38:25.026+0000] {processor.py:183} INFO - Processing /opt/airflow/dags/finsight_etl_dag.py took 0.201 seconds
[2026-05-02T14:38:55.276+0000] {processor.py:161} INFO - Started process (PID=308) to work on /opt/airflow/dags/finsight_etl_dag.py
[2026-05-02T14:38:55.278+0000] {processor.py:830} INFO - Processing file /opt/airflow/dags/finsight_etl_dag.py for tasks to queue
[2026-05-02T14:38:55.283+0000] {logging_mixin.py:188} INFO - [2026-05-02T14:38:55.282+0000] {dagbag.py:545} INFO - Filling up the DagBag from /opt/airflow/dags/finsight_etl_dag.py
[2026-05-02T14:38:55.352+0000] {processor.py:840} INFO - DAG(s) 'finsight_etl' retrieved from /opt/airflow/dags/finsight_etl_dag.py
[2026-05-02T14:38:55.434+0000] {logging_mixin.py:188} INFO - [2026-05-02T14:38:55.434+0000] {dag.py:3089} INFO - Sync 1 DAGs
[2026-05-02T14:38:55.483+0000] {logging_mixin.py:188} INFO - [2026-05-02T14:38:55.483+0000] {dag.py:3947} INFO - Setting next_dagrun for finsight_etl to 2026-05-01 00:00:00+00:00, run_after=2026-05-02 00:00:00+00:00
[2026-05-02T14:38:55.519+0000] {processor.py:183} INFO - Processing /opt/airflow/dags/finsight_etl_dag.py took 0.259 seconds
[2026-05-02T14:39:25.825+0000] {processor.py:161} INFO - Started process (PID=319) to work on /opt/airflow/dags/finsight_etl_dag.py
[2026-05-02T14:39:25.827+0000] {processor.py:830} INFO - Processing file /opt/airflow/dags/finsight_etl_dag.py for tasks to queue
[2026-05-02T14:39:25.834+0000] {logging_mixin.py:188} INFO - [2026-05-02T14:39:25.833+0000] {dagbag.py:545} INFO - Filling up the DagBag from /opt/airflow/dags/finsight_etl_dag.py
[2026-05-02T14:39:25.883+0000] {processor.py:840} INFO - DAG(s) 'finsight_etl' retrieved from /opt/airflow/dags/finsight_etl_dag.py
[2026-05-02T14:39:25.951+0000] {logging_mixin.py:188} INFO - [2026-05-02T14:39:25.951+0000] {dag.py:3089} INFO - Sync 1 DAGs
[2026-05-02T14:39:26.003+0000] {logging_mixin.py:188} INFO - [2026-05-02T14:39:26.002+0000] {dag.py:3947} INFO - Setting next_dagrun for finsight_etl to 2026-05-01 00:00:00+00:00, run_after=2026-05-02 00:00:00+00:00
[2026-05-02T14:39:26.040+0000] {processor.py:183} INFO - Processing /opt/airflow/dags/finsight_etl_dag.py took 0.236 seconds
[2026-05-02T14:39:56.334+0000] {processor.py:161} INFO - Started process (PID=330) to work on /opt/airflow/dags/finsight_etl_dag.py
[2026-05-02T14:39:56.338+0000] {processor.py:830} INFO - Processing file /opt/airflow/dags/finsight_etl_dag.py for tasks to queue
[2026-05-02T14:39:56.342+0000] {logging_mixin.py:188} INFO - [2026-05-02T14:39:56.342+0000] {dagbag.py:545} INFO - Filling up the DagBag from /opt/airflow/dags/finsight_etl_dag.py
[2026-05-02T14:39:56.424+0000] {processor.py:840} INFO - DAG(s) 'finsight_etl' retrieved from /opt/airflow/dags/finsight_etl_dag.py
[2026-05-02T14:39:56.522+0000] {logging_mixin.py:188} INFO - [2026-05-02T14:39:56.522+0000] {dag.py:3089} INFO - Sync 1 DAGs
[2026-05-02T14:39:56.580+0000] {logging_mixin.py:188} INFO - [2026-05-02T14:39:56.579+0000] {dag.py:3947} INFO - Setting next_dagrun for finsight_etl to 2026-05-01 00:00:00+00:00, run_after=2026-05-02 00:00:00+00:00
[2026-05-02T14:39:56.616+0000] {processor.py:183} INFO - Processing /opt/airflow/dags/finsight_etl_dag.py took 0.298 seconds
[2026-05-02T14:41:07.047+0000] {processor.py:161} INFO - Started process (PID=180) to work on /opt/airflow/dags/finsight_etl_dag.py
[2026-05-02T14:41:07.049+0000] {processor.py:830} INFO - Processing file /opt/airflow/dags/finsight_etl_dag.py for tasks to queue
[2026-05-02T14:41:07.053+0000] {logging_mixin.py:188} INFO - [2026-05-02T14:41:07.053+0000] {dagbag.py:545} INFO - Filling up the DagBag from /opt/airflow/dags/finsight_etl_dag.py
[2026-05-02T14:41:07.153+0000] {processor.py:840} INFO - DAG(s) 'finsight_etl' retrieved from /opt/airflow/dags/finsight_etl_dag.py
[2026-05-02T14:41:07.747+0000] {logging_mixin.py:188} INFO - [2026-05-02T14:41:07.747+0000] {dag.py:3089} INFO - Sync 1 DAGs
[2026-05-02T14:41:07.795+0000] {logging_mixin.py:188} INFO - [2026-05-02T14:41:07.794+0000] {dag.py:3947} INFO - Setting next_dagrun for finsight_etl to 2026-05-01 00:00:00+00:00, run_after=2026-05-02 00:00:00+00:00
[2026-05-02T14:41:08.109+0000] {processor.py:183} INFO - Processing /opt/airflow/dags/finsight_etl_dag.py took 1.074 seconds
[2026-05-02T14:41:38.357+0000] {processor.py:161} INFO - Started process (PID=191) to work on /opt/airflow/dags/finsight_etl_dag.py
[2026-05-02T14:41:38.359+0000] {processor.py:830} INFO - Processing file /opt/airflow/dags/finsight_etl_dag.py for tasks to queue
[2026-05-02T14:41:38.363+0000] {logging_mixin.py:188} INFO - [2026-05-02T14:41:38.362+0000] {dagbag.py:545} INFO - Filling up the DagBag from /opt/airflow/dags/finsight_etl_dag.py
[2026-05-02T14:41:38.429+0000] {processor.py:840} INFO - DAG(s) 'finsight_etl' retrieved from /opt/airflow/dags/finsight_etl_dag.py
[2026-05-02T14:41:38.507+0000] {logging_mixin.py:188} INFO - [2026-05-02T14:41:38.506+0000] {dag.py:3089} INFO - Sync 1 DAGs
[2026-05-02T14:41:38.564+0000] {logging_mixin.py:188} INFO - [2026-05-02T14:41:38.563+0000] {dag.py:3947} INFO - Setting next_dagrun for finsight_etl to 2026-05-01 00:00:00+00:00, run_after=2026-05-02 00:00:00+00:00
[2026-05-02T14:41:38.600+0000] {processor.py:183} INFO - Processing /opt/airflow/dags/finsight_etl_dag.py took 0.258 seconds
[2026-05-02T14:42:08.870+0000] {processor.py:161} INFO - Started process (PID=202) to work on /opt/airflow/dags/finsight_etl_dag.py
[2026-05-02T14:42:08.873+0000] {processor.py:830} INFO - Processing file /opt/airflow/dags/finsight_etl_dag.py for tasks to queue
[2026-05-02T14:42:08.877+0000] {logging_mixin.py:188} INFO - [2026-05-02T14:42:08.876+0000] {dagbag.py:545} INFO - Filling up the DagBag from /opt/airflow/dags/finsight_etl_dag.py
[2026-05-02T14:42:08.927+0000] {processor.py:840} INFO - DAG(s) 'finsight_etl' retrieved from /opt/airflow/dags/finsight_etl_dag.py
[2026-05-02T14:42:09.002+0000] {logging_mixin.py:188} INFO - [2026-05-02T14:42:09.001+0000] {dag.py:3089} INFO - Sync 1 DAGs
[2026-05-02T14:42:09.054+0000] {logging_mixin.py:188} INFO - [2026-05-02T14:42:09.053+0000] {dag.py:3947} INFO - Setting next_dagrun for finsight_etl to 2026-05-01 00:00:00+00:00, run_after=2026-05-02 00:00:00+00:00
[2026-05-02T14:42:09.096+0000] {processor.py:183} INFO - Processing /opt/airflow/dags/finsight_etl_dag.py took 0.237 seconds
[2026-05-02T14:42:39.373+0000] {processor.py:161} INFO - Started process (PID=213) to work on /opt/airflow/dags/finsight_etl_dag.py
[2026-05-02T14:42:39.375+0000] {processor.py:830} INFO - Processing file /opt/airflow/dags/finsight_etl_dag.py for tasks to queue
[2026-05-02T14:42:39.379+0000] {logging_mixin.py:188} INFO - [2026-05-02T14:42:39.379+0000] {dagbag.py:545} INFO - Filling up the DagBag from /opt/airflow/dags/finsight_etl_dag.py
[2026-05-02T14:42:39.430+0000] {processor.py:840} INFO - DAG(s) 'finsight_etl' retrieved from /opt/airflow/dags/finsight_etl_dag.py
[2026-05-02T14:42:39.509+0000] {logging_mixin.py:188} INFO - [2026-05-02T14:42:39.508+0000] {dag.py:3089} INFO - Sync 1 DAGs
[2026-05-02T14:42:39.562+0000] {logging_mixin.py:188} INFO - [2026-05-02T14:42:39.562+0000] {dag.py:3947} INFO - Setting next_dagrun for finsight_etl to 2026-05-01 00:00:00+00:00, run_after=2026-05-02 00:00:00+00:00
[2026-05-02T14:42:39.601+0000] {processor.py:183} INFO - Processing /opt/airflow/dags/finsight_etl_dag.py took 0.249 seconds
[2026-05-02T14:43:10.103+0000] {processor.py:161} INFO - Started process (PID=224) to work on /opt/airflow/dags/finsight_etl_dag.py
[2026-05-02T14:43:10.106+0000] {processor.py:830} INFO - Processing file /opt/airflow/dags/finsight_etl_dag.py for tasks to queue
[2026-05-02T14:43:10.111+0000] {logging_mixin.py:188} INFO - [2026-05-02T14:43:10.110+0000] {dagbag.py:545} INFO - Filling up the DagBag from /opt/airflow/dags/finsight_etl_dag.py
[2026-05-02T14:43:10.156+0000] {processor.py:840} INFO - DAG(s) 'finsight_etl' retrieved from /opt/airflow/dags/finsight_etl_dag.py
[2026-05-02T14:43:10.232+0000] {logging_mixin.py:188} INFO - [2026-05-02T14:43:10.231+0000] {dag.py:3089} INFO - Sync 1 DAGs
[2026-05-02T14:43:10.281+0000] {logging_mixin.py:188} INFO - [2026-05-02T14:43:10.281+0000] {dag.py:3947} INFO - Setting next_dagrun for finsight_etl to 2026-05-01 00:00:00+00:00, run_after=2026-05-02 00:00:00+00:00
[2026-05-02T14:43:10.783+0000] {processor.py:183} INFO - Processing /opt/airflow/dags/finsight_etl_dag.py took 0.695 seconds
[2026-05-02T14:43:41.059+0000] {processor.py:161} INFO - Started process (PID=235) to work on /opt/airflow/dags/finsight_etl_dag.py
[2026-05-02T14:43:41.060+0000] {processor.py:830} INFO - Processing file /opt/airflow/dags/finsight_etl_dag.py for tasks to queue
[2026-05-02T14:43:41.068+0000] {logging_mixin.py:188} INFO - [2026-05-02T14:43:41.067+0000] {dagbag.py:545} INFO - Filling up the DagBag from /opt/airflow/dags/finsight_etl_dag.py
[2026-05-02T14:43:41.125+0000] {processor.py:840} INFO - DAG(s) 'finsight_etl' retrieved from /opt/airflow/dags/finsight_etl_dag.py
[2026-05-02T14:43:41.190+0000] {logging_mixin.py:188} INFO - [2026-05-02T14:43:41.190+0000] {dag.py:3089} INFO - Sync 1 DAGs
[2026-05-02T14:43:41.504+0000] {logging_mixin.py:188} INFO - [2026-05-02T14:43:41.503+0000] {dag.py:3947} INFO - Setting next_dagrun for finsight_etl to 2026-05-01 00:00:00+00:00, run_after=2026-05-02 00:00:00+00:00
[2026-05-02T14:43:41.541+0000] {processor.py:183} INFO - Processing /opt/airflow/dags/finsight_etl_dag.py took 0.494 seconds
[2026-05-02T14:44:11.822+0000] {processor.py:161} INFO - Started process (PID=246) to work on /opt/airflow/dags/finsight_etl_dag.py
[2026-05-02T14:44:11.824+0000] {processor.py:830} INFO - Processing file /opt/airflow/dags/finsight_etl_dag.py for tasks to queue
[2026-05-02T14:44:11.828+0000] {logging_mixin.py:188} INFO - [2026-05-02T14:44:11.827+0000] {dagbag.py:545} INFO - Filling up the DagBag from /opt/airflow/dags/finsight_etl_dag.py
[2026-05-02T14:44:11.869+0000] {processor.py:840} INFO - DAG(s) 'finsight_etl' retrieved from /opt/airflow/dags/finsight_etl_dag.py
[2026-05-02T14:44:12.222+0000] {logging_mixin.py:188} INFO - [2026-05-02T14:44:12.222+0000] {dag.py:3089} INFO - Sync 1 DAGs
[2026-05-02T14:44:12.262+0000] {logging_mixin.py:188} INFO - [2026-05-02T14:44:12.262+0000] {dag.py:3947} INFO - Setting next_dagrun for finsight_etl to 2026-05-01 00:00:00+00:00, run_after=2026-05-02 00:00:00+00:00
[2026-05-02T14:44:12.300+0000] {processor.py:183} INFO - Processing /opt/airflow/dags/finsight_etl_dag.py took 0.489 seconds
[2026-05-02T14:45:23.023+0000] {processor.py:161} INFO - Started process (PID=186) to work on /opt/airflow/dags/finsight_etl_dag.py
[2026-05-02T14:45:23.026+0000] {processor.py:830} INFO - Processing file /opt/airflow/dags/finsight_etl_dag.py for tasks to queue
[2026-05-02T14:45:23.031+0000] {logging_mixin.py:188} INFO - [2026-05-02T14:45:23.030+0000] {dagbag.py:545} INFO - Filling up the DagBag from /opt/airflow/dags/finsight_etl_dag.py
[2026-05-02T14:45:23.174+0000] {processor.py:840} INFO - DAG(s) 'finsight_etl' retrieved from /opt/airflow/dags/finsight_etl_dag.py
[2026-05-02T14:45:23.861+0000] {logging_mixin.py:188} INFO - [2026-05-02T14:45:23.861+0000] {dag.py:3089} INFO - Sync 1 DAGs
[2026-05-02T14:45:23.903+0000] {logging_mixin.py:188} INFO - [2026-05-02T14:45:23.903+0000] {dag.py:3947} INFO - Setting next_dagrun for finsight_etl to 2026-05-01 00:00:00+00:00, run_after=2026-05-02 00:00:00+00:00
[2026-05-02T14:45:24.264+0000] {processor.py:183} INFO - Processing /opt/airflow/dags/finsight_etl_dag.py took 1.260 seconds
[2026-05-02T14:45:54.930+0000] {processor.py:161} INFO - Started process (PID=197) to work on /opt/airflow/dags/finsight_etl_dag.py
[2026-05-02T14:45:54.932+0000] {processor.py:830} INFO - Processing file /opt/airflow/dags/finsight_etl_dag.py for tasks to queue
[2026-05-02T14:45:54.936+0000] {logging_mixin.py:188} INFO - [2026-05-02T14:45:54.936+0000] {dagbag.py:545} INFO - Filling up the DagBag from /opt/airflow/dags/finsight_etl_dag.py
[2026-05-02T14:45:54.985+0000] {processor.py:840} INFO - DAG(s) 'finsight_etl' retrieved from /opt/airflow/dags/finsight_etl_dag.py
[2026-05-02T14:45:55.051+0000] {logging_mixin.py:188} INFO - [2026-05-02T14:45:55.050+0000] {dag.py:3089} INFO - Sync 1 DAGs
[2026-05-02T14:45:55.097+0000] {logging_mixin.py:188} INFO - [2026-05-02T14:45:55.096+0000] {dag.py:3947} INFO - Setting next_dagrun for finsight_etl to 2026-05-01 00:00:00+00:00, run_after=2026-05-02 00:00:00+00:00
[2026-05-02T14:45:55.133+0000] {processor.py:183} INFO - Processing /opt/airflow/dags/finsight_etl_dag.py took 0.218 seconds
[2026-05-02T14:46:25.392+0000] {processor.py:161} INFO - Started process (PID=202) to work on /opt/airflow/dags/finsight_etl_dag.py
[2026-05-02T14:46:25.393+0000] {processor.py:830} INFO - Processing file /opt/airflow/dags/finsight_etl_dag.py for tasks to queue
[2026-05-02T14:46:25.397+0000] {logging_mixin.py:188} INFO - [2026-05-02T14:46:25.396+0000] {dagbag.py:545} INFO - Filling up the DagBag from /opt/airflow/dags/finsight_etl_dag.py
[2026-05-02T14:46:25.442+0000] {processor.py:840} INFO - DAG(s) 'finsight_etl' retrieved from /opt/airflow/dags/finsight_etl_dag.py
[2026-05-02T14:46:25.523+0000] {logging_mixin.py:188} INFO - [2026-05-02T14:46:25.522+0000] {dag.py:3089} INFO - Sync 1 DAGs
[2026-05-02T14:46:25.574+0000] {logging_mixin.py:188} INFO - [2026-05-02T14:46:25.573+0000] {dag.py:3947} INFO - Setting next_dagrun for finsight_etl to 2026-05-01 00:00:00+00:00, run_after=2026-05-02 00:00:00+00:00
[2026-05-02T14:46:25.611+0000] {processor.py:183} INFO - Processing /opt/airflow/dags/finsight_etl_dag.py took 0.233 seconds
[2026-05-02T14:46:55.876+0000] {processor.py:161} INFO - Started process (PID=213) to work on /opt/airflow/dags/finsight_etl_dag.py
[2026-05-02T14:46:55.878+0000] {processor.py:830} INFO - Processing file /opt/airflow/dags/finsight_etl_dag.py for tasks to queue
[2026-05-02T14:46:55.881+0000] {logging_mixin.py:188} INFO - [2026-05-02T14:46:55.880+0000] {dagbag.py:545} INFO - Filling up the DagBag from /opt/airflow/dags/finsight_etl_dag.py
[2026-05-02T14:46:55.923+0000] {processor.py:840} INFO - DAG(s) 'finsight_etl' retrieved from /opt/airflow/dags/finsight_etl_dag.py
[2026-05-02T14:46:56.004+0000] {logging_mixin.py:188} INFO - [2026-05-02T14:46:56.003+0000] {dag.py:3089} INFO - Sync 1 DAGs
[2026-05-02T14:46:56.075+0000] {logging_mixin.py:188} INFO - [2026-05-02T14:46:56.074+0000] {dag.py:3947} INFO - Setting next_dagrun for finsight_etl to 2026-05-01 00:00:00+00:00, run_after=2026-05-02 00:00:00+00:00
[2026-05-02T14:46:56.125+0000] {processor.py:183} INFO - Processing /opt/airflow/dags/finsight_etl_dag.py took 0.260 seconds
[2026-05-02T14:47:26.413+0000] {processor.py:161} INFO - Started process (PID=224) to work on /opt/airflow/dags/finsight_etl_dag.py
[2026-05-02T14:47:26.416+0000] {processor.py:830} INFO - Processing file /opt/airflow/dags/finsight_etl_dag.py for tasks to queue
[2026-05-02T14:47:26.419+0000] {logging_mixin.py:188} INFO - [2026-05-02T14:47:26.419+0000] {dagbag.py:545} INFO - Filling up the DagBag from /opt/airflow/dags/finsight_etl_dag.py
[2026-05-02T14:47:26.493+0000] {processor.py:840} INFO - DAG(s) 'finsight_etl' retrieved from /opt/airflow/dags/finsight_etl_dag.py
[2026-05-02T14:47:26.565+0000] {logging_mixin.py:188} INFO - [2026-05-02T14:47:26.565+0000] {dag.py:3089} INFO - Sync 1 DAGs
[2026-05-02T14:47:26.603+0000] {logging_mixin.py:188} INFO - [2026-05-02T14:47:26.603+0000] {dag.py:3947} INFO - Setting next_dagrun for finsight_etl to 2026-05-01 00:00:00+00:00, run_after=2026-05-02 00:00:00+00:00
[2026-05-02T14:47:26.909+0000] {processor.py:183} INFO - Processing /opt/airflow/dags/finsight_etl_dag.py took 0.520 seconds
[2026-05-02T14:47:57.236+0000] {processor.py:161} INFO - Started process (PID=235) to work on /opt/airflow/dags/finsight_etl_dag.py
[2026-05-02T14:47:57.239+0000] {processor.py:830} INFO - Processing file /opt/airflow/dags/finsight_etl_dag.py for tasks to queue
[2026-05-02T14:47:57.245+0000] {logging_mixin.py:188} INFO - [2026-05-02T14:47:57.244+0000] {dagbag.py:545} INFO - Filling up the DagBag from /opt/airflow/dags/finsight_etl_dag.py
[2026-05-02T14:47:57.314+0000] {processor.py:840} INFO - DAG(s) 'finsight_etl' retrieved from /opt/airflow/dags/finsight_etl_dag.py
[2026-05-02T14:47:57.377+0000] {logging_mixin.py:188} INFO - [2026-05-02T14:47:57.376+0000] {dag.py:3089} INFO - Sync 1 DAGs
[2026-05-02T14:47:57.711+0000] {logging_mixin.py:188} INFO - [2026-05-02T14:47:57.710+0000] {dag.py:3947} INFO - Setting next_dagrun for finsight_etl to 2026-05-01 00:00:00+00:00, run_after=2026-05-02 00:00:00+00:00
[2026-05-02T14:47:57.758+0000] {processor.py:183} INFO - Processing /opt/airflow/dags/finsight_etl_dag.py took 0.571 seconds
[2026-05-02T14:48:28.148+0000] {processor.py:161} INFO - Started process (PID=246) to work on /opt/airflow/dags/finsight_etl_dag.py
[2026-05-02T14:48:28.151+0000] {processor.py:830} INFO - Processing file /opt/airflow/dags/finsight_etl_dag.py for tasks to queue
[2026-05-02T14:48:28.154+0000] {logging_mixin.py:188} INFO - [2026-05-02T14:48:28.153+0000] {dagbag.py:545} INFO - Filling up the DagBag from /opt/airflow/dags/finsight_etl_dag.py
[2026-05-02T14:48:28.217+0000] {processor.py:840} INFO - DAG(s) 'finsight_etl' retrieved from /opt/airflow/dags/finsight_etl_dag.py
[2026-05-02T14:48:28.673+0000] {logging_mixin.py:188} INFO - [2026-05-02T14:48:28.673+0000] {dag.py:3089} INFO - Sync 1 DAGs
[2026-05-02T14:48:28.709+0000] {logging_mixin.py:188} INFO - [2026-05-02T14:48:28.709+0000] {dag.py:3947} INFO - Setting next_dagrun for finsight_etl to 2026-05-01 00:00:00+00:00, run_after=2026-05-02 00:00:00+00:00
[2026-05-02T14:48:28.744+0000] {processor.py:183} INFO - Processing /opt/airflow/dags/finsight_etl_dag.py took 0.614 seconds
[2026-05-02T14:48:59.020+0000] {processor.py:161} INFO - Started process (PID=257) to work on /opt/airflow/dags/finsight_etl_dag.py
[2026-05-02T14:48:59.022+0000] {processor.py:830} INFO - Processing file /opt/airflow/dags/finsight_etl_dag.py for tasks to queue
[2026-05-02T14:48:59.026+0000] {logging_mixin.py:188} INFO - [2026-05-02T14:48:59.025+0000] {dagbag.py:545} INFO - Filling up the DagBag from /opt/airflow/dags/finsight_etl_dag.py
[2026-05-02T14:48:59.451+0000] {processor.py:840} INFO - DAG(s) 'finsight_etl' retrieved from /opt/airflow/dags/finsight_etl_dag.py
[2026-05-02T14:48:59.509+0000] {logging_mixin.py:188} INFO - [2026-05-02T14:48:59.509+0000] {dag.py:3089} INFO - Sync 1 DAGs
[2026-05-02T14:48:59.560+0000] {logging_mixin.py:188} INFO - [2026-05-02T14:48:59.560+0000] {dag.py:3947} INFO - Setting next_dagrun for finsight_etl to 2026-05-01 00:00:00+00:00, run_after=2026-05-02 00:00:00+00:00
[2026-05-02T14:48:59.599+0000] {processor.py:183} INFO - Processing /opt/airflow/dags/finsight_etl_dag.py took 0.593 seconds
[2026-05-02T14:49:30.155+0000] {processor.py:161} INFO - Started process (PID=268) to work on /opt/airflow/dags/finsight_etl_dag.py
[2026-05-02T14:49:30.157+0000] {processor.py:830} INFO - Processing file /opt/airflow/dags/finsight_etl_dag.py for tasks to queue
[2026-05-02T14:49:30.160+0000] {logging_mixin.py:188} INFO - [2026-05-02T14:49:30.159+0000] {dagbag.py:545} INFO - Filling up the DagBag from /opt/airflow/dags/finsight_etl_dag.py
[2026-05-02T14:49:30.218+0000] {processor.py:840} INFO - DAG(s) 'finsight_etl' retrieved from /opt/airflow/dags/finsight_etl_dag.py
[2026-05-02T14:49:30.319+0000] {logging_mixin.py:188} INFO - [2026-05-02T14:49:30.318+0000] {dag.py:3089} INFO - Sync 1 DAGs
[2026-05-02T14:49:30.380+0000] {logging_mixin.py:188} INFO - [2026-05-02T14:49:30.380+0000] {dag.py:3947} INFO - Setting next_dagrun for finsight_etl to 2026-05-01 00:00:00+00:00, run_after=2026-05-02 00:00:00+00:00
[2026-05-02T14:49:30.440+0000] {processor.py:183} INFO - Processing /opt/airflow/dags/finsight_etl_dag.py took 0.296 seconds
[2026-05-02T14:50:00.739+0000] {processor.py:161} INFO - Started process (PID=279) to work on /opt/airflow/dags/finsight_etl_dag.py
[2026-05-02T14:50:00.740+0000] {processor.py:830} INFO - Processing file /opt/airflow/dags/finsight_etl_dag.py for tasks to queue
[2026-05-02T14:50:00.744+0000] {logging_mixin.py:188} INFO - [2026-05-02T14:50:00.743+0000] {dagbag.py:545} INFO - Filling up the DagBag from /opt/airflow/dags/finsight_etl_dag.py
[2026-05-02T14:50:00.790+0000] {processor.py:840} INFO - DAG(s) 'finsight_etl' retrieved from /opt/airflow/dags/finsight_etl_dag.py
[2026-05-02T14:50:00.877+0000] {logging_mixin.py:188} INFO - [2026-05-02T14:50:00.876+0000] {dag.py:3089} INFO - Sync 1 DAGs
[2026-05-02T14:50:00.987+0000] {logging_mixin.py:188} INFO - [2026-05-02T14:50:00.986+0000] {dag.py:3947} INFO - Setting next_dagrun for finsight_etl to 2026-05-01 00:00:00+00:00, run_after=2026-05-02 00:00:00+00:00
[2026-05-02T14:50:01.028+0000] {processor.py:183} INFO - Processing /opt/airflow/dags/finsight_etl_dag.py took 0.304 seconds
[2026-05-02T14:50:31.343+0000] {processor.py:161} INFO - Started process (PID=290) to work on /opt/airflow/dags/finsight_etl_dag.py
[2026-05-02T14:50:31.345+0000] {processor.py:830} INFO - Processing file /opt/airflow/dags/finsight_etl_dag.py for tasks to queue
[2026-05-02T14:50:31.349+0000] {logging_mixin.py:188} INFO - [2026-05-02T14:50:31.349+0000] {dagbag.py:545} INFO - Filling up the DagBag from /opt/airflow/dags/finsight_etl_dag.py
[2026-05-02T14:50:31.403+0000] {processor.py:840} INFO - DAG(s) 'finsight_etl' retrieved from /opt/airflow/dags/finsight_etl_dag.py
[2026-05-02T14:50:31.481+0000] {logging_mixin.py:188} INFO - [2026-05-02T14:50:31.481+0000] {dag.py:3089} INFO - Sync 1 DAGs
[2026-05-02T14:50:31.532+0000] {logging_mixin.py:188} INFO - [2026-05-02T14:50:31.531+0000] {dag.py:3947} INFO - Setting next_dagrun for finsight_etl to 2026-05-01 00:00:00+00:00, run_after=2026-05-02 00:00:00+00:00
[2026-05-02T14:50:31.575+0000] {processor.py:183} INFO - Processing /opt/airflow/dags/finsight_etl_dag.py took 0.248 seconds
[2026-05-02T14:51:01.830+0000] {processor.py:161} INFO - Started process (PID=301) to work on /opt/airflow/dags/finsight_etl_dag.py
[2026-05-02T14:51:01.832+0000] {processor.py:830} INFO - Processing file /opt/airflow/dags/finsight_etl_dag.py for tasks to queue
[2026-05-02T14:51:01.835+0000] {logging_mixin.py:188} INFO - [2026-05-02T14:51:01.834+0000] {dagbag.py:545} INFO - Filling up the DagBag from /opt/airflow/dags/finsight_etl_dag.py
[2026-05-02T14:51:01.888+0000] {processor.py:840} INFO - DAG(s) 'finsight_etl' retrieved from /opt/airflow/dags/finsight_etl_dag.py
[2026-05-02T14:51:01.972+0000] {logging_mixin.py:188} INFO - [2026-05-02T14:51:01.972+0000] {dag.py:3089} INFO - Sync 1 DAGs
[2026-05-02T14:51:02.032+0000] {logging_mixin.py:188} INFO - [2026-05-02T14:51:02.032+0000] {dag.py:3947} INFO - Setting next_dagrun for finsight_etl to 2026-05-01 00:00:00+00:00, run_after=2026-05-02 00:00:00+00:00
[2026-05-02T14:51:02.077+0000] {processor.py:183} INFO - Processing /opt/airflow/dags/finsight_etl_dag.py took 0.258 seconds
[2026-05-02T14:51:32.391+0000] {processor.py:161} INFO - Started process (PID=306) to work on /opt/airflow/dags/finsight_etl_dag.py
[2026-05-02T14:51:32.394+0000] {processor.py:830} INFO - Processing file /opt/airflow/dags/finsight_etl_dag.py for tasks to queue
[2026-05-02T14:51:32.397+0000] {logging_mixin.py:188} INFO - [2026-05-02T14:51:32.397+0000] {dagbag.py:545} INFO - Filling up the DagBag from /opt/airflow/dags/finsight_etl_dag.py
[2026-05-02T14:51:32.458+0000] {processor.py:840} INFO - DAG(s) 'finsight_etl' retrieved from /opt/airflow/dags/finsight_etl_dag.py
[2026-05-02T14:51:32.544+0000] {logging_mixin.py:188} INFO - [2026-05-02T14:51:32.544+0000] {dag.py:3089} INFO - Sync 1 DAGs
[2026-05-02T14:51:32.598+0000] {logging_mixin.py:188} INFO - [2026-05-02T14:51:32.598+0000] {dag.py:3947} INFO - Setting next_dagrun for finsight_etl to 2026-05-01 00:00:00+00:00, run_after=2026-05-02 00:00:00+00:00
[2026-05-02T14:51:32.635+0000] {processor.py:183} INFO - Processing /opt/airflow/dags/finsight_etl_dag.py took 0.257 seconds
[2026-05-02T14:52:02.880+0000] {processor.py:161} INFO - Started process (PID=317) to work on /opt/airflow/dags/finsight_etl_dag.py
[2026-05-02T14:52:02.882+0000] {processor.py:830} INFO - Processing file /opt/airflow/dags/finsight_etl_dag.py for tasks to queue
[2026-05-02T14:52:02.885+0000] {logging_mixin.py:188} INFO - [2026-05-02T14:52:02.885+0000] {dagbag.py:545} INFO - Filling up the DagBag from /opt/airflow/dags/finsight_etl_dag.py
[2026-05-02T14:52:02.934+0000] {processor.py:840} INFO - DAG(s) 'finsight_etl' retrieved from /opt/airflow/dags/finsight_etl_dag.py
[2026-05-02T14:52:03.005+0000] {logging_mixin.py:188} INFO - [2026-05-02T14:52:03.005+0000] {dag.py:3089} INFO - Sync 1 DAGs
[2026-05-02T14:52:03.053+0000] {logging_mixin.py:188} INFO - [2026-05-02T14:52:03.053+0000] {dag.py:3947} INFO - Setting next_dagrun for finsight_etl to 2026-05-01 00:00:00+00:00, run_after=2026-05-02 00:00:00+00:00
[2026-05-02T14:52:03.090+0000] {processor.py:183} INFO - Processing /opt/airflow/dags/finsight_etl_dag.py took 0.221 seconds
[2026-05-02T14:52:33.344+0000] {processor.py:161} INFO - Started process (PID=328) to work on /opt/airflow/dags/finsight_etl_dag.py
[2026-05-02T14:52:33.345+0000] {processor.py:830} INFO - Processing file /opt/airflow/dags/finsight_etl_dag.py for tasks to queue
[2026-05-02T14:52:33.349+0000] {logging_mixin.py:188} INFO - [2026-05-02T14:52:33.348+0000] {dagbag.py:545} INFO - Filling up the DagBag from /opt/airflow/dags/finsight_etl_dag.py
[2026-05-02T14:52:33.392+0000] {processor.py:840} INFO - DAG(s) 'finsight_etl' retrieved from /opt/airflow/dags/finsight_etl_dag.py
[2026-05-02T14:52:33.476+0000] {logging_mixin.py:188} INFO - [2026-05-02T14:52:33.476+0000] {dag.py:3089} INFO - Sync 1 DAGs
[2026-05-02T14:52:33.522+0000] {logging_mixin.py:188} INFO - [2026-05-02T14:52:33.522+0000] {dag.py:3947} INFO - Setting next_dagrun for finsight_etl to 2026-05-01 00:00:00+00:00, run_after=2026-05-02 00:00:00+00:00
[2026-05-02T14:52:33.566+0000] {processor.py:183} INFO - Processing /opt/airflow/dags/finsight_etl_dag.py took 0.234 seconds
[2026-05-02T14:53:03.831+0000] {processor.py:161} INFO - Started process (PID=338) to work on /opt/airflow/dags/finsight_etl_dag.py
[2026-05-02T14:53:03.833+0000] {processor.py:830} INFO - Processing file /opt/airflow/dags/finsight_etl_dag.py for tasks to queue
[2026-05-02T14:53:03.838+0000] {logging_mixin.py:188} INFO - [2026-05-02T14:53:03.837+0000] {dagbag.py:545} INFO - Filling up the DagBag from /opt/airflow/dags/finsight_etl_dag.py
[2026-05-02T14:53:03.883+0000] {processor.py:840} INFO - DAG(s) 'finsight_etl' retrieved from /opt/airflow/dags/finsight_etl_dag.py
[2026-05-02T14:53:03.950+0000] {logging_mixin.py:188} INFO - [2026-05-02T14:53:03.949+0000] {dag.py:3089} INFO - Sync 1 DAGs
[2026-05-02T14:53:04.004+0000] {logging_mixin.py:188} INFO - [2026-05-02T14:53:04.003+0000] {dag.py:3947} INFO - Setting next_dagrun for finsight_etl to 2026-05-01 00:00:00+00:00, run_after=2026-05-02 00:00:00+00:00
[2026-05-02T14:53:04.046+0000] {processor.py:183} INFO - Processing /opt/airflow/dags/finsight_etl_dag.py took 0.229 seconds
[2026-05-02T14:53:34.356+0000] {processor.py:161} INFO - Started process (PID=349) to work on /opt/airflow/dags/finsight_etl_dag.py
[2026-05-02T14:53:34.357+0000] {processor.py:830} INFO - Processing file /opt/airflow/dags/finsight_etl_dag.py for tasks to queue
[2026-05-02T14:53:34.361+0000] {logging_mixin.py:188} INFO - [2026-05-02T14:53:34.360+0000] {dagbag.py:545} INFO - Filling up the DagBag from /opt/airflow/dags/finsight_etl_dag.py
[2026-05-02T14:53:34.404+0000] {processor.py:840} INFO - DAG(s) 'finsight_etl' retrieved from /opt/airflow/dags/finsight_etl_dag.py
[2026-05-02T14:53:34.469+0000] {logging_mixin.py:188} INFO - [2026-05-02T14:53:34.469+0000] {dag.py:3089} INFO - Sync 1 DAGs
[2026-05-02T14:53:34.510+0000] {logging_mixin.py:188} INFO - [2026-05-02T14:53:34.510+0000] {dag.py:3947} INFO - Setting next_dagrun for finsight_etl to 2026-05-01 00:00:00+00:00, run_after=2026-05-02 00:00:00+00:00
[2026-05-02T14:53:34.557+0000] {processor.py:183} INFO - Processing /opt/airflow/dags/finsight_etl_dag.py took 0.214 seconds
[2026-05-02T14:54:04.831+0000] {processor.py:161} INFO - Started process (PID=360) to work on /opt/airflow/dags/finsight_etl_dag.py
[2026-05-02T14:54:04.834+0000] {processor.py:830} INFO - Processing file /opt/airflow/dags/finsight_etl_dag.py for tasks to queue
[2026-05-02T14:54:04.837+0000] {logging_mixin.py:188} INFO - [2026-05-02T14:54:04.836+0000] {dagbag.py:545} INFO - Filling up the DagBag from /opt/airflow/dags/finsight_etl_dag.py
[2026-05-02T14:54:04.878+0000] {processor.py:840} INFO - DAG(s) 'finsight_etl' retrieved from /opt/airflow/dags/finsight_etl_dag.py
[2026-05-02T14:54:04.944+0000] {logging_mixin.py:188} INFO - [2026-05-02T14:54:04.944+0000] {dag.py:3089} INFO - Sync 1 DAGs
[2026-05-02T14:54:04.984+0000] {logging_mixin.py:188} INFO - [2026-05-02T14:54:04.984+0000] {dag.py:3947} INFO - Setting next_dagrun for finsight_etl to 2026-05-01 00:00:00+00:00, run_after=2026-05-02 00:00:00+00:00
[2026-05-02T14:54:05.034+0000] {processor.py:183} INFO - Processing /opt/airflow/dags/finsight_etl_dag.py took 0.218 seconds
[2026-05-02T14:54:35.323+0000] {processor.py:161} INFO - Started process (PID=371) to work on /opt/airflow/dags/finsight_etl_dag.py
[2026-05-02T14:54:35.326+0000] {processor.py:830} INFO - Processing file /opt/airflow/dags/finsight_etl_dag.py for tasks to queue
[2026-05-02T14:54:35.329+0000] {logging_mixin.py:188} INFO - [2026-05-02T14:54:35.328+0000] {dagbag.py:545} INFO - Filling up the DagBag from /opt/airflow/dags/finsight_etl_dag.py
[2026-05-02T14:54:35.373+0000] {processor.py:840} INFO - DAG(s) 'finsight_etl' retrieved from /opt/airflow/dags/finsight_etl_dag.py
[2026-05-02T14:54:35.436+0000] {logging_mixin.py:188} INFO - [2026-05-02T14:54:35.436+0000] {dag.py:3089} INFO - Sync 1 DAGs
[2026-05-02T14:54:35.480+0000] {logging_mixin.py:188} INFO - [2026-05-02T14:54:35.480+0000] {dag.py:3947} INFO - Setting next_dagrun for finsight_etl to 2026-05-01 00:00:00+00:00, run_after=2026-05-02 00:00:00+00:00
[2026-05-02T14:54:35.513+0000] {processor.py:183} INFO - Processing /opt/airflow/dags/finsight_etl_dag.py took 0.203 seconds
[2026-05-02T14:55:05.781+0000] {processor.py:161} INFO - Started process (PID=382) to work on /opt/airflow/dags/finsight_etl_dag.py
[2026-05-02T14:55:05.783+0000] {processor.py:830} INFO - Processing file /opt/airflow/dags/finsight_etl_dag.py for tasks to queue
[2026-05-02T14:55:05.787+0000] {logging_mixin.py:188} INFO - [2026-05-02T14:55:05.787+0000] {dagbag.py:545} INFO - Filling up the DagBag from /opt/airflow/dags/finsight_etl_dag.py
[2026-05-02T14:55:05.840+0000] {processor.py:840} INFO - DAG(s) 'finsight_etl' retrieved from /opt/airflow/dags/finsight_etl_dag.py
[2026-05-02T14:55:05.909+0000] {logging_mixin.py:188} INFO - [2026-05-02T14:55:05.909+0000] {dag.py:3089} INFO - Sync 1 DAGs
[2026-05-02T14:55:05.968+0000] {logging_mixin.py:188} INFO - [2026-05-02T14:55:05.967+0000] {dag.py:3947} INFO - Setting next_dagrun for finsight_etl to 2026-05-01 00:00:00+00:00, run_after=2026-05-02 00:00:00+00:00
[2026-05-02T14:55:06.013+0000] {processor.py:183} INFO - Processing /opt/airflow/dags/finsight_etl_dag.py took 0.248 seconds
[2026-05-02T14:55:36.349+0000] {processor.py:161} INFO - Started process (PID=393) to work on /opt/airflow/dags/finsight_etl_dag.py
[2026-05-02T14:55:36.351+0000] {processor.py:830} INFO - Processing file /opt/airflow/dags/finsight_etl_dag.py for tasks to queue
[2026-05-02T14:55:36.354+0000] {logging_mixin.py:188} INFO - [2026-05-02T14:55:36.353+0000] {dagbag.py:545} INFO - Filling up the DagBag from /opt/airflow/dags/finsight_etl_dag.py
[2026-05-02T14:55:36.402+0000] {processor.py:840} INFO - DAG(s) 'finsight_etl' retrieved from /opt/airflow/dags/finsight_etl_dag.py
[2026-05-02T14:55:36.488+0000] {logging_mixin.py:188} INFO - [2026-05-02T14:55:36.487+0000] {dag.py:3089} INFO - Sync 1 DAGs
[2026-05-02T14:55:36.549+0000] {logging_mixin.py:188} INFO - [2026-05-02T14:55:36.549+0000] {dag.py:3947} INFO - Setting next_dagrun for finsight_etl to 2026-05-01 00:00:00+00:00, run_after=2026-05-02 00:00:00+00:00
[2026-05-02T14:55:36.587+0000] {processor.py:183} INFO - Processing /opt/airflow/dags/finsight_etl_dag.py took 0.251 seconds
[2026-05-02T14:56:06.866+0000] {processor.py:161} INFO - Started process (PID=398) to work on /opt/airflow/dags/finsight_etl_dag.py
[2026-05-02T14:56:06.868+0000] {processor.py:830} INFO - Processing file /opt/airflow/dags/finsight_etl_dag.py for tasks to queue
[2026-05-02T14:56:06.872+0000] {logging_mixin.py:188} INFO - [2026-05-02T14:56:06.871+0000] {dagbag.py:545} INFO - Filling up the DagBag from /opt/airflow/dags/finsight_etl_dag.py
[2026-05-02T14:56:06.918+0000] {processor.py:840} INFO - DAG(s) 'finsight_etl' retrieved from /opt/airflow/dags/finsight_etl_dag.py
[2026-05-02T14:56:06.980+0000] {logging_mixin.py:188} INFO - [2026-05-02T14:56:06.980+0000] {dag.py:3089} INFO - Sync 1 DAGs
[2026-05-02T14:56:07.029+0000] {logging_mixin.py:188} INFO - [2026-05-02T14:56:07.028+0000] {dag.py:3947} INFO - Setting next_dagrun for finsight_etl to 2026-05-01 00:00:00+00:00, run_after=2026-05-02 00:00:00+00:00
[2026-05-02T14:56:07.093+0000] {processor.py:183} INFO - Processing /opt/airflow/dags/finsight_etl_dag.py took 0.241 seconds
[2026-05-02T14:56:37.371+0000] {processor.py:161} INFO - Started process (PID=409) to work on /opt/airflow/dags/finsight_etl_dag.py
[2026-05-02T14:56:37.374+0000] {processor.py:830} INFO - Processing file /opt/airflow/dags/finsight_etl_dag.py for tasks to queue
[2026-05-02T14:56:37.377+0000] {logging_mixin.py:188} INFO - [2026-05-02T14:56:37.377+0000] {dagbag.py:545} INFO - Filling up the DagBag from /opt/airflow/dags/finsight_etl_dag.py
[2026-05-02T14:56:37.420+0000] {processor.py:840} INFO - DAG(s) 'finsight_etl' retrieved from /opt/airflow/dags/finsight_etl_dag.py
[2026-05-02T14:56:37.485+0000] {logging_mixin.py:188} INFO - [2026-05-02T14:56:37.485+0000] {dag.py:3089} INFO - Sync 1 DAGs
[2026-05-02T14:56:37.535+0000] {logging_mixin.py:188} INFO - [2026-05-02T14:56:37.534+0000] {dag.py:3947} INFO - Setting next_dagrun for finsight_etl to 2026-05-01 00:00:00+00:00, run_after=2026-05-02 00:00:00+00:00
[2026-05-02T14:56:37.576+0000] {processor.py:183} INFO - Processing /opt/airflow/dags/finsight_etl_dag.py took 0.218 seconds
[2026-05-02T14:57:07.845+0000] {processor.py:161} INFO - Started process (PID=420) to work on /opt/airflow/dags/finsight_etl_dag.py
[2026-05-02T14:57:07.849+0000] {processor.py:830} INFO - Processing file /opt/airflow/dags/finsight_etl_dag.py for tasks to queue
[2026-05-02T14:57:07.853+0000] {logging_mixin.py:188} INFO - [2026-05-02T14:57:07.852+0000] {dagbag.py:545} INFO - Filling up the DagBag from /opt/airflow/dags/finsight_etl_dag.py
[2026-05-02T14:57:07.902+0000] {processor.py:840} INFO - DAG(s) 'finsight_etl' retrieved from /opt/airflow/dags/finsight_etl_dag.py
[2026-05-02T14:57:07.967+0000] {logging_mixin.py:188} INFO - [2026-05-02T14:57:07.966+0000] {dag.py:3089} INFO - Sync 1 DAGs
[2026-05-02T14:57:08.012+0000] {logging_mixin.py:188} INFO - [2026-05-02T14:57:08.012+0000] {dag.py:3947} INFO - Setting next_dagrun for finsight_etl to 2026-05-01 00:00:00+00:00, run_after=2026-05-02 00:00:00+00:00
[2026-05-02T14:57:08.155+0000] {processor.py:183} INFO - Processing /opt/airflow/dags/finsight_etl_dag.py took 0.324 seconds
[2026-05-02T14:57:38.437+0000] {processor.py:161} INFO - Started process (PID=431) to work on /opt/airflow/dags/finsight_etl_dag.py
[2026-05-02T14:57:38.439+0000] {processor.py:830} INFO - Processing file /opt/airflow/dags/finsight_etl_dag.py for tasks to queue
[2026-05-02T14:57:38.441+0000] {logging_mixin.py:188} INFO - [2026-05-02T14:57:38.441+0000] {dagbag.py:545} INFO - Filling up the DagBag from /opt/airflow/dags/finsight_etl_dag.py
[2026-05-02T14:57:38.486+0000] {processor.py:840} INFO - DAG(s) 'finsight_etl' retrieved from /opt/airflow/dags/finsight_etl_dag.py
[2026-05-02T14:57:38.554+0000] {logging_mixin.py:188} INFO - [2026-05-02T14:57:38.554+0000] {dag.py:3089} INFO - Sync 1 DAGs
[2026-05-02T14:57:38.605+0000] {logging_mixin.py:188} INFO - [2026-05-02T14:57:38.605+0000] {dag.py:3947} INFO - Setting next_dagrun for finsight_etl to 2026-05-01 00:00:00+00:00, run_after=2026-05-02 00:00:00+00:00
[2026-05-02T14:57:38.649+0000] {processor.py:183} INFO - Processing /opt/airflow/dags/finsight_etl_dag.py took 0.225 seconds
[2026-05-02T14:58:08.961+0000] {processor.py:161} INFO - Started process (PID=442) to work on /opt/airflow/dags/finsight_etl_dag.py
[2026-05-02T14:58:08.965+0000] {processor.py:830} INFO - Processing file /opt/airflow/dags/finsight_etl_dag.py for tasks to queue
[2026-05-02T14:58:08.973+0000] {logging_mixin.py:188} INFO - [2026-05-02T14:58:08.972+0000] {dagbag.py:545} INFO - Filling up the DagBag from /opt/airflow/dags/finsight_etl_dag.py
[2026-05-02T14:58:09.049+0000] {processor.py:840} INFO - DAG(s) 'finsight_etl' retrieved from /opt/airflow/dags/finsight_etl_dag.py
[2026-05-02T14:58:09.156+0000] {logging_mixin.py:188} INFO - [2026-05-02T14:58:09.155+0000] {dag.py:3089} INFO - Sync 1 DAGs
[2026-05-02T14:58:09.237+0000] {logging_mixin.py:188} INFO - [2026-05-02T14:58:09.237+0000] {dag.py:3947} INFO - Setting next_dagrun for finsight_etl to 2026-05-01 00:00:00+00:00, run_after=2026-05-02 00:00:00+00:00
[2026-05-02T14:58:09.291+0000] {processor.py:183} INFO - Processing /opt/airflow/dags/finsight_etl_dag.py took 0.354 seconds
[2026-05-02T14:58:39.598+0000] {processor.py:161} INFO - Started process (PID=453) to work on /opt/airflow/dags/finsight_etl_dag.py
[2026-05-02T14:58:39.601+0000] {processor.py:830} INFO - Processing file /opt/airflow/dags/finsight_etl_dag.py for tasks to queue
[2026-05-02T14:58:39.606+0000] {logging_mixin.py:188} INFO - [2026-05-02T14:58:39.605+0000] {dagbag.py:545} INFO - Filling up the DagBag from /opt/airflow/dags/finsight_etl_dag.py
[2026-05-02T14:58:39.669+0000] {processor.py:840} INFO - DAG(s) 'finsight_etl' retrieved from /opt/airflow/dags/finsight_etl_dag.py
[2026-05-02T14:58:39.747+0000] {logging_mixin.py:188} INFO - [2026-05-02T14:58:39.746+0000] {dag.py:3089} INFO - Sync 1 DAGs
[2026-05-02T14:58:39.806+0000] {logging_mixin.py:188} INFO - [2026-05-02T14:58:39.805+0000] {dag.py:3947} INFO - Setting next_dagrun for finsight_etl to 2026-05-01 00:00:00+00:00, run_after=2026-05-02 00:00:00+00:00
[2026-05-02T14:58:39.850+0000] {processor.py:183} INFO - Processing /opt/airflow/dags/finsight_etl_dag.py took 0.269 seconds
[2026-05-02T14:59:44.395+0000] {processor.py:161} INFO - Started process (PID=180) to work on /opt/airflow/dags/finsight_etl_dag.py
[2026-05-02T14:59:44.398+0000] {processor.py:830} INFO - Processing file /opt/airflow/dags/finsight_etl_dag.py for tasks to queue
[2026-05-02T14:59:44.402+0000] {logging_mixin.py:188} INFO - [2026-05-02T14:59:44.402+0000] {dagbag.py:545} INFO - Filling up the DagBag from /opt/airflow/dags/finsight_etl_dag.py
[2026-05-02T14:59:44.491+0000] {processor.py:840} INFO - DAG(s) 'finsight_etl' retrieved from /opt/airflow/dags/finsight_etl_dag.py
[2026-05-02T14:59:45.001+0000] {logging_mixin.py:188} INFO - [2026-05-02T14:59:45.001+0000] {dag.py:3089} INFO - Sync 1 DAGs
[2026-05-02T14:59:45.060+0000] {logging_mixin.py:188} INFO - [2026-05-02T14:59:45.060+0000] {dag.py:3947} INFO - Setting next_dagrun for finsight_etl to 2026-05-01 00:00:00+00:00, run_after=2026-05-02 00:00:00+00:00
[2026-05-02T14:59:45.501+0000] {processor.py:183} INFO - Processing /opt/airflow/dags/finsight_etl_dag.py took 1.123 seconds
[2026-05-02T15:00:15.743+0000] {processor.py:161} INFO - Started process (PID=192) to work on /opt/airflow/dags/finsight_etl_dag.py
[2026-05-02T15:00:15.745+0000] {processor.py:830} INFO - Processing file /opt/airflow/dags/finsight_etl_dag.py for tasks to queue
[2026-05-02T15:00:15.748+0000] {logging_mixin.py:188} INFO - [2026-05-02T15:00:15.747+0000] {dagbag.py:545} INFO - Filling up the DagBag from /opt/airflow/dags/finsight_etl_dag.py
[2026-05-02T15:00:15.793+0000] {processor.py:840} INFO - DAG(s) 'finsight_etl' retrieved from /opt/airflow/dags/finsight_etl_dag.py
[2026-05-02T15:00:15.866+0000] {logging_mixin.py:188} INFO - [2026-05-02T15:00:15.865+0000] {dag.py:3089} INFO - Sync 1 DAGs
[2026-05-02T15:00:15.914+0000] {logging_mixin.py:188} INFO - [2026-05-02T15:00:15.914+0000] {dag.py:3947} INFO - Setting next_dagrun for finsight_etl to 2026-05-01 00:00:00+00:00, run_after=2026-05-02 00:00:00+00:00
[2026-05-02T15:00:15.946+0000] {processor.py:183} INFO - Processing /opt/airflow/dags/finsight_etl_dag.py took 0.213 seconds
[2026-05-02T15:00:46.216+0000] {processor.py:161} INFO - Started process (PID=203) to work on /opt/airflow/dags/finsight_etl_dag.py
[2026-05-02T15:00:46.218+0000] {processor.py:830} INFO - Processing file /opt/airflow/dags/finsight_etl_dag.py for tasks to queue
[2026-05-02T15:00:46.221+0000] {logging_mixin.py:188} INFO - [2026-05-02T15:00:46.220+0000] {dagbag.py:545} INFO - Filling up the DagBag from /opt/airflow/dags/finsight_etl_dag.py
[2026-05-02T15:00:46.269+0000] {processor.py:840} INFO - DAG(s) 'finsight_etl' retrieved from /opt/airflow/dags/finsight_etl_dag.py
[2026-05-02T15:00:46.357+0000] {logging_mixin.py:188} INFO - [2026-05-02T15:00:46.357+0000] {dag.py:3089} INFO - Sync 1 DAGs
[2026-05-02T15:00:46.424+0000] {logging_mixin.py:188} INFO - [2026-05-02T15:00:46.424+0000] {dag.py:3947} INFO - Setting next_dagrun for finsight_etl to 2026-05-01 00:00:00+00:00, run_after=2026-05-02 00:00:00+00:00
[2026-05-02T15:00:46.460+0000] {processor.py:183} INFO - Processing /opt/airflow/dags/finsight_etl_dag.py took 0.254 seconds
[2026-05-02T15:01:16.758+0000] {processor.py:161} INFO - Started process (PID=214) to work on /opt/airflow/dags/finsight_etl_dag.py
[2026-05-02T15:01:16.760+0000] {processor.py:830} INFO - Processing file /opt/airflow/dags/finsight_etl_dag.py for tasks to queue
[2026-05-02T15:01:16.764+0000] {logging_mixin.py:188} INFO - [2026-05-02T15:01:16.763+0000] {dagbag.py:545} INFO - Filling up the DagBag from /opt/airflow/dags/finsight_etl_dag.py
[2026-05-02T15:01:16.819+0000] {processor.py:840} INFO - DAG(s) 'finsight_etl' retrieved from /opt/airflow/dags/finsight_etl_dag.py
[2026-05-02T15:01:16.894+0000] {logging_mixin.py:188} INFO - [2026-05-02T15:01:16.893+0000] {dag.py:3089} INFO - Sync 1 DAGs
[2026-05-02T15:01:16.942+0000] {logging_mixin.py:188} INFO - [2026-05-02T15:01:16.942+0000] {dag.py:3947} INFO - Setting next_dagrun for finsight_etl to 2026-05-01 00:00:00+00:00, run_after=2026-05-02 00:00:00+00:00
[2026-05-02T15:01:16.984+0000] {processor.py:183} INFO - Processing /opt/airflow/dags/finsight_etl_dag.py took 0.240 seconds
[2026-05-02T15:01:47.290+0000] {processor.py:161} INFO - Started process (PID=225) to work on /opt/airflow/dags/finsight_etl_dag.py
[2026-05-02T15:01:47.292+0000] {processor.py:830} INFO - Processing file /opt/airflow/dags/finsight_etl_dag.py for tasks to queue
[2026-05-02T15:01:47.296+0000] {logging_mixin.py:188} INFO - [2026-05-02T15:01:47.296+0000] {dagbag.py:545} INFO - Filling up the DagBag from /opt/airflow/dags/finsight_etl_dag.py
[2026-05-02T15:01:47.355+0000] {processor.py:840} INFO - DAG(s) 'finsight_etl' retrieved from /opt/airflow/dags/finsight_etl_dag.py
[2026-05-02T15:01:47.427+0000] {logging_mixin.py:188} INFO - [2026-05-02T15:01:47.427+0000] {dag.py:3089} INFO - Sync 1 DAGs
[2026-05-02T15:01:47.480+0000] {logging_mixin.py:188} INFO - [2026-05-02T15:01:47.480+0000] {dag.py:3947} INFO - Setting next_dagrun for finsight_etl to 2026-05-01 00:00:00+00:00, run_after=2026-05-02 00:00:00+00:00
[2026-05-02T15:01:47.952+0000] {processor.py:183} INFO - Processing /opt/airflow/dags/finsight_etl_dag.py took 0.677 seconds
[2026-05-02T15:02:18.222+0000] {processor.py:161} INFO - Started process (PID=236) to work on /opt/airflow/dags/finsight_etl_dag.py
[2026-05-02T15:02:18.224+0000] {processor.py:830} INFO - Processing file /opt/airflow/dags/finsight_etl_dag.py for tasks to queue
[2026-05-02T15:02:18.226+0000] {logging_mixin.py:188} INFO - [2026-05-02T15:02:18.226+0000] {dagbag.py:545} INFO - Filling up the DagBag from /opt/airflow/dags/finsight_etl_dag.py
[2026-05-02T15:02:18.265+0000] {processor.py:840} INFO - DAG(s) 'finsight_etl' retrieved from /opt/airflow/dags/finsight_etl_dag.py
[2026-05-02T15:02:18.324+0000] {logging_mixin.py:188} INFO - [2026-05-02T15:02:18.324+0000] {dag.py:3089} INFO - Sync 1 DAGs
[2026-05-02T15:02:18.643+0000] {logging_mixin.py:188} INFO - [2026-05-02T15:02:18.642+0000] {dag.py:3947} INFO - Setting next_dagrun for finsight_etl to 2026-05-01 00:00:00+00:00, run_after=2026-05-02 00:00:00+00:00
[2026-05-02T15:02:18.676+0000] {processor.py:183} INFO - Processing /opt/airflow/dags/finsight_etl_dag.py took 0.467 seconds
[2026-05-02T15:02:48.988+0000] {processor.py:161} INFO - Started process (PID=247) to work on /opt/airflow/dags/finsight_etl_dag.py
[2026-05-02T15:02:48.990+0000] {processor.py:830} INFO - Processing file /opt/airflow/dags/finsight_etl_dag.py for tasks to queue
[2026-05-02T15:02:48.993+0000] {logging_mixin.py:188} INFO - [2026-05-02T15:02:48.992+0000] {dagbag.py:545} INFO - Filling up the DagBag from /opt/airflow/dags/finsight_etl_dag.py
[2026-05-02T15:02:49.079+0000] {processor.py:840} INFO - DAG(s) 'finsight_etl' retrieved from /opt/airflow/dags/finsight_etl_dag.py
[2026-05-02T15:02:49.415+0000] {logging_mixin.py:188} INFO - [2026-05-02T15:02:49.415+0000] {dag.py:3089} INFO - Sync 1 DAGs
[2026-05-02T15:02:49.454+0000] {logging_mixin.py:188} INFO - [2026-05-02T15:02:49.453+0000] {dag.py:3947} INFO - Setting next_dagrun for finsight_etl to 2026-05-01 00:00:00+00:00, run_after=2026-05-02 00:00:00+00:00
[2026-05-02T15:02:49.489+0000] {processor.py:183} INFO - Processing /opt/airflow/dags/finsight_etl_dag.py took 0.514 seconds
[2026-05-02T15:03:19.665+0000] {processor.py:161} INFO - Started process (PID=258) to work on /opt/airflow/dags/finsight_etl_dag.py
[2026-05-02T15:03:19.666+0000] {processor.py:830} INFO - Processing file /opt/airflow/dags/finsight_etl_dag.py for tasks to queue
[2026-05-02T15:03:19.670+0000] {logging_mixin.py:188} INFO - [2026-05-02T15:03:19.669+0000] {dagbag.py:545} INFO - Filling up the DagBag from /opt/airflow/dags/finsight_etl_dag.py
[2026-05-02T15:03:20.007+0000] {processor.py:840} INFO - DAG(s) 'finsight_etl' retrieved from /opt/airflow/dags/finsight_etl_dag.py
[2026-05-02T15:03:20.059+0000] {logging_mixin.py:188} INFO - [2026-05-02T15:03:20.059+0000] {dag.py:3089} INFO - Sync 1 DAGs
[2026-05-02T15:03:20.096+0000] {logging_mixin.py:188} INFO - [2026-05-02T15:03:20.096+0000] {dag.py:3947} INFO - Setting next_dagrun for finsight_etl to 2026-05-01 00:00:00+00:00, run_after=2026-05-02 00:00:00+00:00
[2026-05-02T15:03:20.131+0000] {processor.py:183} INFO - Processing /opt/airflow/dags/finsight_etl_dag.py took 0.476 seconds
[2026-05-02T15:03:50.661+0000] {processor.py:161} INFO - Started process (PID=269) to work on /opt/airflow/dags/finsight_etl_dag.py
[2026-05-02T15:03:50.663+0000] {processor.py:830} INFO - Processing file /opt/airflow/dags/finsight_etl_dag.py for tasks to queue
[2026-05-02T15:03:50.667+0000] {logging_mixin.py:188} INFO - [2026-05-02T15:03:50.666+0000] {dagbag.py:545} INFO - Filling up the DagBag from /opt/airflow/dags/finsight_etl_dag.py
[2026-05-02T15:03:50.709+0000] {processor.py:840} INFO - DAG(s) 'finsight_etl' retrieved from /opt/airflow/dags/finsight_etl_dag.py
[2026-05-02T15:03:50.783+0000] {logging_mixin.py:188} INFO - [2026-05-02T15:03:50.782+0000] {dag.py:3089} INFO - Sync 1 DAGs
[2026-05-02T15:03:50.842+0000] {logging_mixin.py:188} INFO - [2026-05-02T15:03:50.842+0000] {dag.py:3947} INFO - Setting next_dagrun for finsight_etl to 2026-05-01 00:00:00+00:00, run_after=2026-05-02 00:00:00+00:00
[2026-05-02T15:03:50.893+0000] {processor.py:183} INFO - Processing /opt/airflow/dags/finsight_etl_dag.py took 0.246 seconds
[2026-05-02T15:04:21.170+0000] {processor.py:161} INFO - Started process (PID=274) to work on /opt/airflow/dags/finsight_etl_dag.py
[2026-05-02T15:04:21.172+0000] {processor.py:830} INFO - Processing file /opt/airflow/dags/finsight_etl_dag.py for tasks to queue
[2026-05-02T15:04:21.175+0000] {logging_mixin.py:188} INFO - [2026-05-02T15:04:21.174+0000] {dagbag.py:545} INFO - Filling up the DagBag from /opt/airflow/dags/finsight_etl_dag.py
[2026-05-02T15:04:21.223+0000] {processor.py:840} INFO - DAG(s) 'finsight_etl' retrieved from /opt/airflow/dags/finsight_etl_dag.py
[2026-05-02T15:04:21.297+0000] {logging_mixin.py:188} INFO - [2026-05-02T15:04:21.296+0000] {dag.py:3089} INFO - Sync 1 DAGs
[2026-05-02T15:04:21.393+0000] {logging_mixin.py:188} INFO - [2026-05-02T15:04:21.393+0000] {dag.py:3947} INFO - Setting next_dagrun for finsight_etl to 2026-05-01 00:00:00+00:00, run_after=2026-05-02 00:00:00+00:00
[2026-05-02T15:04:21.434+0000] {processor.py:183} INFO - Processing /opt/airflow/dags/finsight_etl_dag.py took 0.275 seconds
[2026-05-02T15:04:51.708+0000] {processor.py:161} INFO - Started process (PID=285) to work on /opt/airflow/dags/finsight_etl_dag.py
[2026-05-02T15:04:51.710+0000] {processor.py:830} INFO - Processing file /opt/airflow/dags/finsight_etl_dag.py for tasks to queue
[2026-05-02T15:04:51.713+0000] {logging_mixin.py:188} INFO - [2026-05-02T15:04:51.712+0000] {dagbag.py:545} INFO - Filling up the DagBag from /opt/airflow/dags/finsight_etl_dag.py
[2026-05-02T15:04:51.756+0000] {processor.py:840} INFO - DAG(s) 'finsight_etl' retrieved from /opt/airflow/dags/finsight_etl_dag.py
[2026-05-02T15:04:51.826+0000] {logging_mixin.py:188} INFO - [2026-05-02T15:04:51.826+0000] {dag.py:3089} INFO - Sync 1 DAGs
[2026-05-02T15:04:51.868+0000] {logging_mixin.py:188} INFO - [2026-05-02T15:04:51.868+0000] {dag.py:3947} INFO - Setting next_dagrun for finsight_etl to 2026-05-01 00:00:00+00:00, run_after=2026-05-02 00:00:00+00:00
[2026-05-02T15:04:51.926+0000] {processor.py:183} INFO - Processing /opt/airflow/dags/finsight_etl_dag.py took 0.236 seconds
[2026-05-02T15:05:22.222+0000] {processor.py:161} INFO - Started process (PID=296) to work on /opt/airflow/dags/finsight_etl_dag.py
[2026-05-02T15:05:22.224+0000] {processor.py:830} INFO - Processing file /opt/airflow/dags/finsight_etl_dag.py for tasks to queue
[2026-05-02T15:05:22.227+0000] {logging_mixin.py:188} INFO - [2026-05-02T15:05:22.226+0000] {dagbag.py:545} INFO - Filling up the DagBag from /opt/airflow/dags/finsight_etl_dag.py
[2026-05-02T15:05:22.268+0000] {processor.py:840} INFO - DAG(s) 'finsight_etl' retrieved from /opt/airflow/dags/finsight_etl_dag.py
[2026-05-02T15:05:22.350+0000] {logging_mixin.py:188} INFO - [2026-05-02T15:05:22.350+0000] {dag.py:3089} INFO - Sync 1 DAGs
[2026-05-02T15:05:22.398+0000] {logging_mixin.py:188} INFO - [2026-05-02T15:05:22.398+0000] {dag.py:3947} INFO - Setting next_dagrun for finsight_etl to 2026-05-01 00:00:00+00:00, run_after=2026-05-02 00:00:00+00:00
[2026-05-02T15:05:22.430+0000] {processor.py:183} INFO - Processing /opt/airflow/dags/finsight_etl_dag.py took 0.220 seconds
[2026-05-02T15:05:52.682+0000] {processor.py:161} INFO - Started process (PID=307) to work on /opt/airflow/dags/finsight_etl_dag.py
[2026-05-02T15:05:52.684+0000] {processor.py:830} INFO - Processing file /opt/airflow/dags/finsight_etl_dag.py for tasks to queue
[2026-05-02T15:05:52.688+0000] {logging_mixin.py:188} INFO - [2026-05-02T15:05:52.688+0000] {dagbag.py:545} INFO - Filling up the DagBag from /opt/airflow/dags/finsight_etl_dag.py
[2026-05-02T15:05:52.738+0000] {processor.py:840} INFO - DAG(s) 'finsight_etl' retrieved from /opt/airflow/dags/finsight_etl_dag.py
[2026-05-02T15:05:52.807+0000] {logging_mixin.py:188} INFO - [2026-05-02T15:05:52.807+0000] {dag.py:3089} INFO - Sync 1 DAGs
[2026-05-02T15:05:52.858+0000] {logging_mixin.py:188} INFO - [2026-05-02T15:05:52.857+0000] {dag.py:3947} INFO - Setting next_dagrun for finsight_etl to 2026-05-01 00:00:00+00:00, run_after=2026-05-02 00:00:00+00:00
[2026-05-02T15:05:52.898+0000] {processor.py:183} INFO - Processing /opt/airflow/dags/finsight_etl_dag.py took 0.229 seconds
[2026-05-02T15:06:23.189+0000] {processor.py:161} INFO - Started process (PID=319) to work on /opt/airflow/dags/finsight_etl_dag.py
[2026-05-02T15:06:23.191+0000] {processor.py:830} INFO - Processing file /opt/airflow/dags/finsight_etl_dag.py for tasks to queue
[2026-05-02T15:06:23.195+0000] {logging_mixin.py:188} INFO - [2026-05-02T15:06:23.194+0000] {dagbag.py:545} INFO - Filling up the DagBag from /opt/airflow/dags/finsight_etl_dag.py
[2026-05-02T15:06:23.266+0000] {processor.py:840} INFO - DAG(s) 'finsight_etl' retrieved from /opt/airflow/dags/finsight_etl_dag.py
[2026-05-02T15:06:23.349+0000] {logging_mixin.py:188} INFO - [2026-05-02T15:06:23.349+0000] {dag.py:3089} INFO - Sync 1 DAGs
[2026-05-02T15:06:23.398+0000] {logging_mixin.py:188} INFO - [2026-05-02T15:06:23.398+0000] {dag.py:3947} INFO - Setting next_dagrun for finsight_etl to 2026-05-01 00:00:00+00:00, run_after=2026-05-02 00:00:00+00:00
[2026-05-02T15:06:23.439+0000] {processor.py:183} INFO - Processing /opt/airflow/dags/finsight_etl_dag.py took 0.265 seconds
[2026-05-02T15:06:53.707+0000] {processor.py:161} INFO - Started process (PID=330) to work on /opt/airflow/dags/finsight_etl_dag.py
[2026-05-02T15:06:53.709+0000] {processor.py:830} INFO - Processing file /opt/airflow/dags/finsight_etl_dag.py for tasks to queue
[2026-05-02T15:06:53.712+0000] {logging_mixin.py:188} INFO - [2026-05-02T15:06:53.712+0000] {dagbag.py:545} INFO - Filling up the DagBag from /opt/airflow/dags/finsight_etl_dag.py
[2026-05-02T15:06:53.758+0000] {processor.py:840} INFO - DAG(s) 'finsight_etl' retrieved from /opt/airflow/dags/finsight_etl_dag.py
[2026-05-02T15:06:53.833+0000] {logging_mixin.py:188} INFO - [2026-05-02T15:06:53.832+0000] {dag.py:3089} INFO - Sync 1 DAGs
[2026-05-02T15:06:53.885+0000] {logging_mixin.py:188} INFO - [2026-05-02T15:06:53.885+0000] {dag.py:3947} INFO - Setting next_dagrun for finsight_etl to 2026-05-01 00:00:00+00:00, run_after=2026-05-02 00:00:00+00:00
[2026-05-02T15:06:53.920+0000] {processor.py:183} INFO - Processing /opt/airflow/dags/finsight_etl_dag.py took 0.225 seconds
[2026-05-02T15:07:24.232+0000] {processor.py:161} INFO - Started process (PID=341) to work on /opt/airflow/dags/finsight_etl_dag.py
[2026-05-02T15:07:24.235+0000] {processor.py:830} INFO - Processing file /opt/airflow/dags/finsight_etl_dag.py for tasks to queue
[2026-05-02T15:07:24.238+0000] {logging_mixin.py:188} INFO - [2026-05-02T15:07:24.237+0000] {dagbag.py:545} INFO - Filling up the DagBag from /opt/airflow/dags/finsight_etl_dag.py
[2026-05-02T15:07:24.283+0000] {processor.py:840} INFO - DAG(s) 'finsight_etl' retrieved from /opt/airflow/dags/finsight_etl_dag.py
[2026-05-02T15:07:24.361+0000] {logging_mixin.py:188} INFO - [2026-05-02T15:07:24.360+0000] {dag.py:3089} INFO - Sync 1 DAGs
[2026-05-02T15:07:24.412+0000] {logging_mixin.py:188} INFO - [2026-05-02T15:07:24.411+0000] {dag.py:3947} INFO - Setting next_dagrun for finsight_etl to 2026-05-01 00:00:00+00:00, run_after=2026-05-02 00:00:00+00:00
[2026-05-02T15:07:24.449+0000] {processor.py:183} INFO - Processing /opt/airflow/dags/finsight_etl_dag.py took 0.235 seconds
[2026-05-02T15:07:54.711+0000] {processor.py:161} INFO - Started process (PID=352) to work on /opt/airflow/dags/finsight_etl_dag.py
[2026-05-02T15:07:54.713+0000] {processor.py:830} INFO - Processing file /opt/airflow/dags/finsight_etl_dag.py for tasks to queue
[2026-05-02T15:07:54.716+0000] {logging_mixin.py:188} INFO - [2026-05-02T15:07:54.715+0000] {dagbag.py:545} INFO - Filling up the DagBag from /opt/airflow/dags/finsight_etl_dag.py
[2026-05-02T15:07:54.754+0000] {processor.py:840} INFO - DAG(s) 'finsight_etl' retrieved from /opt/airflow/dags/finsight_etl_dag.py
[2026-05-02T15:07:54.824+0000] {logging_mixin.py:188} INFO - [2026-05-02T15:07:54.823+0000] {dag.py:3089} INFO - Sync 1 DAGs
[2026-05-02T15:07:54.873+0000] {logging_mixin.py:188} INFO - [2026-05-02T15:07:54.873+0000] {dag.py:3947} INFO - Setting next_dagrun for finsight_etl to 2026-05-01 00:00:00+00:00, run_after=2026-05-02 00:00:00+00:00
[2026-05-02T15:07:54.910+0000] {processor.py:183} INFO - Processing /opt/airflow/dags/finsight_etl_dag.py took 0.211 seconds
[2026-05-02T15:08:25.163+0000] {processor.py:161} INFO - Started process (PID=363) to work on /opt/airflow/dags/finsight_etl_dag.py
[2026-05-02T15:08:25.165+0000] {processor.py:830} INFO - Processing file /opt/airflow/dags/finsight_etl_dag.py for tasks to queue
[2026-05-02T15:08:25.168+0000] {logging_mixin.py:188} INFO - [2026-05-02T15:08:25.168+0000] {dagbag.py:545} INFO - Filling up the DagBag from /opt/airflow/dags/finsight_etl_dag.py
[2026-05-02T15:08:25.220+0000] {processor.py:840} INFO - DAG(s) 'finsight_etl' retrieved from /opt/airflow/dags/finsight_etl_dag.py
[2026-05-02T15:08:25.273+0000] {logging_mixin.py:188} INFO - [2026-05-02T15:08:25.273+0000] {dag.py:3089} INFO - Sync 1 DAGs
[2026-05-02T15:08:25.311+0000] {logging_mixin.py:188} INFO - [2026-05-02T15:08:25.310+0000] {dag.py:3947} INFO - Setting next_dagrun for finsight_etl to 2026-05-01 00:00:00+00:00, run_after=2026-05-02 00:00:00+00:00
[2026-05-02T15:08:25.343+0000] {processor.py:183} INFO - Processing /opt/airflow/dags/finsight_etl_dag.py took 0.194 seconds
[2026-05-02T15:08:55.619+0000] {processor.py:161} INFO - Started process (PID=374) to work on /opt/airflow/dags/finsight_etl_dag.py
[2026-05-02T15:08:55.622+0000] {processor.py:830} INFO - Processing file /opt/airflow/dags/finsight_etl_dag.py for tasks to queue
[2026-05-02T15:08:55.626+0000] {logging_mixin.py:188} INFO - [2026-05-02T15:08:55.625+0000] {dagbag.py:545} INFO - Filling up the DagBag from /opt/airflow/dags/finsight_etl_dag.py
[2026-05-02T15:08:55.680+0000] {processor.py:840} INFO - DAG(s) 'finsight_etl' retrieved from /opt/airflow/dags/finsight_etl_dag.py
[2026-05-02T15:08:55.766+0000] {logging_mixin.py:188} INFO - [2026-05-02T15:08:55.766+0000] {dag.py:3089} INFO - Sync 1 DAGs
[2026-05-02T15:08:55.816+0000] {logging_mixin.py:188} INFO - [2026-05-02T15:08:55.816+0000] {dag.py:3947} INFO - Setting next_dagrun for finsight_etl to 2026-05-01 00:00:00+00:00, run_after=2026-05-02 00:00:00+00:00
[2026-05-02T15:08:55.869+0000] {processor.py:183} INFO - Processing /opt/airflow/dags/finsight_etl_dag.py took 0.271 seconds
[2026-05-02T15:09:26.127+0000] {processor.py:161} INFO - Started process (PID=379) to work on /opt/airflow/dags/finsight_etl_dag.py
[2026-05-02T15:09:26.129+0000] {processor.py:830} INFO - Processing file /opt/airflow/dags/finsight_etl_dag.py for tasks to queue
[2026-05-02T15:09:26.132+0000] {logging_mixin.py:188} INFO - [2026-05-02T15:09:26.131+0000] {dagbag.py:545} INFO - Filling up the DagBag from /opt/airflow/dags/finsight_etl_dag.py
[2026-05-02T15:09:26.173+0000] {processor.py:840} INFO - DAG(s) 'finsight_etl' retrieved from /opt/airflow/dags/finsight_etl_dag.py
[2026-05-02T15:09:26.241+0000] {logging_mixin.py:188} INFO - [2026-05-02T15:09:26.241+0000] {dag.py:3089} INFO - Sync 1 DAGs
[2026-05-02T15:09:26.288+0000] {logging_mixin.py:188} INFO - [2026-05-02T15:09:26.288+0000] {dag.py:3947} INFO - Setting next_dagrun for finsight_etl to 2026-05-01 00:00:00+00:00, run_after=2026-05-02 00:00:00+00:00
[2026-05-02T15:09:26.328+0000] {processor.py:183} INFO - Processing /opt/airflow/dags/finsight_etl_dag.py took 0.213 seconds
[2026-05-02T15:09:56.676+0000] {processor.py:161} INFO - Started process (PID=390) to work on /opt/airflow/dags/finsight_etl_dag.py
[2026-05-02T15:09:56.679+0000] {processor.py:830} INFO - Processing file /opt/airflow/dags/finsight_etl_dag.py for tasks to queue
[2026-05-02T15:09:56.683+0000] {logging_mixin.py:188} INFO - [2026-05-02T15:09:56.682+0000] {dagbag.py:545} INFO - Filling up the DagBag from /opt/airflow/dags/finsight_etl_dag.py
[2026-05-02T15:09:56.739+0000] {processor.py:840} INFO - DAG(s) 'finsight_etl' retrieved from /opt/airflow/dags/finsight_etl_dag.py
[2026-05-02T15:09:56.813+0000] {logging_mixin.py:188} INFO - [2026-05-02T15:09:56.813+0000] {dag.py:3089} INFO - Sync 1 DAGs
[2026-05-02T15:09:56.865+0000] {logging_mixin.py:188} INFO - [2026-05-02T15:09:56.864+0000] {dag.py:3947} INFO - Setting next_dagrun for finsight_etl to 2026-05-01 00:00:00+00:00, run_after=2026-05-02 00:00:00+00:00
[2026-05-02T15:09:56.908+0000] {processor.py:183} INFO - Processing /opt/airflow/dags/finsight_etl_dag.py took 0.246 seconds
[2026-05-02T15:10:27.172+0000] {processor.py:161} INFO - Started process (PID=401) to work on /opt/airflow/dags/finsight_etl_dag.py
[2026-05-02T15:10:27.174+0000] {processor.py:830} INFO - Processing file /opt/airflow/dags/finsight_etl_dag.py for tasks to queue
[2026-05-02T15:10:27.177+0000] {logging_mixin.py:188} INFO - [2026-05-02T15:10:27.176+0000] {dagbag.py:545} INFO - Filling up the DagBag from /opt/airflow/dags/finsight_etl_dag.py
[2026-05-02T15:10:27.228+0000] {processor.py:840} INFO - DAG(s) 'finsight_etl' retrieved from /opt/airflow/dags/finsight_etl_dag.py
[2026-05-02T15:10:27.305+0000] {logging_mixin.py:188} INFO - [2026-05-02T15:10:27.304+0000] {dag.py:3089} INFO - Sync 1 DAGs
[2026-05-02T15:10:27.363+0000] {logging_mixin.py:188} INFO - [2026-05-02T15:10:27.363+0000] {dag.py:3947} INFO - Setting next_dagrun for finsight_etl to 2026-05-01 00:00:00+00:00, run_after=2026-05-02 00:00:00+00:00
[2026-05-02T15:10:27.405+0000] {processor.py:183} INFO - Processing /opt/airflow/dags/finsight_etl_dag.py took 0.246 seconds
[2026-05-02T15:10:57.736+0000] {processor.py:161} INFO - Started process (PID=412) to work on /opt/airflow/dags/finsight_etl_dag.py
[2026-05-02T15:10:57.738+0000] {processor.py:830} INFO - Processing file /opt/airflow/dags/finsight_etl_dag.py for tasks to queue
[2026-05-02T15:10:57.742+0000] {logging_mixin.py:188} INFO - [2026-05-02T15:10:57.741+0000] {dagbag.py:545} INFO - Filling up the DagBag from /opt/airflow/dags/finsight_etl_dag.py
[2026-05-02T15:10:57.788+0000] {processor.py:840} INFO - DAG(s) 'finsight_etl' retrieved from /opt/airflow/dags/finsight_etl_dag.py
[2026-05-02T15:10:57.860+0000] {logging_mixin.py:188} INFO - [2026-05-02T15:10:57.860+0000] {dag.py:3089} INFO - Sync 1 DAGs
[2026-05-02T15:10:57.921+0000] {logging_mixin.py:188} INFO - [2026-05-02T15:10:57.921+0000] {dag.py:3947} INFO - Setting next_dagrun for finsight_etl to 2026-05-01 00:00:00+00:00, run_after=2026-05-02 00:00:00+00:00
[2026-05-02T15:10:57.967+0000] {processor.py:183} INFO - Processing /opt/airflow/dags/finsight_etl_dag.py took 0.246 seconds
[2026-05-02T15:11:28.239+0000] {processor.py:161} INFO - Started process (PID=424) to work on /opt/airflow/dags/finsight_etl_dag.py
[2026-05-02T15:11:28.241+0000] {processor.py:830} INFO - Processing file /opt/airflow/dags/finsight_etl_dag.py for tasks to queue
[2026-05-02T15:11:28.244+0000] {logging_mixin.py:188} INFO - [2026-05-02T15:11:28.243+0000] {dagbag.py:545} INFO - Filling up the DagBag from /opt/airflow/dags/finsight_etl_dag.py
[2026-05-02T15:11:28.286+0000] {processor.py:840} INFO - DAG(s) 'finsight_etl' retrieved from /opt/airflow/dags/finsight_etl_dag.py
[2026-05-02T15:11:28.356+0000] {logging_mixin.py:188} INFO - [2026-05-02T15:11:28.355+0000] {dag.py:3089} INFO - Sync 1 DAGs
[2026-05-02T15:11:28.408+0000] {logging_mixin.py:188} INFO - [2026-05-02T15:11:28.407+0000] {dag.py:3947} INFO - Setting next_dagrun for finsight_etl to 2026-05-01 00:00:00+00:00, run_after=2026-05-02 00:00:00+00:00
[2026-05-02T15:11:28.450+0000] {processor.py:183} INFO - Processing /opt/airflow/dags/finsight_etl_dag.py took 0.225 seconds
[2026-05-02T15:11:58.746+0000] {processor.py:161} INFO - Started process (PID=435) to work on /opt/airflow/dags/finsight_etl_dag.py
[2026-05-02T15:11:58.748+0000] {processor.py:830} INFO - Processing file /opt/airflow/dags/finsight_etl_dag.py for tasks to queue
[2026-05-02T15:11:58.752+0000] {logging_mixin.py:188} INFO - [2026-05-02T15:11:58.751+0000] {dagbag.py:545} INFO - Filling up the DagBag from /opt/airflow/dags/finsight_etl_dag.py
[2026-05-02T15:11:58.801+0000] {processor.py:840} INFO - DAG(s) 'finsight_etl' retrieved from /opt/airflow/dags/finsight_etl_dag.py
[2026-05-02T15:11:58.872+0000] {logging_mixin.py:188} INFO - [2026-05-02T15:11:58.872+0000] {dag.py:3089} INFO - Sync 1 DAGs
[2026-05-02T15:11:58.920+0000] {logging_mixin.py:188} INFO - [2026-05-02T15:11:58.920+0000] {dag.py:3947} INFO - Setting next_dagrun for finsight_etl to 2026-05-01 00:00:00+00:00, run_after=2026-05-02 00:00:00+00:00
[2026-05-02T15:11:58.970+0000] {processor.py:183} INFO - Processing /opt/airflow/dags/finsight_etl_dag.py took 0.240 seconds
[2026-05-02T15:12:29.250+0000] {processor.py:161} INFO - Started process (PID=446) to work on /opt/airflow/dags/finsight_etl_dag.py
[2026-05-02T15:12:29.253+0000] {processor.py:830} INFO - Processing file /opt/airflow/dags/finsight_etl_dag.py for tasks to queue
[2026-05-02T15:12:29.258+0000] {logging_mixin.py:188} INFO - [2026-05-02T15:12:29.256+0000] {dagbag.py:545} INFO - Filling up the DagBag from /opt/airflow/dags/finsight_etl_dag.py
[2026-05-02T15:12:29.305+0000] {processor.py:840} INFO - DAG(s) 'finsight_etl' retrieved from /opt/airflow/dags/finsight_etl_dag.py
[2026-05-02T15:12:29.365+0000] {logging_mixin.py:188} INFO - [2026-05-02T15:12:29.365+0000] {dag.py:3089} INFO - Sync 1 DAGs
[2026-05-02T15:12:29.415+0000] {logging_mixin.py:188} INFO - [2026-05-02T15:12:29.415+0000] {dag.py:3947} INFO - Setting next_dagrun for finsight_etl to 2026-05-01 00:00:00+00:00, run_after=2026-05-02 00:00:00+00:00
[2026-05-02T15:12:29.455+0000] {processor.py:183} INFO - Processing /opt/airflow/dags/finsight_etl_dag.py took 0.223 seconds
[2026-05-02T15:12:59.740+0000] {processor.py:161} INFO - Started process (PID=458) to work on /opt/airflow/dags/finsight_etl_dag.py
[2026-05-02T15:12:59.743+0000] {processor.py:830} INFO - Processing file /opt/airflow/dags/finsight_etl_dag.py for tasks to queue
[2026-05-02T15:12:59.747+0000] {logging_mixin.py:188} INFO - [2026-05-02T15:12:59.747+0000] {dagbag.py:545} INFO - Filling up the DagBag from /opt/airflow/dags/finsight_etl_dag.py
[2026-05-02T15:12:59.800+0000] {processor.py:840} INFO - DAG(s) 'finsight_etl' retrieved from /opt/airflow/dags/finsight_etl_dag.py
[2026-05-02T15:12:59.877+0000] {logging_mixin.py:188} INFO - [2026-05-02T15:12:59.876+0000] {dag.py:3089} INFO - Sync 1 DAGs
[2026-05-02T15:12:59.930+0000] {logging_mixin.py:188} INFO - [2026-05-02T15:12:59.929+0000] {dag.py:3947} INFO - Setting next_dagrun for finsight_etl to 2026-05-01 00:00:00+00:00, run_after=2026-05-02 00:00:00+00:00
[2026-05-02T15:12:59.974+0000] {processor.py:183} INFO - Processing /opt/airflow/dags/finsight_etl_dag.py took 0.251 seconds
[2026-05-02T15:13:30.257+0000] {processor.py:161} INFO - Started process (PID=463) to work on /opt/airflow/dags/finsight_etl_dag.py
[2026-05-02T15:13:30.259+0000] {processor.py:830} INFO - Processing file /opt/airflow/dags/finsight_etl_dag.py for tasks to queue
[2026-05-02T15:13:30.264+0000] {logging_mixin.py:188} INFO - [2026-05-02T15:13:30.262+0000] {dagbag.py:545} INFO - Filling up the DagBag from /opt/airflow/dags/finsight_etl_dag.py
[2026-05-02T15:13:30.314+0000] {processor.py:840} INFO - DAG(s) 'finsight_etl' retrieved from /opt/airflow/dags/finsight_etl_dag.py
[2026-05-02T15:13:30.391+0000] {logging_mixin.py:188} INFO - [2026-05-02T15:13:30.391+0000] {dag.py:3089} INFO - Sync 1 DAGs
[2026-05-02T15:13:30.445+0000] {logging_mixin.py:188} INFO - [2026-05-02T15:13:30.444+0000] {dag.py:3947} INFO - Setting next_dagrun for finsight_etl to 2026-05-01 00:00:00+00:00, run_after=2026-05-02 00:00:00+00:00
[2026-05-02T15:13:30.482+0000] {processor.py:183} INFO - Processing /opt/airflow/dags/finsight_etl_dag.py took 0.238 seconds
[2026-05-02T15:13:57.746+0000] {processor.py:161} INFO - Started process (PID=474) to work on /opt/airflow/dags/finsight_etl_dag.py
[2026-05-02T15:13:57.748+0000] {processor.py:830} INFO - Processing file /opt/airflow/dags/finsight_etl_dag.py for tasks to queue
[2026-05-02T15:13:57.751+0000] {logging_mixin.py:188} INFO - [2026-05-02T15:13:57.751+0000] {dagbag.py:545} INFO - Filling up the DagBag from /opt/airflow/dags/finsight_etl_dag.py
[2026-05-02T15:13:57.811+0000] {processor.py:840} INFO - DAG(s) 'finsight_etl' retrieved from /opt/airflow/dags/finsight_etl_dag.py
[2026-05-02T15:13:57.883+0000] {logging_mixin.py:188} INFO - [2026-05-02T15:13:57.882+0000] {dag.py:3089} INFO - Sync 1 DAGs
[2026-05-02T15:13:57.936+0000] {logging_mixin.py:188} INFO - [2026-05-02T15:13:57.935+0000] {dag.py:3947} INFO - Setting next_dagrun for finsight_etl to 2026-05-01 00:00:00+00:00, run_after=2026-05-02 00:00:00+00:00
[2026-05-02T15:13:57.983+0000] {processor.py:183} INFO - Processing /opt/airflow/dags/finsight_etl_dag.py took 0.249 seconds
[2026-05-02T15:14:28.275+0000] {processor.py:161} INFO - Started process (PID=485) to work on /opt/airflow/dags/finsight_etl_dag.py
[2026-05-02T15:14:28.277+0000] {processor.py:830} INFO - Processing file /opt/airflow/dags/finsight_etl_dag.py for tasks to queue
[2026-05-02T15:14:28.281+0000] {logging_mixin.py:188} INFO - [2026-05-02T15:14:28.279+0000] {dagbag.py:545} INFO - Filling up the DagBag from /opt/airflow/dags/finsight_etl_dag.py
[2026-05-02T15:14:28.328+0000] {processor.py:840} INFO - DAG(s) 'finsight_etl' retrieved from /opt/airflow/dags/finsight_etl_dag.py
[2026-05-02T15:14:28.401+0000] {logging_mixin.py:188} INFO - [2026-05-02T15:14:28.401+0000] {dag.py:3089} INFO - Sync 1 DAGs
[2026-05-02T15:14:28.455+0000] {logging_mixin.py:188} INFO - [2026-05-02T15:14:28.454+0000] {dag.py:3947} INFO - Setting next_dagrun for finsight_etl to 2026-05-01 00:00:00+00:00, run_after=2026-05-02 00:00:00+00:00
[2026-05-02T15:14:28.491+0000] {processor.py:183} INFO - Processing /opt/airflow/dags/finsight_etl_dag.py took 0.235 seconds
[2026-05-02T15:14:58.832+0000] {processor.py:161} INFO - Started process (PID=496) to work on /opt/airflow/dags/finsight_etl_dag.py
[2026-05-02T15:14:58.834+0000] {processor.py:830} INFO - Processing file /opt/airflow/dags/finsight_etl_dag.py for tasks to queue
[2026-05-02T15:14:58.838+0000] {logging_mixin.py:188} INFO - [2026-05-02T15:14:58.837+0000] {dagbag.py:545} INFO - Filling up the DagBag from /opt/airflow/dags/finsight_etl_dag.py
[2026-05-02T15:14:58.887+0000] {processor.py:840} INFO - DAG(s) 'finsight_etl' retrieved from /opt/airflow/dags/finsight_etl_dag.py
[2026-05-02T15:14:58.951+0000] {logging_mixin.py:188} INFO - [2026-05-02T15:14:58.951+0000] {dag.py:3089} INFO - Sync 1 DAGs
[2026-05-02T15:14:59.004+0000] {logging_mixin.py:188} INFO - [2026-05-02T15:14:59.004+0000] {dag.py:3947} INFO - Setting next_dagrun for finsight_etl to 2026-05-01 00:00:00+00:00, run_after=2026-05-02 00:00:00+00:00
[2026-05-02T15:14:59.053+0000] {processor.py:183} INFO - Processing /opt/airflow/dags/finsight_etl_dag.py took 0.235 seconds
[2026-05-02T15:15:29.328+0000] {processor.py:161} INFO - Started process (PID=507) to work on /opt/airflow/dags/finsight_etl_dag.py
[2026-05-02T15:15:29.330+0000] {processor.py:830} INFO - Processing file /opt/airflow/dags/finsight_etl_dag.py for tasks to queue
[2026-05-02T15:15:29.334+0000] {logging_mixin.py:188} INFO - [2026-05-02T15:15:29.333+0000] {dagbag.py:545} INFO - Filling up the DagBag from /opt/airflow/dags/finsight_etl_dag.py
[2026-05-02T15:15:29.389+0000] {processor.py:840} INFO - DAG(s) 'finsight_etl' retrieved from /opt/airflow/dags/finsight_etl_dag.py
[2026-05-02T15:15:29.464+0000] {logging_mixin.py:188} INFO - [2026-05-02T15:15:29.463+0000] {dag.py:3089} INFO - Sync 1 DAGs
[2026-05-02T15:15:29.515+0000] {logging_mixin.py:188} INFO - [2026-05-02T15:15:29.515+0000] {dag.py:3947} INFO - Setting next_dagrun for finsight_etl to 2026-05-01 00:00:00+00:00, run_after=2026-05-02 00:00:00+00:00
[2026-05-02T15:15:29.561+0000] {processor.py:183} INFO - Processing /opt/airflow/dags/finsight_etl_dag.py took 0.247 seconds
[2026-05-02T15:15:59.829+0000] {processor.py:161} INFO - Started process (PID=518) to work on /opt/airflow/dags/finsight_etl_dag.py
[2026-05-02T15:15:59.831+0000] {processor.py:830} INFO - Processing file /opt/airflow/dags/finsight_etl_dag.py for tasks to queue
[2026-05-02T15:15:59.834+0000] {logging_mixin.py:188} INFO - [2026-05-02T15:15:59.833+0000] {dagbag.py:545} INFO - Filling up the DagBag from /opt/airflow/dags/finsight_etl_dag.py
[2026-05-02T15:15:59.877+0000] {processor.py:840} INFO - DAG(s) 'finsight_etl' retrieved from /opt/airflow/dags/finsight_etl_dag.py
[2026-05-02T15:15:59.953+0000] {logging_mixin.py:188} INFO - [2026-05-02T15:15:59.953+0000] {dag.py:3089} INFO - Sync 1 DAGs
[2026-05-02T15:16:00.003+0000] {logging_mixin.py:188} INFO - [2026-05-02T15:16:00.003+0000] {dag.py:3947} INFO - Setting next_dagrun for finsight_etl to 2026-05-01 00:00:00+00:00, run_after=2026-05-02 00:00:00+00:00
[2026-05-02T15:16:00.047+0000] {processor.py:183} INFO - Processing /opt/airflow/dags/finsight_etl_dag.py took 0.231 seconds
[2026-05-02T15:16:30.318+0000] {processor.py:161} INFO - Started process (PID=529) to work on /opt/airflow/dags/finsight_etl_dag.py
[2026-05-02T15:16:30.320+0000] {processor.py:830} INFO - Processing file /opt/airflow/dags/finsight_etl_dag.py for tasks to queue
[2026-05-02T15:16:30.323+0000] {logging_mixin.py:188} INFO - [2026-05-02T15:16:30.322+0000] {dagbag.py:545} INFO - Filling up the DagBag from /opt/airflow/dags/finsight_etl_dag.py
[2026-05-02T15:16:30.363+0000] {processor.py:840} INFO - DAG(s) 'finsight_etl' retrieved from /opt/airflow/dags/finsight_etl_dag.py
[2026-05-02T15:16:30.430+0000] {logging_mixin.py:188} INFO - [2026-05-02T15:16:30.430+0000] {dag.py:3089} INFO - Sync 1 DAGs
[2026-05-02T15:16:30.485+0000] {logging_mixin.py:188} INFO - [2026-05-02T15:16:30.484+0000] {dag.py:3947} INFO - Setting next_dagrun for finsight_etl to 2026-05-01 00:00:00+00:00, run_after=2026-05-02 00:00:00+00:00
[2026-05-02T15:16:30.527+0000] {processor.py:183} INFO - Processing /opt/airflow/dags/finsight_etl_dag.py took 0.221 seconds
[2026-05-02T15:17:00.821+0000] {processor.py:161} INFO - Started process (PID=540) to work on /opt/airflow/dags/finsight_etl_dag.py
[2026-05-02T15:17:00.825+0000] {processor.py:830} INFO - Processing file /opt/airflow/dags/finsight_etl_dag.py for tasks to queue
[2026-05-02T15:17:00.828+0000] {logging_mixin.py:188} INFO - [2026-05-02T15:17:00.828+0000] {dagbag.py:545} INFO - Filling up the DagBag from /opt/airflow/dags/finsight_etl_dag.py
[2026-05-02T15:17:00.879+0000] {processor.py:840} INFO - DAG(s) 'finsight_etl' retrieved from /opt/airflow/dags/finsight_etl_dag.py
[2026-05-02T15:17:00.963+0000] {logging_mixin.py:188} INFO - [2026-05-02T15:17:00.963+0000] {dag.py:3089} INFO - Sync 1 DAGs
[2026-05-02T15:17:01.015+0000] {logging_mixin.py:188} INFO - [2026-05-02T15:17:01.015+0000] {dag.py:3947} INFO - Setting next_dagrun for finsight_etl to 2026-05-01 00:00:00+00:00, run_after=2026-05-02 00:00:00+00:00
[2026-05-02T15:17:01.051+0000] {processor.py:183} INFO - Processing /opt/airflow/dags/finsight_etl_dag.py took 0.252 seconds
[2026-05-02T15:17:31.347+0000] {processor.py:161} INFO - Started process (PID=545) to work on /opt/airflow/dags/finsight_etl_dag.py
[2026-05-02T15:17:31.349+0000] {processor.py:830} INFO - Processing file /opt/airflow/dags/finsight_etl_dag.py for tasks to queue
[2026-05-02T15:17:31.354+0000] {logging_mixin.py:188} INFO - [2026-05-02T15:17:31.353+0000] {dagbag.py:545} INFO - Filling up the DagBag from /opt/airflow/dags/finsight_etl_dag.py
[2026-05-02T15:17:31.402+0000] {processor.py:840} INFO - DAG(s) 'finsight_etl' retrieved from /opt/airflow/dags/finsight_etl_dag.py
[2026-05-02T15:17:31.469+0000] {logging_mixin.py:188} INFO - [2026-05-02T15:17:31.469+0000] {dag.py:3089} INFO - Sync 1 DAGs
[2026-05-02T15:17:31.516+0000] {logging_mixin.py:188} INFO - [2026-05-02T15:17:31.516+0000] {dag.py:3947} INFO - Setting next_dagrun for finsight_etl to 2026-05-01 00:00:00+00:00, run_after=2026-05-02 00:00:00+00:00
[2026-05-02T15:17:31.564+0000] {processor.py:183} INFO - Processing /opt/airflow/dags/finsight_etl_dag.py took 0.231 seconds
[2026-05-02T15:18:01.854+0000] {processor.py:161} INFO - Started process (PID=556) to work on /opt/airflow/dags/finsight_etl_dag.py
[2026-05-02T15:18:01.856+0000] {processor.py:830} INFO - Processing file /opt/airflow/dags/finsight_etl_dag.py for tasks to queue
[2026-05-02T15:18:01.860+0000] {logging_mixin.py:188} INFO - [2026-05-02T15:18:01.859+0000] {dagbag.py:545} INFO - Filling up the DagBag from /opt/airflow/dags/finsight_etl_dag.py
[2026-05-02T15:18:01.911+0000] {processor.py:840} INFO - DAG(s) 'finsight_etl' retrieved from /opt/airflow/dags/finsight_etl_dag.py
[2026-05-02T15:18:01.986+0000] {logging_mixin.py:188} INFO - [2026-05-02T15:18:01.986+0000] {dag.py:3089} INFO - Sync 1 DAGs
[2026-05-02T15:18:02.034+0000] {logging_mixin.py:188} INFO - [2026-05-02T15:18:02.033+0000] {dag.py:3947} INFO - Setting next_dagrun for finsight_etl to 2026-05-01 00:00:00+00:00, run_after=2026-05-02 00:00:00+00:00
[2026-05-02T15:18:02.070+0000] {processor.py:183} INFO - Processing /opt/airflow/dags/finsight_etl_dag.py took 0.231 seconds
[2026-05-02T15:18:32.375+0000] {processor.py:161} INFO - Started process (PID=567) to work on /opt/airflow/dags/finsight_etl_dag.py
[2026-05-02T15:18:32.378+0000] {processor.py:830} INFO - Processing file /opt/airflow/dags/finsight_etl_dag.py for tasks to queue
[2026-05-02T15:18:32.383+0000] {logging_mixin.py:188} INFO - [2026-05-02T15:18:32.382+0000] {dagbag.py:545} INFO - Filling up the DagBag from /opt/airflow/dags/finsight_etl_dag.py
[2026-05-02T15:18:32.429+0000] {processor.py:840} INFO - DAG(s) 'finsight_etl' retrieved from /opt/airflow/dags/finsight_etl_dag.py
[2026-05-02T15:18:32.518+0000] {logging_mixin.py:188} INFO - [2026-05-02T15:18:32.518+0000] {dag.py:3089} INFO - Sync 1 DAGs
[2026-05-02T15:18:32.566+0000] {logging_mixin.py:188} INFO - [2026-05-02T15:18:32.566+0000] {dag.py:3947} INFO - Setting next_dagrun for finsight_etl to 2026-05-01 00:00:00+00:00, run_after=2026-05-02 00:00:00+00:00
[2026-05-02T15:18:32.599+0000] {processor.py:183} INFO - Processing /opt/airflow/dags/finsight_etl_dag.py took 0.234 seconds
[2026-05-02T15:19:02.878+0000] {processor.py:161} INFO - Started process (PID=578) to work on /opt/airflow/dags/finsight_etl_dag.py
[2026-05-02T15:19:02.879+0000] {processor.py:830} INFO - Processing file /opt/airflow/dags/finsight_etl_dag.py for tasks to queue
[2026-05-02T15:19:02.883+0000] {logging_mixin.py:188} INFO - [2026-05-02T15:19:02.882+0000] {dagbag.py:545} INFO - Filling up the DagBag from /opt/airflow/dags/finsight_etl_dag.py
[2026-05-02T15:19:02.940+0000] {processor.py:840} INFO - DAG(s) 'finsight_etl' retrieved from /opt/airflow/dags/finsight_etl_dag.py
[2026-05-02T15:19:03.021+0000] {logging_mixin.py:188} INFO - [2026-05-02T15:19:03.021+0000] {dag.py:3089} INFO - Sync 1 DAGs
[2026-05-02T15:19:03.071+0000] {logging_mixin.py:188} INFO - [2026-05-02T15:19:03.070+0000] {dag.py:3947} INFO - Setting next_dagrun for finsight_etl to 2026-05-01 00:00:00+00:00, run_after=2026-05-02 00:00:00+00:00
[2026-05-02T15:19:03.108+0000] {processor.py:183} INFO - Processing /opt/airflow/dags/finsight_etl_dag.py took 0.243 seconds
[2026-05-02T15:19:33.370+0000] {processor.py:161} INFO - Started process (PID=589) to work on /opt/airflow/dags/finsight_etl_dag.py
[2026-05-02T15:19:33.372+0000] {processor.py:830} INFO - Processing file /opt/airflow/dags/finsight_etl_dag.py for tasks to queue
[2026-05-02T15:19:33.375+0000] {logging_mixin.py:188} INFO - [2026-05-02T15:19:33.374+0000] {dagbag.py:545} INFO - Filling up the DagBag from /opt/airflow/dags/finsight_etl_dag.py
[2026-05-02T15:19:33.420+0000] {processor.py:840} INFO - DAG(s) 'finsight_etl' retrieved from /opt/airflow/dags/finsight_etl_dag.py
[2026-05-02T15:19:33.511+0000] {logging_mixin.py:188} INFO - [2026-05-02T15:19:33.510+0000] {dag.py:3089} INFO - Sync 1 DAGs
[2026-05-02T15:19:33.567+0000] {logging_mixin.py:188} INFO - [2026-05-02T15:19:33.567+0000] {dag.py:3947} INFO - Setting next_dagrun for finsight_etl to 2026-05-01 00:00:00+00:00, run_after=2026-05-02 00:00:00+00:00
[2026-05-02T15:19:33.605+0000] {processor.py:183} INFO - Processing /opt/airflow/dags/finsight_etl_dag.py took 0.247 seconds
[2026-05-02T15:20:03.995+0000] {processor.py:161} INFO - Started process (PID=600) to work on /opt/airflow/dags/finsight_etl_dag.py
[2026-05-02T15:20:03.996+0000] {processor.py:830} INFO - Processing file /opt/airflow/dags/finsight_etl_dag.py for tasks to queue
[2026-05-02T15:20:04.000+0000] {logging_mixin.py:188} INFO - [2026-05-02T15:20:03.999+0000] {dagbag.py:545} INFO - Filling up the DagBag from /opt/airflow/dags/finsight_etl_dag.py
[2026-05-02T15:20:04.038+0000] {processor.py:840} INFO - DAG(s) 'finsight_etl' retrieved from /opt/airflow/dags/finsight_etl_dag.py
[2026-05-02T15:20:04.106+0000] {logging_mixin.py:188} INFO - [2026-05-02T15:20:04.104+0000] {dag.py:3089} INFO - Sync 1 DAGs
[2026-05-02T15:20:04.165+0000] {logging_mixin.py:188} INFO - [2026-05-02T15:20:04.165+0000] {dag.py:3947} INFO - Setting next_dagrun for finsight_etl to 2026-05-01 00:00:00+00:00, run_after=2026-05-02 00:00:00+00:00
[2026-05-02T15:20:04.222+0000] {processor.py:183} INFO - Processing /opt/airflow/dags/finsight_etl_dag.py took 0.241 seconds
[2026-05-02T15:20:34.503+0000] {processor.py:161} INFO - Started process (PID=611) to work on /opt/airflow/dags/finsight_etl_dag.py
[2026-05-02T15:20:34.505+0000] {processor.py:830} INFO - Processing file /opt/airflow/dags/finsight_etl_dag.py for tasks to queue
[2026-05-02T15:20:34.508+0000] {logging_mixin.py:188} INFO - [2026-05-02T15:20:34.507+0000] {dagbag.py:545} INFO - Filling up the DagBag from /opt/airflow/dags/finsight_etl_dag.py
[2026-05-02T15:20:34.557+0000] {processor.py:840} INFO - DAG(s) 'finsight_etl' retrieved from /opt/airflow/dags/finsight_etl_dag.py
[2026-05-02T15:20:34.623+0000] {logging_mixin.py:188} INFO - [2026-05-02T15:20:34.623+0000] {dag.py:3089} INFO - Sync 1 DAGs
[2026-05-02T15:20:34.665+0000] {logging_mixin.py:188} INFO - [2026-05-02T15:20:34.665+0000] {dag.py:3947} INFO - Setting next_dagrun for finsight_etl to 2026-05-01 00:00:00+00:00, run_after=2026-05-02 00:00:00+00:00
[2026-05-02T15:20:34.696+0000] {processor.py:183} INFO - Processing /opt/airflow/dags/finsight_etl_dag.py took 0.207 seconds
[2026-05-02T15:21:05.013+0000] {processor.py:161} INFO - Started process (PID=622) to work on /opt/airflow/dags/finsight_etl_dag.py
[2026-05-02T15:21:05.016+0000] {processor.py:830} INFO - Processing file /opt/airflow/dags/finsight_etl_dag.py for tasks to queue
[2026-05-02T15:21:05.020+0000] {logging_mixin.py:188} INFO - [2026-05-02T15:21:05.019+0000] {dagbag.py:545} INFO - Filling up the DagBag from /opt/airflow/dags/finsight_etl_dag.py
[2026-05-02T15:21:05.077+0000] {processor.py:840} INFO - DAG(s) 'finsight_etl' retrieved from /opt/airflow/dags/finsight_etl_dag.py
[2026-05-02T15:21:05.152+0000] {logging_mixin.py:188} INFO - [2026-05-02T15:21:05.152+0000] {dag.py:3089} INFO - Sync 1 DAGs
[2026-05-02T15:21:05.209+0000] {logging_mixin.py:188} INFO - [2026-05-02T15:21:05.209+0000] {dag.py:3947} INFO - Setting next_dagrun for finsight_etl to 2026-05-01 00:00:00+00:00, run_after=2026-05-02 00:00:00+00:00
[2026-05-02T15:21:05.245+0000] {processor.py:183} INFO - Processing /opt/airflow/dags/finsight_etl_dag.py took 0.248 seconds
[2026-05-02T15:21:35.513+0000] {processor.py:161} INFO - Started process (PID=627) to work on /opt/airflow/dags/finsight_etl_dag.py
[2026-05-02T15:21:35.516+0000] {processor.py:830} INFO - Processing file /opt/airflow/dags/finsight_etl_dag.py for tasks to queue
[2026-05-02T15:21:35.519+0000] {logging_mixin.py:188} INFO - [2026-05-02T15:21:35.518+0000] {dagbag.py:545} INFO - Filling up the DagBag from /opt/airflow/dags/finsight_etl_dag.py
[2026-05-02T15:21:35.577+0000] {processor.py:840} INFO - DAG(s) 'finsight_etl' retrieved from /opt/airflow/dags/finsight_etl_dag.py
[2026-05-02T15:21:35.722+0000] {logging_mixin.py:188} INFO - [2026-05-02T15:21:35.722+0000] {dag.py:3089} INFO - Sync 1 DAGs
[2026-05-02T15:21:35.770+0000] {logging_mixin.py:188} INFO - [2026-05-02T15:21:35.770+0000] {dag.py:3947} INFO - Setting next_dagrun for finsight_etl to 2026-05-01 00:00:00+00:00, run_after=2026-05-02 00:00:00+00:00
[2026-05-02T15:21:35.810+0000] {processor.py:183} INFO - Processing /opt/airflow/dags/finsight_etl_dag.py took 0.311 seconds
[2026-05-02T15:22:06.128+0000] {processor.py:161} INFO - Started process (PID=639) to work on /opt/airflow/dags/finsight_etl_dag.py
[2026-05-02T15:22:06.130+0000] {processor.py:830} INFO - Processing file /opt/airflow/dags/finsight_etl_dag.py for tasks to queue
[2026-05-02T15:22:06.133+0000] {logging_mixin.py:188} INFO - [2026-05-02T15:22:06.132+0000] {dagbag.py:545} INFO - Filling up the DagBag from /opt/airflow/dags/finsight_etl_dag.py
[2026-05-02T15:22:06.178+0000] {processor.py:840} INFO - DAG(s) 'finsight_etl' retrieved from /opt/airflow/dags/finsight_etl_dag.py
[2026-05-02T15:22:06.245+0000] {logging_mixin.py:188} INFO - [2026-05-02T15:22:06.244+0000] {dag.py:3089} INFO - Sync 1 DAGs
[2026-05-02T15:22:06.288+0000] {logging_mixin.py:188} INFO - [2026-05-02T15:22:06.288+0000] {dag.py:3947} INFO - Setting next_dagrun for finsight_etl to 2026-05-01 00:00:00+00:00, run_after=2026-05-02 00:00:00+00:00
[2026-05-02T15:22:06.326+0000] {processor.py:183} INFO - Processing /opt/airflow/dags/finsight_etl_dag.py took 0.209 seconds
[2026-05-02T15:22:36.618+0000] {processor.py:161} INFO - Started process (PID=650) to work on /opt/airflow/dags/finsight_etl_dag.py
[2026-05-02T15:22:36.620+0000] {processor.py:830} INFO - Processing file /opt/airflow/dags/finsight_etl_dag.py for tasks to queue
[2026-05-02T15:22:36.623+0000] {logging_mixin.py:188} INFO - [2026-05-02T15:22:36.622+0000] {dagbag.py:545} INFO - Filling up the DagBag from /opt/airflow/dags/finsight_etl_dag.py
[2026-05-02T15:22:36.664+0000] {processor.py:840} INFO - DAG(s) 'finsight_etl' retrieved from /opt/airflow/dags/finsight_etl_dag.py
[2026-05-02T15:22:36.728+0000] {logging_mixin.py:188} INFO - [2026-05-02T15:22:36.728+0000] {dag.py:3089} INFO - Sync 1 DAGs
[2026-05-02T15:22:36.774+0000] {logging_mixin.py:188} INFO - [2026-05-02T15:22:36.774+0000] {dag.py:3947} INFO - Setting next_dagrun for finsight_etl to 2026-05-01 00:00:00+00:00, run_after=2026-05-02 00:00:00+00:00
[2026-05-02T15:22:36.812+0000] {processor.py:183} INFO - Processing /opt/airflow/dags/finsight_etl_dag.py took 0.208 seconds
[2026-05-02T15:23:07.061+0000] {processor.py:161} INFO - Started process (PID=661) to work on /opt/airflow/dags/finsight_etl_dag.py
[2026-05-02T15:23:07.063+0000] {processor.py:830} INFO - Processing file /opt/airflow/dags/finsight_etl_dag.py for tasks to queue
[2026-05-02T15:23:07.066+0000] {logging_mixin.py:188} INFO - [2026-05-02T15:23:07.066+0000] {dagbag.py:545} INFO - Filling up the DagBag from /opt/airflow/dags/finsight_etl_dag.py
[2026-05-02T15:23:07.107+0000] {processor.py:840} INFO - DAG(s) 'finsight_etl' retrieved from /opt/airflow/dags/finsight_etl_dag.py
[2026-05-02T15:23:07.178+0000] {logging_mixin.py:188} INFO - [2026-05-02T15:23:07.178+0000] {dag.py:3089} INFO - Sync 1 DAGs
[2026-05-02T15:23:07.229+0000] {logging_mixin.py:188} INFO - [2026-05-02T15:23:07.229+0000] {dag.py:3947} INFO - Setting next_dagrun for finsight_etl to 2026-05-01 00:00:00+00:00, run_after=2026-05-02 00:00:00+00:00
[2026-05-02T15:23:07.268+0000] {processor.py:183} INFO - Processing /opt/airflow/dags/finsight_etl_dag.py took 0.219 seconds
[2026-05-02T15:23:37.632+0000] {processor.py:161} INFO - Started process (PID=672) to work on /opt/airflow/dags/finsight_etl_dag.py
[2026-05-02T15:23:37.633+0000] {processor.py:830} INFO - Processing file /opt/airflow/dags/finsight_etl_dag.py for tasks to queue
[2026-05-02T15:23:37.637+0000] {logging_mixin.py:188} INFO - [2026-05-02T15:23:37.636+0000] {dagbag.py:545} INFO - Filling up the DagBag from /opt/airflow/dags/finsight_etl_dag.py
[2026-05-02T15:23:37.696+0000] {processor.py:840} INFO - DAG(s) 'finsight_etl' retrieved from /opt/airflow/dags/finsight_etl_dag.py
[2026-05-02T15:23:37.778+0000] {logging_mixin.py:188} INFO - [2026-05-02T15:23:37.778+0000] {dag.py:3089} INFO - Sync 1 DAGs
[2026-05-02T15:23:37.835+0000] {logging_mixin.py:188} INFO - [2026-05-02T15:23:37.835+0000] {dag.py:3947} INFO - Setting next_dagrun for finsight_etl to 2026-05-01 00:00:00+00:00, run_after=2026-05-02 00:00:00+00:00
[2026-05-02T15:23:37.878+0000] {processor.py:183} INFO - Processing /opt/airflow/dags/finsight_etl_dag.py took 0.259 seconds
[2026-05-02T15:24:08.184+0000] {processor.py:161} INFO - Started process (PID=683) to work on /opt/airflow/dags/finsight_etl_dag.py
[2026-05-02T15:24:08.186+0000] {processor.py:830} INFO - Processing file /opt/airflow/dags/finsight_etl_dag.py for tasks to queue
[2026-05-02T15:24:08.189+0000] {logging_mixin.py:188} INFO - [2026-05-02T15:24:08.189+0000] {dagbag.py:545} INFO - Filling up the DagBag from /opt/airflow/dags/finsight_etl_dag.py
[2026-05-02T15:24:08.229+0000] {processor.py:840} INFO - DAG(s) 'finsight_etl' retrieved from /opt/airflow/dags/finsight_etl_dag.py
[2026-05-02T15:24:08.294+0000] {logging_mixin.py:188} INFO - [2026-05-02T15:24:08.294+0000] {dag.py:3089} INFO - Sync 1 DAGs
[2026-05-02T15:24:08.342+0000] {logging_mixin.py:188} INFO - [2026-05-02T15:24:08.341+0000] {dag.py:3947} INFO - Setting next_dagrun for finsight_etl to 2026-05-01 00:00:00+00:00, run_after=2026-05-02 00:00:00+00:00
[2026-05-02T15:24:08.385+0000] {processor.py:183} INFO - Processing /opt/airflow/dags/finsight_etl_dag.py took 0.214 seconds
[2026-05-02T15:24:38.646+0000] {processor.py:161} INFO - Started process (PID=694) to work on /opt/airflow/dags/finsight_etl_dag.py
[2026-05-02T15:24:38.647+0000] {processor.py:830} INFO - Processing file /opt/airflow/dags/finsight_etl_dag.py for tasks to queue
[2026-05-02T15:24:38.651+0000] {logging_mixin.py:188} INFO - [2026-05-02T15:24:38.650+0000] {dagbag.py:545} INFO - Filling up the DagBag from /opt/airflow/dags/finsight_etl_dag.py
[2026-05-02T15:24:38.695+0000] {processor.py:840} INFO - DAG(s) 'finsight_etl' retrieved from /opt/airflow/dags/finsight_etl_dag.py
[2026-05-02T15:24:38.757+0000] {logging_mixin.py:188} INFO - [2026-05-02T15:24:38.757+0000] {dag.py:3089} INFO - Sync 1 DAGs
[2026-05-02T15:24:38.812+0000] {logging_mixin.py:188} INFO - [2026-05-02T15:24:38.812+0000] {dag.py:3947} INFO - Setting next_dagrun for finsight_etl to 2026-05-01 00:00:00+00:00, run_after=2026-05-02 00:00:00+00:00
[2026-05-02T15:24:38.851+0000] {processor.py:183} INFO - Processing /opt/airflow/dags/finsight_etl_dag.py took 0.221 seconds
[2026-05-02T15:25:09.158+0000] {processor.py:161} INFO - Started process (PID=705) to work on /opt/airflow/dags/finsight_etl_dag.py
[2026-05-02T15:25:09.160+0000] {processor.py:830} INFO - Processing file /opt/airflow/dags/finsight_etl_dag.py for tasks to queue
[2026-05-02T15:25:09.164+0000] {logging_mixin.py:188} INFO - [2026-05-02T15:25:09.163+0000] {dagbag.py:545} INFO - Filling up the DagBag from /opt/airflow/dags/finsight_etl_dag.py
[2026-05-02T15:25:09.206+0000] {processor.py:840} INFO - DAG(s) 'finsight_etl' retrieved from /opt/airflow/dags/finsight_etl_dag.py
[2026-05-02T15:25:09.287+0000] {logging_mixin.py:188} INFO - [2026-05-02T15:25:09.287+0000] {dag.py:3089} INFO - Sync 1 DAGs
[2026-05-02T15:25:09.339+0000] {logging_mixin.py:188} INFO - [2026-05-02T15:25:09.339+0000] {dag.py:3947} INFO - Setting next_dagrun for finsight_etl to 2026-05-01 00:00:00+00:00, run_after=2026-05-02 00:00:00+00:00
[2026-05-02T15:25:09.379+0000] {processor.py:183} INFO - Processing /opt/airflow/dags/finsight_etl_dag.py took 0.232 seconds
[2026-05-02T15:25:39.697+0000] {processor.py:161} INFO - Started process (PID=716) to work on /opt/airflow/dags/finsight_etl_dag.py
[2026-05-02T15:25:39.700+0000] {processor.py:830} INFO - Processing file /opt/airflow/dags/finsight_etl_dag.py for tasks to queue
[2026-05-02T15:25:39.707+0000] {logging_mixin.py:188} INFO - [2026-05-02T15:25:39.706+0000] {dagbag.py:545} INFO - Filling up the DagBag from /opt/airflow/dags/finsight_etl_dag.py
[2026-05-02T15:25:39.764+0000] {processor.py:840} INFO - DAG(s) 'finsight_etl' retrieved from /opt/airflow/dags/finsight_etl_dag.py
[2026-05-02T15:25:39.843+0000] {logging_mixin.py:188} INFO - [2026-05-02T15:25:39.843+0000] {dag.py:3089} INFO - Sync 1 DAGs
[2026-05-02T15:25:39.897+0000] {logging_mixin.py:188} INFO - [2026-05-02T15:25:39.897+0000] {dag.py:3947} INFO - Setting next_dagrun for finsight_etl to 2026-05-01 00:00:00+00:00, run_after=2026-05-02 00:00:00+00:00
[2026-05-02T15:25:39.938+0000] {processor.py:183} INFO - Processing /opt/airflow/dags/finsight_etl_dag.py took 0.271 seconds
[2026-05-02T15:26:10.239+0000] {processor.py:161} INFO - Started process (PID=721) to work on /opt/airflow/dags/finsight_etl_dag.py
[2026-05-02T15:26:10.240+0000] {processor.py:830} INFO - Processing file /opt/airflow/dags/finsight_etl_dag.py for tasks to queue
[2026-05-02T15:26:10.244+0000] {logging_mixin.py:188} INFO - [2026-05-02T15:26:10.243+0000] {dagbag.py:545} INFO - Filling up the DagBag from /opt/airflow/dags/finsight_etl_dag.py
[2026-05-02T15:26:10.287+0000] {processor.py:840} INFO - DAG(s) 'finsight_etl' retrieved from /opt/airflow/dags/finsight_etl_dag.py
[2026-05-02T15:26:10.354+0000] {logging_mixin.py:188} INFO - [2026-05-02T15:26:10.354+0000] {dag.py:3089} INFO - Sync 1 DAGs
[2026-05-02T15:26:10.405+0000] {logging_mixin.py:188} INFO - [2026-05-02T15:26:10.404+0000] {dag.py:3947} INFO - Setting next_dagrun for finsight_etl to 2026-05-01 00:00:00+00:00, run_after=2026-05-02 00:00:00+00:00
[2026-05-02T15:26:10.445+0000] {processor.py:183} INFO - Processing /opt/airflow/dags/finsight_etl_dag.py took 0.219 seconds
[2026-05-02T15:26:40.745+0000] {processor.py:161} INFO - Started process (PID=733) to work on /opt/airflow/dags/finsight_etl_dag.py
[2026-05-02T15:26:40.747+0000] {processor.py:830} INFO - Processing file /opt/airflow/dags/finsight_etl_dag.py for tasks to queue
[2026-05-02T15:26:40.750+0000] {logging_mixin.py:188} INFO - [2026-05-02T15:26:40.749+0000] {dagbag.py:545} INFO - Filling up the DagBag from /opt/airflow/dags/finsight_etl_dag.py
[2026-05-02T15:26:40.801+0000] {processor.py:840} INFO - DAG(s) 'finsight_etl' retrieved from /opt/airflow/dags/finsight_etl_dag.py
[2026-05-02T15:26:40.878+0000] {logging_mixin.py:188} INFO - [2026-05-02T15:26:40.877+0000] {dag.py:3089} INFO - Sync 1 DAGs
[2026-05-02T15:26:40.932+0000] {logging_mixin.py:188} INFO - [2026-05-02T15:26:40.932+0000] {dag.py:3947} INFO - Setting next_dagrun for finsight_etl to 2026-05-01 00:00:00+00:00, run_after=2026-05-02 00:00:00+00:00
[2026-05-02T15:26:40.980+0000] {processor.py:183} INFO - Processing /opt/airflow/dags/finsight_etl_dag.py took 0.249 seconds
[2026-05-02T15:27:11.261+0000] {processor.py:161} INFO - Started process (PID=744) to work on /opt/airflow/dags/finsight_etl_dag.py
[2026-05-02T15:27:11.263+0000] {processor.py:830} INFO - Processing file /opt/airflow/dags/finsight_etl_dag.py for tasks to queue
[2026-05-02T15:27:11.266+0000] {logging_mixin.py:188} INFO - [2026-05-02T15:27:11.265+0000] {dagbag.py:545} INFO - Filling up the DagBag from /opt/airflow/dags/finsight_etl_dag.py
[2026-05-02T15:27:11.359+0000] {processor.py:840} INFO - DAG(s) 'finsight_etl' retrieved from /opt/airflow/dags/finsight_etl_dag.py
[2026-05-02T15:27:11.437+0000] {logging_mixin.py:188} INFO - [2026-05-02T15:27:11.437+0000] {dag.py:3089} INFO - Sync 1 DAGs
[2026-05-02T15:27:11.494+0000] {logging_mixin.py:188} INFO - [2026-05-02T15:27:11.494+0000] {dag.py:3947} INFO - Setting next_dagrun for finsight_etl to 2026-05-01 00:00:00+00:00, run_after=2026-05-02 00:00:00+00:00
[2026-05-02T15:27:11.530+0000] {processor.py:183} INFO - Processing /opt/airflow/dags/finsight_etl_dag.py took 0.282 seconds
[2026-05-02T15:27:41.797+0000] {processor.py:161} INFO - Started process (PID=756) to work on /opt/airflow/dags/finsight_etl_dag.py
[2026-05-02T15:27:41.799+0000] {processor.py:830} INFO - Processing file /opt/airflow/dags/finsight_etl_dag.py for tasks to queue
[2026-05-02T15:27:41.802+0000] {logging_mixin.py:188} INFO - [2026-05-02T15:27:41.801+0000] {dagbag.py:545} INFO - Filling up the DagBag from /opt/airflow/dags/finsight_etl_dag.py
[2026-05-02T15:27:41.850+0000] {processor.py:840} INFO - DAG(s) 'finsight_etl' retrieved from /opt/airflow/dags/finsight_etl_dag.py
[2026-05-02T15:27:41.926+0000] {logging_mixin.py:188} INFO - [2026-05-02T15:27:41.925+0000] {dag.py:3089} INFO - Sync 1 DAGs
[2026-05-02T15:27:41.983+0000] {logging_mixin.py:188} INFO - [2026-05-02T15:27:41.983+0000] {dag.py:3947} INFO - Setting next_dagrun for finsight_etl to 2026-05-01 00:00:00+00:00, run_after=2026-05-02 00:00:00+00:00
[2026-05-02T15:27:42.023+0000] {processor.py:183} INFO - Processing /opt/airflow/dags/finsight_etl_dag.py took 0.239 seconds
[2026-05-02T15:28:12.302+0000] {processor.py:161} INFO - Started process (PID=767) to work on /opt/airflow/dags/finsight_etl_dag.py
[2026-05-02T15:28:12.304+0000] {processor.py:830} INFO - Processing file /opt/airflow/dags/finsight_etl_dag.py for tasks to queue
[2026-05-02T15:28:12.307+0000] {logging_mixin.py:188} INFO - [2026-05-02T15:28:12.307+0000] {dagbag.py:545} INFO - Filling up the DagBag from /opt/airflow/dags/finsight_etl_dag.py
[2026-05-02T15:28:12.357+0000] {processor.py:840} INFO - DAG(s) 'finsight_etl' retrieved from /opt/airflow/dags/finsight_etl_dag.py
[2026-05-02T15:28:12.431+0000] {logging_mixin.py:188} INFO - [2026-05-02T15:28:12.431+0000] {dag.py:3089} INFO - Sync 1 DAGs
[2026-05-02T15:28:12.482+0000] {logging_mixin.py:188} INFO - [2026-05-02T15:28:12.481+0000] {dag.py:3947} INFO - Setting next_dagrun for finsight_etl to 2026-05-01 00:00:00+00:00, run_after=2026-05-02 00:00:00+00:00
[2026-05-02T15:28:12.526+0000] {processor.py:183} INFO - Processing /opt/airflow/dags/finsight_etl_dag.py took 0.237 seconds
[2026-05-02T15:28:42.625+0000] {processor.py:161} INFO - Started process (PID=778) to work on /opt/airflow/dags/finsight_etl_dag.py
[2026-05-02T15:28:42.627+0000] {processor.py:830} INFO - Processing file /opt/airflow/dags/finsight_etl_dag.py for tasks to queue
[2026-05-02T15:28:42.630+0000] {logging_mixin.py:188} INFO - [2026-05-02T15:28:42.630+0000] {dagbag.py:545} INFO - Filling up the DagBag from /opt/airflow/dags/finsight_etl_dag.py
[2026-05-02T15:28:42.673+0000] {processor.py:840} INFO - DAG(s) 'finsight_etl' retrieved from /opt/airflow/dags/finsight_etl_dag.py
[2026-05-02T15:28:42.761+0000] {logging_mixin.py:188} INFO - [2026-05-02T15:28:42.761+0000] {dag.py:3089} INFO - Sync 1 DAGs
[2026-05-02T15:28:42.827+0000] {logging_mixin.py:188} INFO - [2026-05-02T15:28:42.827+0000] {dag.py:3947} INFO - Setting next_dagrun for finsight_etl to 2026-05-01 00:00:00+00:00, run_after=2026-05-02 00:00:00+00:00
[2026-05-02T15:28:43.014+0000] {processor.py:183} INFO - Processing /opt/airflow/dags/finsight_etl_dag.py took 0.401 seconds
[2026-05-02T15:29:13.331+0000] {processor.py:161} INFO - Started process (PID=789) to work on /opt/airflow/dags/finsight_etl_dag.py
[2026-05-02T15:29:13.334+0000] {processor.py:830} INFO - Processing file /opt/airflow/dags/finsight_etl_dag.py for tasks to queue
[2026-05-02T15:29:13.337+0000] {logging_mixin.py:188} INFO - [2026-05-02T15:29:13.337+0000] {dagbag.py:545} INFO - Filling up the DagBag from /opt/airflow/dags/finsight_etl_dag.py
[2026-05-02T15:29:13.384+0000] {processor.py:840} INFO - DAG(s) 'finsight_etl' retrieved from /opt/airflow/dags/finsight_etl_dag.py
[2026-05-02T15:29:13.453+0000] {logging_mixin.py:188} INFO - [2026-05-02T15:29:13.453+0000] {dag.py:3089} INFO - Sync 1 DAGs
[2026-05-02T15:29:13.504+0000] {logging_mixin.py:188} INFO - [2026-05-02T15:29:13.503+0000] {dag.py:3947} INFO - Setting next_dagrun for finsight_etl to 2026-05-01 00:00:00+00:00, run_after=2026-05-02 00:00:00+00:00
[2026-05-02T15:29:13.615+0000] {processor.py:183} INFO - Processing /opt/airflow/dags/finsight_etl_dag.py took 0.297 seconds
[2026-05-02T15:29:43.920+0000] {processor.py:161} INFO - Started process (PID=800) to work on /opt/airflow/dags/finsight_etl_dag.py
[2026-05-02T15:29:43.923+0000] {processor.py:830} INFO - Processing file /opt/airflow/dags/finsight_etl_dag.py for tasks to queue
[2026-05-02T15:29:43.928+0000] {logging_mixin.py:188} INFO - [2026-05-02T15:29:43.927+0000] {dagbag.py:545} INFO - Filling up the DagBag from /opt/airflow/dags/finsight_etl_dag.py
[2026-05-02T15:29:43.976+0000] {processor.py:840} INFO - DAG(s) 'finsight_etl' retrieved from /opt/airflow/dags/finsight_etl_dag.py
[2026-05-02T15:29:44.037+0000] {logging_mixin.py:188} INFO - [2026-05-02T15:29:44.037+0000] {dag.py:3089} INFO - Sync 1 DAGs
[2026-05-02T15:29:44.086+0000] {logging_mixin.py:188} INFO - [2026-05-02T15:29:44.086+0000] {dag.py:3947} INFO - Setting next_dagrun for finsight_etl to 2026-05-01 00:00:00+00:00, run_after=2026-05-02 00:00:00+00:00
[2026-05-02T15:29:44.130+0000] {processor.py:183} INFO - Processing /opt/airflow/dags/finsight_etl_dag.py took 0.224 seconds
[2026-05-02T15:30:14.457+0000] {processor.py:161} INFO - Started process (PID=811) to work on /opt/airflow/dags/finsight_etl_dag.py
[2026-05-02T15:30:14.460+0000] {processor.py:830} INFO - Processing file /opt/airflow/dags/finsight_etl_dag.py for tasks to queue
[2026-05-02T15:30:14.465+0000] {logging_mixin.py:188} INFO - [2026-05-02T15:30:14.464+0000] {dagbag.py:545} INFO - Filling up the DagBag from /opt/airflow/dags/finsight_etl_dag.py
[2026-05-02T15:30:14.519+0000] {processor.py:840} INFO - DAG(s) 'finsight_etl' retrieved from /opt/airflow/dags/finsight_etl_dag.py
[2026-05-02T15:30:14.593+0000] {logging_mixin.py:188} INFO - [2026-05-02T15:30:14.592+0000] {dag.py:3089} INFO - Sync 1 DAGs
[2026-05-02T15:30:14.644+0000] {logging_mixin.py:188} INFO - [2026-05-02T15:30:14.643+0000] {dag.py:3947} INFO - Setting next_dagrun for finsight_etl to 2026-05-01 00:00:00+00:00, run_after=2026-05-02 00:00:00+00:00
[2026-05-02T15:30:14.681+0000] {processor.py:183} INFO - Processing /opt/airflow/dags/finsight_etl_dag.py took 0.243 seconds
[2026-05-02T15:30:44.959+0000] {processor.py:161} INFO - Started process (PID=816) to work on /opt/airflow/dags/finsight_etl_dag.py
[2026-05-02T15:30:44.961+0000] {processor.py:830} INFO - Processing file /opt/airflow/dags/finsight_etl_dag.py for tasks to queue
[2026-05-02T15:30:44.965+0000] {logging_mixin.py:188} INFO - [2026-05-02T15:30:44.964+0000] {dagbag.py:545} INFO - Filling up the DagBag from /opt/airflow/dags/finsight_etl_dag.py
[2026-05-02T15:30:45.017+0000] {processor.py:840} INFO - DAG(s) 'finsight_etl' retrieved from /opt/airflow/dags/finsight_etl_dag.py
[2026-05-02T15:30:45.086+0000] {logging_mixin.py:188} INFO - [2026-05-02T15:30:45.085+0000] {dag.py:3089} INFO - Sync 1 DAGs
[2026-05-02T15:30:45.136+0000] {logging_mixin.py:188} INFO - [2026-05-02T15:30:45.135+0000] {dag.py:3947} INFO - Setting next_dagrun for finsight_etl to 2026-05-01 00:00:00+00:00, run_after=2026-05-02 00:00:00+00:00
[2026-05-02T15:30:45.173+0000] {processor.py:183} INFO - Processing /opt/airflow/dags/finsight_etl_dag.py took 0.227 seconds
[2026-05-02T15:31:15.449+0000] {processor.py:161} INFO - Started process (PID=828) to work on /opt/airflow/dags/finsight_etl_dag.py
[2026-05-02T15:31:15.451+0000] {processor.py:830} INFO - Processing file /opt/airflow/dags/finsight_etl_dag.py for tasks to queue
[2026-05-02T15:31:15.454+0000] {logging_mixin.py:188} INFO - [2026-05-02T15:31:15.453+0000] {dagbag.py:545} INFO - Filling up the DagBag from /opt/airflow/dags/finsight_etl_dag.py
[2026-05-02T15:31:15.495+0000] {processor.py:840} INFO - DAG(s) 'finsight_etl' retrieved from /opt/airflow/dags/finsight_etl_dag.py
[2026-05-02T15:31:15.565+0000] {logging_mixin.py:188} INFO - [2026-05-02T15:31:15.565+0000] {dag.py:3089} INFO - Sync 1 DAGs
[2026-05-02T15:31:15.614+0000] {logging_mixin.py:188} INFO - [2026-05-02T15:31:15.613+0000] {dag.py:3947} INFO - Setting next_dagrun for finsight_etl to 2026-05-01 00:00:00+00:00, run_after=2026-05-02 00:00:00+00:00
[2026-05-02T15:31:15.654+0000] {processor.py:183} INFO - Processing /opt/airflow/dags/finsight_etl_dag.py took 0.216 seconds
[2026-05-02T15:31:45.943+0000] {processor.py:161} INFO - Started process (PID=839) to work on /opt/airflow/dags/finsight_etl_dag.py
[2026-05-02T15:31:45.945+0000] {processor.py:830} INFO - Processing file /opt/airflow/dags/finsight_etl_dag.py for tasks to queue
[2026-05-02T15:31:45.948+0000] {logging_mixin.py:188} INFO - [2026-05-02T15:31:45.947+0000] {dagbag.py:545} INFO - Filling up the DagBag from /opt/airflow/dags/finsight_etl_dag.py
[2026-05-02T15:31:45.999+0000] {processor.py:840} INFO - DAG(s) 'finsight_etl' retrieved from /opt/airflow/dags/finsight_etl_dag.py
[2026-05-02T15:31:46.074+0000] {logging_mixin.py:188} INFO - [2026-05-02T15:31:46.073+0000] {dag.py:3089} INFO - Sync 1 DAGs
[2026-05-02T15:31:46.127+0000] {logging_mixin.py:188} INFO - [2026-05-02T15:31:46.126+0000] {dag.py:3947} INFO - Setting next_dagrun for finsight_etl to 2026-05-01 00:00:00+00:00, run_after=2026-05-02 00:00:00+00:00
[2026-05-02T15:31:46.173+0000] {processor.py:183} INFO - Processing /opt/airflow/dags/finsight_etl_dag.py took 0.250 seconds
[2026-05-02T15:32:16.445+0000] {processor.py:161} INFO - Started process (PID=851) to work on /opt/airflow/dags/finsight_etl_dag.py
[2026-05-02T15:32:16.447+0000] {processor.py:830} INFO - Processing file /opt/airflow/dags/finsight_etl_dag.py for tasks to queue
[2026-05-02T15:32:16.450+0000] {logging_mixin.py:188} INFO - [2026-05-02T15:32:16.450+0000] {dagbag.py:545} INFO - Filling up the DagBag from /opt/airflow/dags/finsight_etl_dag.py
[2026-05-02T15:32:16.492+0000] {processor.py:840} INFO - DAG(s) 'finsight_etl' retrieved from /opt/airflow/dags/finsight_etl_dag.py
[2026-05-02T15:32:16.568+0000] {logging_mixin.py:188} INFO - [2026-05-02T15:32:16.567+0000] {dag.py:3089} INFO - Sync 1 DAGs
[2026-05-02T15:32:16.617+0000] {logging_mixin.py:188} INFO - [2026-05-02T15:32:16.617+0000] {dag.py:3947} INFO - Setting next_dagrun for finsight_etl to 2026-05-01 00:00:00+00:00, run_after=2026-05-02 00:00:00+00:00
[2026-05-02T15:32:16.663+0000] {processor.py:183} INFO - Processing /opt/airflow/dags/finsight_etl_dag.py took 0.229 seconds
[2026-05-02T15:32:46.932+0000] {processor.py:161} INFO - Started process (PID=863) to work on /opt/airflow/dags/finsight_etl_dag.py
[2026-05-02T15:32:46.934+0000] {processor.py:830} INFO - Processing file /opt/airflow/dags/finsight_etl_dag.py for tasks to queue
[2026-05-02T15:32:46.937+0000] {logging_mixin.py:188} INFO - [2026-05-02T15:32:46.936+0000] {dagbag.py:545} INFO - Filling up the DagBag from /opt/airflow/dags/finsight_etl_dag.py
[2026-05-02T15:32:46.978+0000] {processor.py:840} INFO - DAG(s) 'finsight_etl' retrieved from /opt/airflow/dags/finsight_etl_dag.py
[2026-05-02T15:32:47.045+0000] {logging_mixin.py:188} INFO - [2026-05-02T15:32:47.045+0000] {dag.py:3089} INFO - Sync 1 DAGs
[2026-05-02T15:32:47.105+0000] {logging_mixin.py:188} INFO - [2026-05-02T15:32:47.104+0000] {dag.py:3947} INFO - Setting next_dagrun for finsight_etl to 2026-05-01 00:00:00+00:00, run_after=2026-05-02 00:00:00+00:00
[2026-05-02T15:32:47.144+0000] {processor.py:183} INFO - Processing /opt/airflow/dags/finsight_etl_dag.py took 0.225 seconds
[2026-05-02T15:33:17.426+0000] {processor.py:161} INFO - Started process (PID=874) to work on /opt/airflow/dags/finsight_etl_dag.py
[2026-05-02T15:33:17.428+0000] {processor.py:830} INFO - Processing file /opt/airflow/dags/finsight_etl_dag.py for tasks to queue
[2026-05-02T15:33:17.431+0000] {logging_mixin.py:188} INFO - [2026-05-02T15:33:17.430+0000] {dagbag.py:545} INFO - Filling up the DagBag from /opt/airflow/dags/finsight_etl_dag.py
[2026-05-02T15:33:17.479+0000] {processor.py:840} INFO - DAG(s) 'finsight_etl' retrieved from /opt/airflow/dags/finsight_etl_dag.py
[2026-05-02T15:33:17.553+0000] {logging_mixin.py:188} INFO - [2026-05-02T15:33:17.552+0000] {dag.py:3089} INFO - Sync 1 DAGs
[2026-05-02T15:33:17.606+0000] {logging_mixin.py:188} INFO - [2026-05-02T15:33:17.606+0000] {dag.py:3947} INFO - Setting next_dagrun for finsight_etl to 2026-05-01 00:00:00+00:00, run_after=2026-05-02 00:00:00+00:00
[2026-05-02T15:33:17.646+0000] {processor.py:183} INFO - Processing /opt/airflow/dags/finsight_etl_dag.py took 0.233 seconds
[2026-05-02T15:33:47.932+0000] {processor.py:161} INFO - Started process (PID=885) to work on /opt/airflow/dags/finsight_etl_dag.py
[2026-05-02T15:33:47.935+0000] {processor.py:830} INFO - Processing file /opt/airflow/dags/finsight_etl_dag.py for tasks to queue
[2026-05-02T15:33:47.939+0000] {logging_mixin.py:188} INFO - [2026-05-02T15:33:47.938+0000] {dagbag.py:545} INFO - Filling up the DagBag from /opt/airflow/dags/finsight_etl_dag.py
[2026-05-02T15:33:48.000+0000] {processor.py:840} INFO - DAG(s) 'finsight_etl' retrieved from /opt/airflow/dags/finsight_etl_dag.py
[2026-05-02T15:33:48.080+0000] {logging_mixin.py:188} INFO - [2026-05-02T15:33:48.079+0000] {dag.py:3089} INFO - Sync 1 DAGs
[2026-05-02T15:33:48.141+0000] {logging_mixin.py:188} INFO - [2026-05-02T15:33:48.141+0000] {dag.py:3947} INFO - Setting next_dagrun for finsight_etl to 2026-05-01 00:00:00+00:00, run_after=2026-05-02 00:00:00+00:00
[2026-05-02T15:33:48.190+0000] {processor.py:183} INFO - Processing /opt/airflow/dags/finsight_etl_dag.py took 0.273 seconds
[2026-05-02T15:34:18.538+0000] {processor.py:161} INFO - Started process (PID=896) to work on /opt/airflow/dags/finsight_etl_dag.py
[2026-05-02T15:34:18.545+0000] {processor.py:830} INFO - Processing file /opt/airflow/dags/finsight_etl_dag.py for tasks to queue
[2026-05-02T15:34:18.554+0000] {logging_mixin.py:188} INFO - [2026-05-02T15:34:18.553+0000] {dagbag.py:545} INFO - Filling up the DagBag from /opt/airflow/dags/finsight_etl_dag.py
[2026-05-02T15:34:18.651+0000] {processor.py:840} INFO - DAG(s) 'finsight_etl' retrieved from /opt/airflow/dags/finsight_etl_dag.py
[2026-05-02T15:34:18.723+0000] {logging_mixin.py:188} INFO - [2026-05-02T15:34:18.723+0000] {dag.py:3089} INFO - Sync 1 DAGs
[2026-05-02T15:34:18.771+0000] {logging_mixin.py:188} INFO - [2026-05-02T15:34:18.770+0000] {dag.py:3947} INFO - Setting next_dagrun for finsight_etl to 2026-05-01 00:00:00+00:00, run_after=2026-05-02 00:00:00+00:00
[2026-05-02T15:34:18.810+0000] {processor.py:183} INFO - Processing /opt/airflow/dags/finsight_etl_dag.py took 0.285 seconds
[2026-05-02T15:34:49.094+0000] {processor.py:161} INFO - Started process (PID=907) to work on /opt/airflow/dags/finsight_etl_dag.py
[2026-05-02T15:34:49.096+0000] {processor.py:830} INFO - Processing file /opt/airflow/dags/finsight_etl_dag.py for tasks to queue
[2026-05-02T15:34:49.101+0000] {logging_mixin.py:188} INFO - [2026-05-02T15:34:49.100+0000] {dagbag.py:545} INFO - Filling up the DagBag from /opt/airflow/dags/finsight_etl_dag.py
[2026-05-02T15:34:49.156+0000] {processor.py:840} INFO - DAG(s) 'finsight_etl' retrieved from /opt/airflow/dags/finsight_etl_dag.py
[2026-05-02T15:34:49.232+0000] {logging_mixin.py:188} INFO - [2026-05-02T15:34:49.231+0000] {dag.py:3089} INFO - Sync 1 DAGs
[2026-05-02T15:34:49.293+0000] {logging_mixin.py:188} INFO - [2026-05-02T15:34:49.293+0000] {dag.py:3947} INFO - Setting next_dagrun for finsight_etl to 2026-05-01 00:00:00+00:00, run_after=2026-05-02 00:00:00+00:00
[2026-05-02T15:34:49.332+0000] {processor.py:183} INFO - Processing /opt/airflow/dags/finsight_etl_dag.py took 0.257 seconds
[2026-05-02T15:35:19.600+0000] {processor.py:161} INFO - Started process (PID=912) to work on /opt/airflow/dags/finsight_etl_dag.py
[2026-05-02T15:35:19.602+0000] {processor.py:830} INFO - Processing file /opt/airflow/dags/finsight_etl_dag.py for tasks to queue
[2026-05-02T15:35:19.605+0000] {logging_mixin.py:188} INFO - [2026-05-02T15:35:19.604+0000] {dagbag.py:545} INFO - Filling up the DagBag from /opt/airflow/dags/finsight_etl_dag.py
[2026-05-02T15:35:19.654+0000] {processor.py:840} INFO - DAG(s) 'finsight_etl' retrieved from /opt/airflow/dags/finsight_etl_dag.py
[2026-05-02T15:35:19.732+0000] {logging_mixin.py:188} INFO - [2026-05-02T15:35:19.732+0000] {dag.py:3089} INFO - Sync 1 DAGs
[2026-05-02T15:35:19.784+0000] {logging_mixin.py:188} INFO - [2026-05-02T15:35:19.783+0000] {dag.py:3947} INFO - Setting next_dagrun for finsight_etl to 2026-05-01 00:00:00+00:00, run_after=2026-05-02 00:00:00+00:00
[2026-05-02T15:35:19.822+0000] {processor.py:183} INFO - Processing /opt/airflow/dags/finsight_etl_dag.py took 0.235 seconds
[2026-05-02T15:35:50.095+0000] {processor.py:161} INFO - Started process (PID=923) to work on /opt/airflow/dags/finsight_etl_dag.py
[2026-05-02T15:35:50.097+0000] {processor.py:830} INFO - Processing file /opt/airflow/dags/finsight_etl_dag.py for tasks to queue
[2026-05-02T15:35:50.101+0000] {logging_mixin.py:188} INFO - [2026-05-02T15:35:50.100+0000] {dagbag.py:545} INFO - Filling up the DagBag from /opt/airflow/dags/finsight_etl_dag.py
[2026-05-02T15:35:50.148+0000] {processor.py:840} INFO - DAG(s) 'finsight_etl' retrieved from /opt/airflow/dags/finsight_etl_dag.py
[2026-05-02T15:35:50.240+0000] {logging_mixin.py:188} INFO - [2026-05-02T15:35:50.239+0000] {dag.py:3089} INFO - Sync 1 DAGs
[2026-05-02T15:35:50.289+0000] {logging_mixin.py:188} INFO - [2026-05-02T15:35:50.288+0000] {dag.py:3947} INFO - Setting next_dagrun for finsight_etl to 2026-05-01 00:00:00+00:00, run_after=2026-05-02 00:00:00+00:00
[2026-05-02T15:35:50.329+0000] {processor.py:183} INFO - Processing /opt/airflow/dags/finsight_etl_dag.py took 0.248 seconds
[2026-05-02T15:36:20.601+0000] {processor.py:161} INFO - Started process (PID=934) to work on /opt/airflow/dags/finsight_etl_dag.py
[2026-05-02T15:36:20.605+0000] {processor.py:830} INFO - Processing file /opt/airflow/dags/finsight_etl_dag.py for tasks to queue
[2026-05-02T15:36:20.613+0000] {logging_mixin.py:188} INFO - [2026-05-02T15:36:20.609+0000] {dagbag.py:545} INFO - Filling up the DagBag from /opt/airflow/dags/finsight_etl_dag.py
[2026-05-02T15:36:20.664+0000] {processor.py:840} INFO - DAG(s) 'finsight_etl' retrieved from /opt/airflow/dags/finsight_etl_dag.py
[2026-05-02T15:36:20.752+0000] {logging_mixin.py:188} INFO - [2026-05-02T15:36:20.752+0000] {dag.py:3089} INFO - Sync 1 DAGs
[2026-05-02T15:36:20.804+0000] {logging_mixin.py:188} INFO - [2026-05-02T15:36:20.804+0000] {dag.py:3947} INFO - Setting next_dagrun for finsight_etl to 2026-05-01 00:00:00+00:00, run_after=2026-05-02 00:00:00+00:00
[2026-05-02T15:36:20.851+0000] {processor.py:183} INFO - Processing /opt/airflow/dags/finsight_etl_dag.py took 0.268 seconds
[2026-05-02T15:36:51.207+0000] {processor.py:161} INFO - Started process (PID=945) to work on /opt/airflow/dags/finsight_etl_dag.py
[2026-05-02T15:36:51.209+0000] {processor.py:830} INFO - Processing file /opt/airflow/dags/finsight_etl_dag.py for tasks to queue
[2026-05-02T15:36:51.211+0000] {logging_mixin.py:188} INFO - [2026-05-02T15:36:51.211+0000] {dagbag.py:545} INFO - Filling up the DagBag from /opt/airflow/dags/finsight_etl_dag.py
[2026-05-02T15:36:51.277+0000] {processor.py:840} INFO - DAG(s) 'finsight_etl' retrieved from /opt/airflow/dags/finsight_etl_dag.py
[2026-05-02T15:36:51.367+0000] {logging_mixin.py:188} INFO - [2026-05-02T15:36:51.366+0000] {dag.py:3089} INFO - Sync 1 DAGs
[2026-05-02T15:36:51.463+0000] {logging_mixin.py:188} INFO - [2026-05-02T15:36:51.462+0000] {dag.py:3947} INFO - Setting next_dagrun for finsight_etl to 2026-05-01 00:00:00+00:00, run_after=2026-05-02 00:00:00+00:00
[2026-05-02T15:36:51.509+0000] {processor.py:183} INFO - Processing /opt/airflow/dags/finsight_etl_dag.py took 0.316 seconds
[2026-05-02T15:38:20.291+0000] {processor.py:161} INFO - Started process (PID=187) to work on /opt/airflow/dags/finsight_etl_dag.py
[2026-05-02T15:38:20.299+0000] {processor.py:830} INFO - Processing file /opt/airflow/dags/finsight_etl_dag.py for tasks to queue
[2026-05-02T15:38:20.321+0000] {logging_mixin.py:188} INFO - [2026-05-02T15:38:20.316+0000] {dagbag.py:545} INFO - Filling up the DagBag from /opt/airflow/dags/finsight_etl_dag.py
[2026-05-02T15:38:20.560+0000] {processor.py:840} INFO - DAG(s) 'finsight_etl' retrieved from /opt/airflow/dags/finsight_etl_dag.py
[2026-05-02T15:38:21.544+0000] {logging_mixin.py:188} INFO - [2026-05-02T15:38:21.544+0000] {dag.py:3089} INFO - Sync 1 DAGs
[2026-05-02T15:38:21.609+0000] {logging_mixin.py:188} INFO - [2026-05-02T15:38:21.608+0000] {dag.py:3947} INFO - Setting next_dagrun for finsight_etl to 2026-05-01 00:00:00+00:00, run_after=2026-05-02 00:00:00+00:00
[2026-05-02T15:38:22.470+0000] {processor.py:183} INFO - Processing /opt/airflow/dags/finsight_etl_dag.py took 2.255 seconds
[2026-05-02T15:38:52.744+0000] {processor.py:161} INFO - Started process (PID=193) to work on /opt/airflow/dags/finsight_etl_dag.py
[2026-05-02T15:38:52.747+0000] {processor.py:830} INFO - Processing file /opt/airflow/dags/finsight_etl_dag.py for tasks to queue
[2026-05-02T15:38:52.753+0000] {logging_mixin.py:188} INFO - [2026-05-02T15:38:52.752+0000] {dagbag.py:545} INFO - Filling up the DagBag from /opt/airflow/dags/finsight_etl_dag.py
[2026-05-02T15:38:52.809+0000] {processor.py:840} INFO - DAG(s) 'finsight_etl' retrieved from /opt/airflow/dags/finsight_etl_dag.py
[2026-05-02T15:38:52.888+0000] {logging_mixin.py:188} INFO - [2026-05-02T15:38:52.887+0000] {dag.py:3089} INFO - Sync 1 DAGs
[2026-05-02T15:38:52.942+0000] {logging_mixin.py:188} INFO - [2026-05-02T15:38:52.941+0000] {dag.py:3947} INFO - Setting next_dagrun for finsight_etl to 2026-05-01 00:00:00+00:00, run_after=2026-05-02 00:00:00+00:00
[2026-05-02T15:38:52.986+0000] {processor.py:183} INFO - Processing /opt/airflow/dags/finsight_etl_dag.py took 0.263 seconds
[2026-05-02T15:39:23.370+0000] {processor.py:161} INFO - Started process (PID=204) to work on /opt/airflow/dags/finsight_etl_dag.py
[2026-05-02T15:39:23.374+0000] {processor.py:830} INFO - Processing file /opt/airflow/dags/finsight_etl_dag.py for tasks to queue
[2026-05-02T15:39:23.380+0000] {logging_mixin.py:188} INFO - [2026-05-02T15:39:23.379+0000] {dagbag.py:545} INFO - Filling up the DagBag from /opt/airflow/dags/finsight_etl_dag.py
[2026-05-02T15:39:23.442+0000] {processor.py:840} INFO - DAG(s) 'finsight_etl' retrieved from /opt/airflow/dags/finsight_etl_dag.py
[2026-05-02T15:39:23.529+0000] {logging_mixin.py:188} INFO - [2026-05-02T15:39:23.529+0000] {dag.py:3089} INFO - Sync 1 DAGs
[2026-05-02T15:39:23.582+0000] {logging_mixin.py:188} INFO - [2026-05-02T15:39:23.582+0000] {dag.py:3947} INFO - Setting next_dagrun for finsight_etl to 2026-05-01 00:00:00+00:00, run_after=2026-05-02 00:00:00+00:00
[2026-05-02T15:39:23.623+0000] {processor.py:183} INFO - Processing /opt/airflow/dags/finsight_etl_dag.py took 0.274 seconds
[2026-05-02T15:39:53.903+0000] {processor.py:161} INFO - Started process (PID=215) to work on /opt/airflow/dags/finsight_etl_dag.py
[2026-05-02T15:39:53.904+0000] {processor.py:830} INFO - Processing file /opt/airflow/dags/finsight_etl_dag.py for tasks to queue
[2026-05-02T15:39:53.908+0000] {logging_mixin.py:188} INFO - [2026-05-02T15:39:53.907+0000] {dagbag.py:545} INFO - Filling up the DagBag from /opt/airflow/dags/finsight_etl_dag.py
[2026-05-02T15:39:53.956+0000] {processor.py:840} INFO - DAG(s) 'finsight_etl' retrieved from /opt/airflow/dags/finsight_etl_dag.py
[2026-05-02T15:39:54.048+0000] {logging_mixin.py:188} INFO - [2026-05-02T15:39:54.048+0000] {dag.py:3089} INFO - Sync 1 DAGs
[2026-05-02T15:39:54.097+0000] {logging_mixin.py:188} INFO - [2026-05-02T15:39:54.097+0000] {dag.py:3947} INFO - Setting next_dagrun for finsight_etl to 2026-05-01 00:00:00+00:00, run_after=2026-05-02 00:00:00+00:00
[2026-05-02T15:39:54.199+0000] {processor.py:183} INFO - Processing /opt/airflow/dags/finsight_etl_dag.py took 0.309 seconds
[2026-05-02T15:40:24.477+0000] {processor.py:161} INFO - Started process (PID=226) to work on /opt/airflow/dags/finsight_etl_dag.py
[2026-05-02T15:40:24.480+0000] {processor.py:830} INFO - Processing file /opt/airflow/dags/finsight_etl_dag.py for tasks to queue
[2026-05-02T15:40:24.483+0000] {logging_mixin.py:188} INFO - [2026-05-02T15:40:24.483+0000] {dagbag.py:545} INFO - Filling up the DagBag from /opt/airflow/dags/finsight_etl_dag.py
[2026-05-02T15:40:24.524+0000] {processor.py:840} INFO - DAG(s) 'finsight_etl' retrieved from /opt/airflow/dags/finsight_etl_dag.py
[2026-05-02T15:40:24.591+0000] {logging_mixin.py:188} INFO - [2026-05-02T15:40:24.591+0000] {dag.py:3089} INFO - Sync 1 DAGs
[2026-05-02T15:40:24.640+0000] {logging_mixin.py:188} INFO - [2026-05-02T15:40:24.639+0000] {dag.py:3947} INFO - Setting next_dagrun for finsight_etl to 2026-05-01 00:00:00+00:00, run_after=2026-05-02 00:00:00+00:00
[2026-05-02T15:40:24.960+0000] {processor.py:183} INFO - Processing /opt/airflow/dags/finsight_etl_dag.py took 0.496 seconds
[2026-05-02T15:40:55.247+0000] {processor.py:161} INFO - Started process (PID=237) to work on /opt/airflow/dags/finsight_etl_dag.py
[2026-05-02T15:40:55.249+0000] {processor.py:830} INFO - Processing file /opt/airflow/dags/finsight_etl_dag.py for tasks to queue
[2026-05-02T15:40:55.254+0000] {logging_mixin.py:188} INFO - [2026-05-02T15:40:55.253+0000] {dagbag.py:545} INFO - Filling up the DagBag from /opt/airflow/dags/finsight_etl_dag.py
[2026-05-02T15:40:55.300+0000] {processor.py:840} INFO - DAG(s) 'finsight_etl' retrieved from /opt/airflow/dags/finsight_etl_dag.py
[2026-05-02T15:40:55.390+0000] {logging_mixin.py:188} INFO - [2026-05-02T15:40:55.390+0000] {dag.py:3089} INFO - Sync 1 DAGs
[2026-05-02T15:40:55.715+0000] {logging_mixin.py:188} INFO - [2026-05-02T15:40:55.714+0000] {dag.py:3947} INFO - Setting next_dagrun for finsight_etl to 2026-05-01 00:00:00+00:00, run_after=2026-05-02 00:00:00+00:00
[2026-05-02T15:40:55.755+0000] {processor.py:183} INFO - Processing /opt/airflow/dags/finsight_etl_dag.py took 0.520 seconds
[2026-05-02T15:41:26.000+0000] {processor.py:161} INFO - Started process (PID=249) to work on /opt/airflow/dags/finsight_etl_dag.py
[2026-05-02T15:41:26.002+0000] {processor.py:830} INFO - Processing file /opt/airflow/dags/finsight_etl_dag.py for tasks to queue
[2026-05-02T15:41:26.007+0000] {logging_mixin.py:188} INFO - [2026-05-02T15:41:26.006+0000] {dagbag.py:545} INFO - Filling up the DagBag from /opt/airflow/dags/finsight_etl_dag.py
[2026-05-02T15:41:26.065+0000] {processor.py:840} INFO - DAG(s) 'finsight_etl' retrieved from /opt/airflow/dags/finsight_etl_dag.py
[2026-05-02T15:41:26.510+0000] {logging_mixin.py:188} INFO - [2026-05-02T15:41:26.510+0000] {dag.py:3089} INFO - Sync 1 DAGs
[2026-05-02T15:41:26.579+0000] {logging_mixin.py:188} INFO - [2026-05-02T15:41:26.578+0000] {dag.py:3947} INFO - Setting next_dagrun for finsight_etl to 2026-05-01 00:00:00+00:00, run_after=2026-05-02 00:00:00+00:00
[2026-05-02T15:41:26.652+0000] {processor.py:183} INFO - Processing /opt/airflow/dags/finsight_etl_dag.py took 0.663 seconds
[2026-05-02T15:41:57.525+0000] {processor.py:161} INFO - Started process (PID=260) to work on /opt/airflow/dags/finsight_etl_dag.py
[2026-05-02T15:41:57.529+0000] {processor.py:830} INFO - Processing file /opt/airflow/dags/finsight_etl_dag.py for tasks to queue
[2026-05-02T15:41:57.537+0000] {logging_mixin.py:188} INFO - [2026-05-02T15:41:57.536+0000] {dagbag.py:545} INFO - Filling up the DagBag from /opt/airflow/dags/finsight_etl_dag.py
[2026-05-02T15:41:57.609+0000] {processor.py:840} INFO - DAG(s) 'finsight_etl' retrieved from /opt/airflow/dags/finsight_etl_dag.py
[2026-05-02T15:41:57.683+0000] {logging_mixin.py:188} INFO - [2026-05-02T15:41:57.682+0000] {dag.py:3089} INFO - Sync 1 DAGs
[2026-05-02T15:41:57.730+0000] {logging_mixin.py:188} INFO - [2026-05-02T15:41:57.729+0000] {dag.py:3947} INFO - Setting next_dagrun for finsight_etl to 2026-05-01 00:00:00+00:00, run_after=2026-05-02 00:00:00+00:00
[2026-05-02T15:41:57.768+0000] {processor.py:183} INFO - Processing /opt/airflow/dags/finsight_etl_dag.py took 0.264 seconds
[2026-05-02T15:42:49.263+0000] {processor.py:161} INFO - Started process (PID=181) to work on /opt/airflow/dags/finsight_etl_dag.py
[2026-05-02T15:42:49.265+0000] {processor.py:830} INFO - Processing file /opt/airflow/dags/finsight_etl_dag.py for tasks to queue
[2026-05-02T15:42:49.268+0000] {logging_mixin.py:188} INFO - [2026-05-02T15:42:49.267+0000] {dagbag.py:545} INFO - Filling up the DagBag from /opt/airflow/dags/finsight_etl_dag.py
[2026-05-02T15:42:49.348+0000] {processor.py:840} INFO - DAG(s) 'finsight_etl' retrieved from /opt/airflow/dags/finsight_etl_dag.py
[2026-05-02T15:42:49.407+0000] {logging_mixin.py:188} INFO - [2026-05-02T15:42:49.406+0000] {dag.py:3089} INFO - Sync 1 DAGs
[2026-05-02T15:42:49.453+0000] {logging_mixin.py:188} INFO - [2026-05-02T15:42:49.452+0000] {dag.py:3947} INFO - Setting next_dagrun for finsight_etl to 2026-05-01 00:00:00+00:00, run_after=2026-05-02 00:00:00+00:00
[2026-05-02T15:42:49.483+0000] {processor.py:183} INFO - Processing /opt/airflow/dags/finsight_etl_dag.py took 0.231 seconds
[2026-05-02T15:43:19.806+0000] {processor.py:161} INFO - Started process (PID=197) to work on /opt/airflow/dags/finsight_etl_dag.py
[2026-05-02T15:43:19.808+0000] {processor.py:830} INFO - Processing file /opt/airflow/dags/finsight_etl_dag.py for tasks to queue
[2026-05-02T15:43:19.811+0000] {logging_mixin.py:188} INFO - [2026-05-02T15:43:19.811+0000] {dagbag.py:545} INFO - Filling up the DagBag from /opt/airflow/dags/finsight_etl_dag.py
[2026-05-02T15:43:19.857+0000] {processor.py:840} INFO - DAG(s) 'finsight_etl' retrieved from /opt/airflow/dags/finsight_etl_dag.py
[2026-05-02T15:43:20.508+0000] {logging_mixin.py:188} INFO - [2026-05-02T15:43:20.507+0000] {dag.py:3089} INFO - Sync 1 DAGs
[2026-05-02T15:43:20.561+0000] {logging_mixin.py:188} INFO - [2026-05-02T15:43:20.559+0000] {dag.py:3947} INFO - Setting next_dagrun for finsight_etl to 2026-05-01 00:00:00+00:00, run_after=2026-05-02 00:00:00+00:00
[2026-05-02T15:43:20.592+0000] {processor.py:183} INFO - Processing /opt/airflow/dags/finsight_etl_dag.py took 0.799 seconds
[2026-05-02T15:43:50.754+0000] {processor.py:161} INFO - Started process (PID=208) to work on /opt/airflow/dags/finsight_etl_dag.py
[2026-05-02T15:43:50.756+0000] {processor.py:830} INFO - Processing file /opt/airflow/dags/finsight_etl_dag.py for tasks to queue
[2026-05-02T15:43:50.759+0000] {logging_mixin.py:188} INFO - [2026-05-02T15:43:50.758+0000] {dagbag.py:545} INFO - Filling up the DagBag from /opt/airflow/dags/finsight_etl_dag.py
[2026-05-02T15:43:50.796+0000] {processor.py:840} INFO - DAG(s) 'finsight_etl' retrieved from /opt/airflow/dags/finsight_etl_dag.py
[2026-05-02T15:43:50.853+0000] {logging_mixin.py:188} INFO - [2026-05-02T15:43:50.853+0000] {dag.py:3089} INFO - Sync 1 DAGs
[2026-05-02T15:43:50.892+0000] {logging_mixin.py:188} INFO - [2026-05-02T15:43:50.892+0000] {dag.py:3947} INFO - Setting next_dagrun for finsight_etl to 2026-05-01 00:00:00+00:00, run_after=2026-05-02 00:00:00+00:00
[2026-05-02T15:43:50.927+0000] {processor.py:183} INFO - Processing /opt/airflow/dags/finsight_etl_dag.py took 0.187 seconds
[2026-05-02T15:44:21.068+0000] {processor.py:161} INFO - Started process (PID=219) to work on /opt/airflow/dags/finsight_etl_dag.py
[2026-05-02T15:44:21.070+0000] {processor.py:830} INFO - Processing file /opt/airflow/dags/finsight_etl_dag.py for tasks to queue
[2026-05-02T15:44:21.074+0000] {logging_mixin.py:188} INFO - [2026-05-02T15:44:21.073+0000] {dagbag.py:545} INFO - Filling up the DagBag from /opt/airflow/dags/finsight_etl_dag.py
[2026-05-02T15:44:21.124+0000] {processor.py:840} INFO - DAG(s) 'finsight_etl' retrieved from /opt/airflow/dags/finsight_etl_dag.py
[2026-05-02T15:44:21.199+0000] {logging_mixin.py:188} INFO - [2026-05-02T15:44:21.198+0000] {dag.py:3089} INFO - Sync 1 DAGs
[2026-05-02T15:44:21.261+0000] {logging_mixin.py:188} INFO - [2026-05-02T15:44:21.261+0000] {dag.py:3947} INFO - Setting next_dagrun for finsight_etl to 2026-05-01 00:00:00+00:00, run_after=2026-05-02 00:00:00+00:00
[2026-05-02T15:44:21.303+0000] {processor.py:183} INFO - Processing /opt/airflow/dags/finsight_etl_dag.py took 0.248 seconds
[2026-05-02T15:44:51.427+0000] {processor.py:161} INFO - Started process (PID=230) to work on /opt/airflow/dags/finsight_etl_dag.py
[2026-05-02T15:44:51.428+0000] {processor.py:830} INFO - Processing file /opt/airflow/dags/finsight_etl_dag.py for tasks to queue
[2026-05-02T15:44:51.432+0000] {logging_mixin.py:188} INFO - [2026-05-02T15:44:51.431+0000] {dagbag.py:545} INFO - Filling up the DagBag from /opt/airflow/dags/finsight_etl_dag.py
[2026-05-02T15:44:51.475+0000] {processor.py:840} INFO - DAG(s) 'finsight_etl' retrieved from /opt/airflow/dags/finsight_etl_dag.py
[2026-05-02T15:44:51.532+0000] {logging_mixin.py:188} INFO - [2026-05-02T15:44:51.531+0000] {dag.py:3089} INFO - Sync 1 DAGs
[2026-05-02T15:44:51.584+0000] {logging_mixin.py:188} INFO - [2026-05-02T15:44:51.583+0000] {dag.py:3947} INFO - Setting next_dagrun for finsight_etl to 2026-05-01 00:00:00+00:00, run_after=2026-05-02 00:00:00+00:00
[2026-05-02T15:44:51.849+0000] {processor.py:183} INFO - Processing /opt/airflow/dags/finsight_etl_dag.py took 0.435 seconds
[2026-05-02T15:45:22.139+0000] {processor.py:161} INFO - Started process (PID=242) to work on /opt/airflow/dags/finsight_etl_dag.py
[2026-05-02T15:45:22.142+0000] {processor.py:830} INFO - Processing file /opt/airflow/dags/finsight_etl_dag.py for tasks to queue
[2026-05-02T15:45:22.148+0000] {logging_mixin.py:188} INFO - [2026-05-02T15:45:22.147+0000] {dagbag.py:545} INFO - Filling up the DagBag from /opt/airflow/dags/finsight_etl_dag.py
[2026-05-02T15:45:22.203+0000] {processor.py:840} INFO - DAG(s) 'finsight_etl' retrieved from /opt/airflow/dags/finsight_etl_dag.py
[2026-05-02T15:45:22.291+0000] {logging_mixin.py:188} INFO - [2026-05-02T15:45:22.291+0000] {dag.py:3089} INFO - Sync 1 DAGs
[2026-05-02T15:45:22.661+0000] {logging_mixin.py:188} INFO - [2026-05-02T15:45:22.660+0000] {dag.py:3947} INFO - Setting next_dagrun for finsight_etl to 2026-05-01 00:00:00+00:00, run_after=2026-05-02 00:00:00+00:00
[2026-05-02T15:45:22.694+0000] {processor.py:183} INFO - Processing /opt/airflow/dags/finsight_etl_dag.py took 0.574 seconds
[2026-05-02T15:45:52.984+0000] {processor.py:161} INFO - Started process (PID=247) to work on /opt/airflow/dags/finsight_etl_dag.py
[2026-05-02T15:45:52.986+0000] {processor.py:830} INFO - Processing file /opt/airflow/dags/finsight_etl_dag.py for tasks to queue
[2026-05-02T15:45:52.989+0000] {logging_mixin.py:188} INFO - [2026-05-02T15:45:52.989+0000] {dagbag.py:545} INFO - Filling up the DagBag from /opt/airflow/dags/finsight_etl_dag.py
[2026-05-02T15:45:53.037+0000] {processor.py:840} INFO - DAG(s) 'finsight_etl' retrieved from /opt/airflow/dags/finsight_etl_dag.py
[2026-05-02T15:45:53.392+0000] {logging_mixin.py:188} INFO - [2026-05-02T15:45:53.392+0000] {dag.py:3089} INFO - Sync 1 DAGs
[2026-05-02T15:45:53.437+0000] {logging_mixin.py:188} INFO - [2026-05-02T15:45:53.436+0000] {dag.py:3947} INFO - Setting next_dagrun for finsight_etl to 2026-05-01 00:00:00+00:00, run_after=2026-05-02 00:00:00+00:00
[2026-05-02T15:45:53.472+0000] {processor.py:183} INFO - Processing /opt/airflow/dags/finsight_etl_dag.py took 0.501 seconds
[2026-05-02T15:46:24.084+0000] {processor.py:161} INFO - Started process (PID=259) to work on /opt/airflow/dags/finsight_etl_dag.py
[2026-05-02T15:46:24.086+0000] {processor.py:830} INFO - Processing file /opt/airflow/dags/finsight_etl_dag.py for tasks to queue
[2026-05-02T15:46:24.090+0000] {logging_mixin.py:188} INFO - [2026-05-02T15:46:24.090+0000] {dagbag.py:545} INFO - Filling up the DagBag from /opt/airflow/dags/finsight_etl_dag.py
[2026-05-02T15:46:24.144+0000] {processor.py:840} INFO - DAG(s) 'finsight_etl' retrieved from /opt/airflow/dags/finsight_etl_dag.py
[2026-05-02T15:46:24.224+0000] {logging_mixin.py:188} INFO - [2026-05-02T15:46:24.223+0000] {dag.py:3089} INFO - Sync 1 DAGs
[2026-05-02T15:46:24.273+0000] {logging_mixin.py:188} INFO - [2026-05-02T15:46:24.273+0000] {dag.py:3947} INFO - Setting next_dagrun for finsight_etl to 2026-05-01 00:00:00+00:00, run_after=2026-05-02 00:00:00+00:00
[2026-05-02T15:46:24.421+0000] {processor.py:183} INFO - Processing /opt/airflow/dags/finsight_etl_dag.py took 0.352 seconds
[2026-05-02T15:46:54.694+0000] {processor.py:161} INFO - Started process (PID=270) to work on /opt/airflow/dags/finsight_etl_dag.py
[2026-05-02T15:46:54.696+0000] {processor.py:830} INFO - Processing file /opt/airflow/dags/finsight_etl_dag.py for tasks to queue
[2026-05-02T15:46:54.700+0000] {logging_mixin.py:188} INFO - [2026-05-02T15:46:54.699+0000] {dagbag.py:545} INFO - Filling up the DagBag from /opt/airflow/dags/finsight_etl_dag.py
[2026-05-02T15:46:54.748+0000] {processor.py:840} INFO - DAG(s) 'finsight_etl' retrieved from /opt/airflow/dags/finsight_etl_dag.py
[2026-05-02T15:46:54.829+0000] {logging_mixin.py:188} INFO - [2026-05-02T15:46:54.829+0000] {dag.py:3089} INFO - Sync 1 DAGs
[2026-05-02T15:46:54.888+0000] {logging_mixin.py:188} INFO - [2026-05-02T15:46:54.888+0000] {dag.py:3947} INFO - Setting next_dagrun for finsight_etl to 2026-05-01 00:00:00+00:00, run_after=2026-05-02 00:00:00+00:00
[2026-05-02T15:46:54.933+0000] {processor.py:183} INFO - Processing /opt/airflow/dags/finsight_etl_dag.py took 0.257 seconds
[2026-05-02T15:47:25.234+0000] {processor.py:161} INFO - Started process (PID=281) to work on /opt/airflow/dags/finsight_etl_dag.py
[2026-05-02T15:47:25.237+0000] {processor.py:830} INFO - Processing file /opt/airflow/dags/finsight_etl_dag.py for tasks to queue
[2026-05-02T15:47:25.241+0000] {logging_mixin.py:188} INFO - [2026-05-02T15:47:25.240+0000] {dagbag.py:545} INFO - Filling up the DagBag from /opt/airflow/dags/finsight_etl_dag.py
[2026-05-02T15:47:25.295+0000] {processor.py:840} INFO - DAG(s) 'finsight_etl' retrieved from /opt/airflow/dags/finsight_etl_dag.py
[2026-05-02T15:47:25.374+0000] {logging_mixin.py:188} INFO - [2026-05-02T15:47:25.374+0000] {dag.py:3089} INFO - Sync 1 DAGs
[2026-05-02T15:47:25.421+0000] {logging_mixin.py:188} INFO - [2026-05-02T15:47:25.420+0000] {dag.py:3947} INFO - Setting next_dagrun for finsight_etl to 2026-05-01 00:00:00+00:00, run_after=2026-05-02 00:00:00+00:00
[2026-05-02T15:47:25.455+0000] {processor.py:183} INFO - Processing /opt/airflow/dags/finsight_etl_dag.py took 0.237 seconds
[2026-05-02T15:47:55.787+0000] {processor.py:161} INFO - Started process (PID=292) to work on /opt/airflow/dags/finsight_etl_dag.py
[2026-05-02T15:47:55.789+0000] {processor.py:830} INFO - Processing file /opt/airflow/dags/finsight_etl_dag.py for tasks to queue
[2026-05-02T15:47:55.792+0000] {logging_mixin.py:188} INFO - [2026-05-02T15:47:55.792+0000] {dagbag.py:545} INFO - Filling up the DagBag from /opt/airflow/dags/finsight_etl_dag.py
[2026-05-02T15:47:55.835+0000] {processor.py:840} INFO - DAG(s) 'finsight_etl' retrieved from /opt/airflow/dags/finsight_etl_dag.py
[2026-05-02T15:47:55.914+0000] {logging_mixin.py:188} INFO - [2026-05-02T15:47:55.913+0000] {dag.py:3089} INFO - Sync 1 DAGs
[2026-05-02T15:47:55.975+0000] {logging_mixin.py:188} INFO - [2026-05-02T15:47:55.975+0000] {dag.py:3947} INFO - Setting next_dagrun for finsight_etl to 2026-05-01 00:00:00+00:00, run_after=2026-05-02 00:00:00+00:00
[2026-05-02T15:47:56.019+0000] {processor.py:183} INFO - Processing /opt/airflow/dags/finsight_etl_dag.py took 0.246 seconds
[2026-05-02T15:48:26.298+0000] {processor.py:161} INFO - Started process (PID=303) to work on /opt/airflow/dags/finsight_etl_dag.py
[2026-05-02T15:48:26.300+0000] {processor.py:830} INFO - Processing file /opt/airflow/dags/finsight_etl_dag.py for tasks to queue
[2026-05-02T15:48:26.303+0000] {logging_mixin.py:188} INFO - [2026-05-02T15:48:26.303+0000] {dagbag.py:545} INFO - Filling up the DagBag from /opt/airflow/dags/finsight_etl_dag.py
[2026-05-02T15:48:26.348+0000] {processor.py:840} INFO - DAG(s) 'finsight_etl' retrieved from /opt/airflow/dags/finsight_etl_dag.py
[2026-05-02T15:48:26.424+0000] {logging_mixin.py:188} INFO - [2026-05-02T15:48:26.424+0000] {dag.py:3089} INFO - Sync 1 DAGs
[2026-05-02T15:48:26.470+0000] {logging_mixin.py:188} INFO - [2026-05-02T15:48:26.470+0000] {dag.py:3947} INFO - Setting next_dagrun for finsight_etl to 2026-05-01 00:00:00+00:00, run_after=2026-05-02 00:00:00+00:00
[2026-05-02T15:48:26.502+0000] {processor.py:183} INFO - Processing /opt/airflow/dags/finsight_etl_dag.py took 0.218 seconds
[2026-05-02T15:48:56.765+0000] {processor.py:161} INFO - Started process (PID=314) to work on /opt/airflow/dags/finsight_etl_dag.py
[2026-05-02T15:48:56.767+0000] {processor.py:830} INFO - Processing file /opt/airflow/dags/finsight_etl_dag.py for tasks to queue
[2026-05-02T15:48:56.771+0000] {logging_mixin.py:188} INFO - [2026-05-02T15:48:56.770+0000] {dagbag.py:545} INFO - Filling up the DagBag from /opt/airflow/dags/finsight_etl_dag.py
[2026-05-02T15:48:56.814+0000] {processor.py:840} INFO - DAG(s) 'finsight_etl' retrieved from /opt/airflow/dags/finsight_etl_dag.py
[2026-05-02T15:48:56.889+0000] {logging_mixin.py:188} INFO - [2026-05-02T15:48:56.888+0000] {dag.py:3089} INFO - Sync 1 DAGs
[2026-05-02T15:48:56.948+0000] {logging_mixin.py:188} INFO - [2026-05-02T15:48:56.948+0000] {dag.py:3947} INFO - Setting next_dagrun for finsight_etl to 2026-05-01 00:00:00+00:00, run_after=2026-05-02 00:00:00+00:00
[2026-05-02T15:48:56.987+0000] {processor.py:183} INFO - Processing /opt/airflow/dags/finsight_etl_dag.py took 0.235 seconds
[2026-05-02T15:49:27.080+0000] {processor.py:161} INFO - Started process (PID=325) to work on /opt/airflow/dags/finsight_etl_dag.py
[2026-05-02T15:49:27.082+0000] {processor.py:830} INFO - Processing file /opt/airflow/dags/finsight_etl_dag.py for tasks to queue
[2026-05-02T15:49:27.085+0000] {logging_mixin.py:188} INFO - [2026-05-02T15:49:27.084+0000] {dagbag.py:545} INFO - Filling up the DagBag from /opt/airflow/dags/finsight_etl_dag.py
[2026-05-02T15:49:27.131+0000] {processor.py:840} INFO - DAG(s) 'finsight_etl' retrieved from /opt/airflow/dags/finsight_etl_dag.py
[2026-05-02T15:49:27.195+0000] {logging_mixin.py:188} INFO - [2026-05-02T15:49:27.195+0000] {dag.py:3089} INFO - Sync 1 DAGs
[2026-05-02T15:49:27.237+0000] {logging_mixin.py:188} INFO - [2026-05-02T15:49:27.236+0000] {dag.py:3947} INFO - Setting next_dagrun for finsight_etl to 2026-05-01 00:00:00+00:00, run_after=2026-05-02 00:00:00+00:00
[2026-05-02T15:49:27.284+0000] {processor.py:183} INFO - Processing /opt/airflow/dags/finsight_etl_dag.py took 0.215 seconds
[2026-05-02T15:49:57.493+0000] {processor.py:161} INFO - Started process (PID=335) to work on /opt/airflow/dags/finsight_etl_dag.py
[2026-05-02T15:49:57.496+0000] {processor.py:830} INFO - Processing file /opt/airflow/dags/finsight_etl_dag.py for tasks to queue
[2026-05-02T15:49:57.503+0000] {logging_mixin.py:188} INFO - [2026-05-02T15:49:57.501+0000] {dagbag.py:545} INFO - Filling up the DagBag from /opt/airflow/dags/finsight_etl_dag.py
[2026-05-02T15:49:57.566+0000] {processor.py:840} INFO - DAG(s) 'finsight_etl' retrieved from /opt/airflow/dags/finsight_etl_dag.py
[2026-05-02T15:49:57.645+0000] {logging_mixin.py:188} INFO - [2026-05-02T15:49:57.645+0000] {dag.py:3089} INFO - Sync 1 DAGs
[2026-05-02T15:49:57.700+0000] {logging_mixin.py:188} INFO - [2026-05-02T15:49:57.699+0000] {dag.py:3947} INFO - Setting next_dagrun for finsight_etl to 2026-05-01 00:00:00+00:00, run_after=2026-05-02 00:00:00+00:00
[2026-05-02T15:49:57.748+0000] {processor.py:183} INFO - Processing /opt/airflow/dags/finsight_etl_dag.py took 0.277 seconds
[2026-05-02T15:50:28.032+0000] {processor.py:161} INFO - Started process (PID=340) to work on /opt/airflow/dags/finsight_etl_dag.py
[2026-05-02T15:50:28.034+0000] {processor.py:830} INFO - Processing file /opt/airflow/dags/finsight_etl_dag.py for tasks to queue
[2026-05-02T15:50:28.038+0000] {logging_mixin.py:188} INFO - [2026-05-02T15:50:28.037+0000] {dagbag.py:545} INFO - Filling up the DagBag from /opt/airflow/dags/finsight_etl_dag.py
[2026-05-02T15:50:28.081+0000] {processor.py:840} INFO - DAG(s) 'finsight_etl' retrieved from /opt/airflow/dags/finsight_etl_dag.py
[2026-05-02T15:50:28.155+0000] {logging_mixin.py:188} INFO - [2026-05-02T15:50:28.155+0000] {dag.py:3089} INFO - Sync 1 DAGs
[2026-05-02T15:50:28.210+0000] {logging_mixin.py:188} INFO - [2026-05-02T15:50:28.209+0000] {dag.py:3947} INFO - Setting next_dagrun for finsight_etl to 2026-05-01 00:00:00+00:00, run_after=2026-05-02 00:00:00+00:00
[2026-05-02T15:50:28.253+0000] {processor.py:183} INFO - Processing /opt/airflow/dags/finsight_etl_dag.py took 0.236 seconds
[2026-05-02T15:50:58.706+0000] {processor.py:161} INFO - Started process (PID=351) to work on /opt/airflow/dags/finsight_etl_dag.py
[2026-05-02T15:50:58.720+0000] {processor.py:830} INFO - Processing file /opt/airflow/dags/finsight_etl_dag.py for tasks to queue
[2026-05-02T15:50:58.739+0000] {logging_mixin.py:188} INFO - [2026-05-02T15:50:58.738+0000] {dagbag.py:545} INFO - Filling up the DagBag from /opt/airflow/dags/finsight_etl_dag.py
[2026-05-02T15:50:58.883+0000] {processor.py:840} INFO - DAG(s) 'finsight_etl' retrieved from /opt/airflow/dags/finsight_etl_dag.py
[2026-05-02T15:50:59.136+0000] {logging_mixin.py:188} INFO - [2026-05-02T15:50:59.136+0000] {dag.py:3089} INFO - Sync 1 DAGs
[2026-05-02T15:50:59.286+0000] {logging_mixin.py:188} INFO - [2026-05-02T15:50:59.285+0000] {dag.py:3947} INFO - Setting next_dagrun for finsight_etl to 2026-05-01 00:00:00+00:00, run_after=2026-05-02 00:00:00+00:00
[2026-05-02T15:50:59.375+0000] {processor.py:183} INFO - Processing /opt/airflow/dags/finsight_etl_dag.py took 0.751 seconds
[2026-05-02T15:51:53.397+0000] {processor.py:161} INFO - Started process (PID=180) to work on /opt/airflow/dags/finsight_etl_dag.py
[2026-05-02T15:51:53.403+0000] {processor.py:830} INFO - Processing file /opt/airflow/dags/finsight_etl_dag.py for tasks to queue
[2026-05-02T15:51:53.414+0000] {logging_mixin.py:188} INFO - [2026-05-02T15:51:53.413+0000] {dagbag.py:545} INFO - Filling up the DagBag from /opt/airflow/dags/finsight_etl_dag.py
[2026-05-02T15:51:53.557+0000] {processor.py:840} INFO - DAG(s) 'finsight_etl' retrieved from /opt/airflow/dags/finsight_etl_dag.py
[2026-05-02T15:51:54.264+0000] {logging_mixin.py:188} INFO - [2026-05-02T15:51:54.263+0000] {dag.py:3089} INFO - Sync 1 DAGs
[2026-05-02T15:51:54.339+0000] {logging_mixin.py:188} INFO - [2026-05-02T15:51:54.339+0000] {dag.py:3947} INFO - Setting next_dagrun for finsight_etl to 2026-05-01 00:00:00+00:00, run_after=2026-05-02 00:00:00+00:00
[2026-05-02T15:51:55.076+0000] {processor.py:183} INFO - Processing /opt/airflow/dags/finsight_etl_dag.py took 1.721 seconds
[2026-05-02T15:52:25.383+0000] {processor.py:161} INFO - Started process (PID=191) to work on /opt/airflow/dags/finsight_etl_dag.py
[2026-05-02T15:52:25.385+0000] {processor.py:830} INFO - Processing file /opt/airflow/dags/finsight_etl_dag.py for tasks to queue
[2026-05-02T15:52:25.389+0000] {logging_mixin.py:188} INFO - [2026-05-02T15:52:25.389+0000] {dagbag.py:545} INFO - Filling up the DagBag from /opt/airflow/dags/finsight_etl_dag.py
[2026-05-02T15:52:25.436+0000] {processor.py:840} INFO - DAG(s) 'finsight_etl' retrieved from /opt/airflow/dags/finsight_etl_dag.py
[2026-05-02T15:52:25.536+0000] {logging_mixin.py:188} INFO - [2026-05-02T15:52:25.535+0000] {dag.py:3089} INFO - Sync 1 DAGs
[2026-05-02T15:52:25.618+0000] {logging_mixin.py:188} INFO - [2026-05-02T15:52:25.618+0000] {dag.py:3947} INFO - Setting next_dagrun for finsight_etl to 2026-05-01 00:00:00+00:00, run_after=2026-05-02 00:00:00+00:00
[2026-05-02T15:52:25.652+0000] {processor.py:183} INFO - Processing /opt/airflow/dags/finsight_etl_dag.py took 0.282 seconds
[2026-05-02T15:52:56.379+0000] {processor.py:161} INFO - Started process (PID=202) to work on /opt/airflow/dags/finsight_etl_dag.py
[2026-05-02T15:52:56.384+0000] {processor.py:830} INFO - Processing file /opt/airflow/dags/finsight_etl_dag.py for tasks to queue
[2026-05-02T15:52:56.389+0000] {logging_mixin.py:188} INFO - [2026-05-02T15:52:56.389+0000] {dagbag.py:545} INFO - Filling up the DagBag from /opt/airflow/dags/finsight_etl_dag.py
[2026-05-02T15:52:56.482+0000] {processor.py:840} INFO - DAG(s) 'finsight_etl' retrieved from /opt/airflow/dags/finsight_etl_dag.py
[2026-05-02T15:52:56.584+0000] {logging_mixin.py:188} INFO - [2026-05-02T15:52:56.584+0000] {dag.py:3089} INFO - Sync 1 DAGs
[2026-05-02T15:52:56.640+0000] {logging_mixin.py:188} INFO - [2026-05-02T15:52:56.640+0000] {dag.py:3947} INFO - Setting next_dagrun for finsight_etl to 2026-05-01 00:00:00+00:00, run_after=2026-05-02 00:00:00+00:00
[2026-05-02T15:52:56.675+0000] {processor.py:183} INFO - Processing /opt/airflow/dags/finsight_etl_dag.py took 0.316 seconds
